key,item_type,year,authors,title,publication,has_abstract,collections,primary_page,candidate,related_pages,tags,confidence,rule,score,runner_up,link
WVLBQ8GV,journalArticle,2016,Abdel-Ghany et al.,Closed Solar House with Radiation Filtering Roof for Transplant Production in Arid Regions: Energy Consumption,Energies,y,2 Controlled Environment Agriculture / 2.1 Greenhouses and Growth chambers | 2 Controlled Environment Agriculture,Greenhouse_Horticulture,,,,medium,collection-prior,3,Photosynthesis_and_Gas_Exchange,https://doi.org/10.3390/en9030136
43DMK9F2,journalArticle,1997,Adams & Faure,Global land environments since the last interglacial,"Oak Ridge National Laboratory, TN, USA",y,2 Controlled Environment Agriculture,Unsorted,,,#needs-topic,low,no-signal,0,,http://www.esd.ornl.gov/ern/qen/nerc.html
U2HAHTFG,journalArticle,2017,Agnew et al.,Whole-Plant Manual and Image-Based Phenotyping in Controlled Environments,Current Protocols in Plant Biology,y,0 Articles / 6 Image and color analysis / Image analysis and Phenotyping,Plant_Phenotyping_and_Image_Analysis,,,,high,content(9),9,Greenhouse_Horticulture,https://doi.org/10.1002/cppb.20044
8CBVMPIM,report,2017,Agrilyst,State of Indoor Farming,,y,2 Controlled Environment Agriculture / 2.2 Vertical Farming,Vertical_Farming_and_Urban_Agriculture,,,,high,content(6),6,,https://artemisag.com/wp-content/uploads/2019/06/stateofindoorfarming-report-2017.pdf
UTXW987G,journalArticle,2011,Agroui et al.,Indoor and outdoor photovoltaic modules Performances based on thin films solar cells,Revue des Energies Renouvelables,,5 Photovoltaics / 5.4 PV Performance and Monitoring,PV_Cell_and_Module_Technologies,,PV_System_Performance,#project/msc-thesis/4-2,high,"content-over-collection(PV_System_Performance -> PV_Cell_and_Module_Technologies, 10)",10,PV_System_Performance,
KVANXRHH,journalArticle,2018,Ahamed et al.,Heating demand and economic feasibility analysis for year-round vegetable production in Canadian Prairies greenhouses,Information Processing in Agriculture,y,0 Articles / 5 Agrivoltacis / Solar Greenhouse,Greenhouse_Horticulture,,"Agrivoltaics, PV_Greenhouses",,medium,"content-over-collection(PV_Greenhouses -> Greenhouse_Horticulture, 7)",7,PV_Economics_and_LCA,https://doi.org/10.1016/j.inpa.2018.08.005
3CU5ABWD,bookSection,2017,Ahmad et al.,Measurement of Sunshine Duration,Experimental Agrometeorology: A Practical Manual,y,0 Articles / 5 Agrivoltacis / Energy calculation,PAR_and_Spectral_Radiation,,Solar_Radiation_Modelling,#project/light-model,medium,collection-prior,2,,https://doi.org/10.1007/978-3-319-69185-5_6
7EYWY9SF,patent,,,Method and means for acclimatizing seedlings for outdoor life,,,0 Articles / 3 Light shock,Frost_Hardiness_and_Freezing_Tests,,"Photosynthesis_and_Gas_Exchange, Photoinhibition_and_Light_Stress",,medium,"content-over-collection(Photoinhibition_and_Light_Stress -> Frost_Hardiness_and_Freezing_Tests, 6)",6,Forest_Seedling_Production,https://patents.google.com/patent/US20130008085A1/en
I5P6BGX3,journalArticle,2016,Ajay Gokul & Sheeja,Vertical Farming: a novel farming technology,International Journal of Modern Trends in Engineering and Research,,2 Controlled Environment Agriculture / 2.1 Greenhouses and Growth chambers | 2 Controlled Environment Agriculture / 2.2 Vertical Farming | 2 Controlled Environment Agriculture,Vertical_Farming_and_Urban_Agriculture,,Greenhouse_Horticulture,,medium,"content-over-collection(Greenhouse_Horticulture -> Vertical_Farming_and_Urban_Agriculture, 6)",6,,http://www.ijmter.com/papers/volume-3/issue-7/vertical-farming-a-novel-farming-technology.pdf
HHGRPNJS,journalArticle,2015,Akitsu et al.,"On the stability of radiometric ratios of photosynthetically active radiation to global solar radiation in Tsukuba, Japan",Agricultural and Forest Meteorology,y,,PAR_and_Spectral_Radiation,,Solar_Radiation_Modelling,#project/light-model,high,content(12),12,Solar_Radiation_Modelling,https://doi.org/10.1016/j.agrformet.2015.04.026
K5SZ9VQ9,journalArticle,2000,Alados-Arboledas et al.,Parametric models to estimate photosynthetically active radiation in Spain,Agricultural and Forest Meteorology,y,0 Articles / 4 DLI and supplementary light / 01 DLI / Supplementary light control | 0 Articles / 4 DLI and supplementary light / 05 Greenhouse energy | 0 Articles / 5 Agrivoltacis / Energy calculation,PAR_and_Spectral_Radiation,,"Radiometry_and_Photometry, Greenhouse_Horticulture, Lighting_Strategy_and_Control",#project/light-model,medium,"content-over-collection(Lighting_Strategy_and_Control -> PAR_and_Spectral_Radiation, 6)",6,Radiometry_and_Photometry,https://doi.org/10.1016/S0168-1923(99)00163-X
Q3F37N5D,journalArticle,2002,Alados et al.,Improved estimation of diffuse photosynthetically active radiation using two spectral models,Agricultural and Forest Meteorology,y,0 Articles / 4 DLI and supplementary light / 01 DLI / Supplementary light control,PAR_and_Spectral_Radiation,,"Radiometry_and_Photometry, Greenhouse_Horticulture, Lighting_Strategy_and_Control",,high,"content-over-collection(Lighting_Strategy_and_Control -> PAR_and_Spectral_Radiation, 9)",9,Radiometry_and_Photometry,https://doi.org/10.1016/S0168-1923(02)00010-2
LN97FDQW,journalArticle,1996,Alados et al.,Photosynthetically active radiation: measurements and modelling,Agricultural and Forest Meteorology,y,0 Articles / 1 Ligh Spectra and Light Intensity / Light Intensity and gas exchange / DLI | 1 Forestry / 1.1 Seedling Performance / 1.1.1 Photosynthesis | 3 Photobiology / Spectra | 4 Energy / 4.1 Solar Radiation | 4 Energy,PAR_and_Spectral_Radiation,,"PV_Standards_and_Measurement, Lighting_Strategy_and_Control, Photosynthesis_and_Gas_Exchange",,medium,"content-over-collection(Lighting_Strategy_and_Control -> PAR_and_Spectral_Radiation, 6)",6,PV_Standards_and_Measurement,https://doi.org/10.1016/0168-1923(95)02245-7
9ZIGF5NK,journalArticle,2019,Alakärppä et al.,Early growth of Scots pine seedlings is affected by seed origin and light quality,Journal of Plant Physiology,y,0 Articles / 4 DLI and supplementary light / 03 LED seedling cultivation | 0 Articles / 0 Thesis | 0 Articles / 1 Ligh Spectra and Light Intensity | 0 Articles / 4 DLI and supplementary light,Light_Quality_and_Photomorphogenesis,,"Horticultural_Lighting, Forest_Seedling_Production, Lighting_Strategy_and_Control",#project/thesis #species/pinus-sylvestris #region/finland,high,"content-over-collection(Horticultural_Lighting -> Light_Quality_and_Photomorphogenesis, 21)",21,Horticultural_Lighting,https://doi.org/10.1016/j.jplph.2019.03.012
3666XMFE,report,2007,Alamaro,Large-Scale Greenhouses attached to power plants for the productive use of waste heat and CO2 emissions,,,2 Controlled Environment Agriculture / 2.1 Greenhouses and Growth chambers | 2 Controlled Environment Agriculture / 2.2 Vertical Farming | 2 Controlled Environment Agriculture,Greenhouse_Horticulture,,Vertical_Farming_and_Urban_Agriculture,,high,content(10),10,,http://web.mit.edu/alamaro/www/GreenhouseConcept.pdf
C6ANFF7H,book,1996,Albright & Langhans,Controlled Environment Agriculture Scoping Study,Electric Power Research Institute,,2 Controlled Environment Agriculture / 2.1 Greenhouses and Growth chambers | 2 Controlled Environment Agriculture,Greenhouse_Horticulture,,,,high,collection-prior,0,,
7BKMZQLP,journalArticle,2000,Albright et al.,Controlling greenhouse light to a consistent daily integral,Transactions of the ASAE,,0 Articles / 4 DLI and supplementary light / 02 Dynamic control | 0 Articles / 5 Agrivoltacis / Energy calculation | 0 Articles / 4 DLI and supplementary light | 0 Articles / 5 Agrivoltacis,Lighting_Strategy_and_Control,,"Greenhouse_Horticulture, PAR_and_Spectral_Radiation, Agrivoltaics",#project/light-model,medium,collection-prior,4,,
SD6CKTHU,report,1999,Aldentun,Inventering av livscykeldata för plantproduktion,,,2 Controlled Environment Agriculture / 2.1 Greenhouses and Growth chambers | 2 Controlled Environment Agriculture,Greenhouse_Horticulture,,,,high,collection-prior,0,,http://www.skogforsk.se/contentassets/aabc0ef067734f42b365a8ff74ffc5e7/arbetsrapport-414-1999.pdf
CZXTGX65,book,1994,Aldrich & Bartok,Greenhouse Engineering,Northeast Regional Agricultural Engineering Service,,0 Articles / 5 Agrivoltacis / Energy calculation,Greenhouse_Horticulture,,"Solar_Radiation_Modelling, PAR_and_Spectral_Radiation",#project/light-model,high,manual:greenhouse engineering textbook,4,,
XNU8CSRP,journalArticle,2017,Aleksandrowicz-Trzcińska et al.,Effects of Reforestation and Site Preparation Methods on Early Growth and Survival of Scots Pine ( Pinus sylvestris  L.) in South-Eastern Poland,Forests,y,1 Forestry / 2 Forest regeneration,Forest_Regeneration,,,#project/course-reading #species/pinus-sylvestris,high,content(21),21,Forest_Seedling_Production,https://doi.org/10.3390/f8110421
8AMMUVPS,conferencePaper,2011,Allet et al.,Evaluation of PV System Performance of Five Different PV Module Technologies,,y,5 Photovoltaics / 5.4 PV Performance and Monitoring,PV_Standards_and_Measurement,,"PV_Cell_and_Module_Technologies, PV_System_Performance",#project/msc-thesis/4-2,high,"content-over-collection(PV_System_Performance -> PV_Standards_and_Measurement, 11)",11,PV_Cell_and_Module_Technologies,https://doi.org/10.4229/26thEUPVSEC2011-4DO.6.2
DXE2AZBN,bookSection,2017,Allkin,"Useful Plants – Medicines: At Least 28,187 Plant Species are Currently Recorded as Being of Medicinal Use",State of the World's Plants 2017,y,Medicinal plants,Unsorted,,Agriculture,#needs-topic,high,collection-prior,0,,http://www.ncbi.nlm.nih.gov/books/NBK464488/
LPZRRRFG,journalArticle,1926,Allmand,Einstein's law of photochemical equivalence. Introductory address to Part I,Transactions of the Faraday Society,y,,Radiometry_and_Photometry,,,,high,content(6),6,,https://doi.org/10.1039/TF9262100438
VQNZG9R5,journalArticle,2008,Almqvist et al.,Granfröplantagerna–en guldgruva för skogsbruket,"Skogforsk, Resultat",,,Swedish_Forestry,,,,high,content(6),6,,
8TLYPIYX,report,2010,Almqvist et al.,"Improved Forest Regeneration Material in Sweden 2010-2050 – supply and needs, and measures to minimize shortage and maximize genetic gain",,,0 Articles / 1 Ligh Spectra and Light Intensity / Light spectra and field trial | 6 Thesis / Material and equipment used,Tree_Breeding_and_Propagation,,"Forest_Regeneration, Forest_Seedling_Production, Light_Quality_and_Photomorphogenesis",#project/thesis #region/sweden,medium,"content-over-collection(Light_Quality_and_Photomorphogenesis -> Tree_Breeding_and_Propagation, 6)",6,Forest_Regeneration,http://www.skogforsk.se/contentassets/c7119b55fadf4b7b9d1f8ea6fb6fb7fe/redogorelse-3-2010-low.pdf
Y9QG55PY,journalArticle,2014,Alonso-Abella et al.,Analysis of spectral effects on the energy yield of different PV (photovoltaic) technologies: The case of four specific sites,Energy,y,,PV_System_Performance,,PV_Cell_and_Module_Technologies,,high,content(6),6,PV_Cell_and_Module_Technologies,https://doi.org/10.1016/j.energy.2014.01.024
9NPR75DV,journalArticle,2006,Alonso-García et al.,Experimental study of mismatch and shading effects in the I–V characteristic of a photovoltaic module,Sol. Energy Mater. Sol. Cells,y,5 Photovoltaics / 5.4 PV Performance and Monitoring,PV_Shading_and_Mismatch,,"PV_Standards_and_Measurement, PV_System_Performance",#project/msc-thesis/4-2,medium,"content-over-collection(PV_System_Performance -> PV_Shading_and_Mismatch, 6)",6,PV_Standards_and_Measurement,https://doi.org/10.1016/j.solmat.2005.04.022
VQ8QE2R6,conferencePaper,2019,Alpuerto & Balog,Modeling the Electrical Production Potential of Non-Planar Photovoltaic Modules,,y,5 Photovoltaics / 5 - PV modules,PV_Cell_and_Module_Technologies,,PV_Electrical_Design_and_Inverters,,high,content(6),6,PV_Electrical_Design_and_Inverters,https://doi.org/10.1109/PVSC40753.2019.8980706
HU7L8PJP,journalArticle,2002,Alves et al.,The Phenomenon of Photoinhibition of Photosynthesis and Its Importance in Reforestation,Botanical Review,y,0 Articles / 3 Light shock,Forest_Regeneration,,"Photoinhibition_and_Light_Stress, Photosynthesis_and_Gas_Exchange",,medium,"content-over-collection(Photoinhibition_and_Light_Stress -> Forest_Regeneration, 6)",6,Photoinhibition_and_Light_Stress,http://www.jstor.org/stable/4354419
HCNDE3MX,journalArticle,2015,Amillo et al.,Application of Satellite-Based Spectrally-Resolved Solar Radiation Data to PV Performance Studies,Energies,y,0 Articles / 0 Thesis | 5 Photovoltaics / 5.0 TÜV Mustergutachten | 5 Photovoltaics / 5.4 PV Performance and Monitoring,PV_Cell_and_Module_Technologies,,"Solar_Radiation_Modelling, PV_System_Performance",#project/thesis #project/msc-thesis,medium,"content-over-collection(Solar_Radiation_Modelling -> PV_Cell_and_Module_Technologies, 6)",6,Solar_Radiation_Modelling,https://doi.org/10.3390/en8053455
N6K42GDS,magazineArticle,,Anders Mattsson,RGC-metoden - ett hjälpmedel föratt upptäckarotskador,Plantnytt,,1 Forestry / 1.1 Seedling Performance / 1.1.3 RGC,Forest_Seedling_Production,,Forest_Regeneration,,high,content(6),6,,https://www.skogforsk.se/cd_20190807152752/contentassets/f7056975f15046cbb87fc37194ed9866/plantnytt-1986-5.pdf
CYN2Z3IU,journalArticle,1995,Anderson et al.,The grand design of photosynthesis: Acclimation of the photosynthetic apparatus to environmental cues,Photosynth. Res.,y,3 Photobiology / Spectra,Photoinhibition_and_Light_Stress,,Light_Quality_and_Photomorphogenesis,,high,manual:acclimation of the photosynthetic apparatus,6,Photosynthesis_and_Gas_Exchange,https://doi.org/10.1007/BF00020423
YE6GPYT2,journalArticle,1988,Anderson et al.,Thylakoid Membrane Organisation in Sun/Shade Acclimation,Functional Plant Biology,y,,Photoinhibition_and_Light_Stress,,Photosynthesis_and_Gas_Exchange,,high,manual:thylakoid organisation in sun/shade acclimation,6,Photosynthesis_and_Gas_Exchange,https://doi.org/10.1071/pp9880011
YFYWCWCB,webpage,,Andreas,NREL: MIDC/NREL Solar Radiation Research Laboratory (BMS),,y,4 Energy / 4.1 Solar Radiation | 4 Energy,Solar_and_Weather_Data,,Solar_Radiation_Modelling,,high,manual:NREL MIDC measurement station data,4,,http://www.nrel.gov/midc/apps/go2url.pl?site=BMS&page=day.pl?BMS
LQKFUHFU,journalArticle,2013,Andrews et al.,The effects of snowfall on solar photovoltaic performance,Solar Energy,y,5 Photovoltaics / 5.5 PV Losses / 5.5.6 Soiling and Snow,PV_in_Nordic_Climates,,"Bifacial_PV_and_Albedo, PV_Degradation_and_Reliability",,medium,collection-prior,5,Bifacial_PV_and_Albedo,https://doi.org/10.1016/j.solener.2013.02.014
7TKU7M88,journalArticle,2011,Andrews & Pearce,Environmental and economic assessment of a greenhouse waste heat exchange,J. Clean. Prod.,y,0 Articles / 4 DLI and supplementary light | 2 Controlled Environment Agriculture / 2.1 Greenhouses and Growth chambers | 2 Controlled Environment Agriculture,Greenhouse_Horticulture,,Lighting_Strategy_and_Control,,high,"content-over-collection(Lighting_Strategy_and_Control -> Greenhouse_Horticulture, 10)",10,,https://doi.org/10.1016/j.jclepro.2011.04.016
Q3A9IUJ8,book,1986,Andrew,Simple experimental design for forestry field trials,"Forest Research Institute, New Zealand Forest Service",y,7 Statistics,Statistics_and_Data_Analysis,,,,high,content(7),7,Forest_Regeneration,http://www.scionresearch.com/general/publications/science-publications/bulletins
G9TMT4L5,journalArticle,2017,Angmo et al.,All Year Round Vegetable Cultivation in Trenches in Cold Arid trans-Himalayan Ladakh,Defence Life Science Journal,y,,Greenhouse_Horticulture,,,,low,content-faint(2),2,Agriculture,https://doi.org/10.14429/dlsj.2.11001
TCY5SLDM,journalArticle,2014,Anirudh Garg,Recent Trends in Agriculture: Vertical Farming and Organic Farming,Advances in Plants & Agriculture Research,,2 Controlled Environment Agriculture / 2.2 Vertical Farming | 2 Controlled Environment Agriculture,Vertical_Farming_and_Urban_Agriculture,,,,high,content(6),6,,https://doi.org/10.15406/apar.2014.1.00023
RLQP389Y,journalArticle,2017,Anurag et al.,General Design Procedures for Airport-Based Solar Photovoltaic Systems,Energies,y,5 Photovoltaics / 5.12 PV health risks / Reflection,Permitting_and_Environmental_Assessment,,,,high,collection-prior,3,,https://doi.org/10.3390/en10081194
H9CETFFH,presentation,2014,,LEDs - Hidden features,,,3 Photobiology / LED for Plants,Horticultural_Lighting,,Light_Quality_and_Photomorphogenesis,,high,content(6),6,,
2ZNHBDPM,book,2010,Aphalo,Light signals and the growth and development of plants–a gentle introduction,"Department of Biosciences Plant Biology University of Helsinki, Finland",,3 Photobiology / LED for Plants | 3 Photobiology / Spectra,Horticultural_Lighting,,Light_Quality_and_Photomorphogenesis,,high,collection-prior,0,,http://www.mv.helsinki.fi/aphalo/photobio/pdf/notes1.pdf
LPZ33Q5R,journalArticle,1999,Aphalo et al.,"Plant-plant signalling, the shade-avoidance response and competition",Journal of Experimental Botany,y,0 Articles / 4 DLI and supplementary light / 01 DLI / Supplementary light control,Lighting_Strategy_and_Control,,Greenhouse_Horticulture,,medium,collection-prior,3,,https://doi.org/10.1093/jxb/50.340.1629
ZKCX6XYT,bookSection,2017,Aphalo,Quantification of UV radiation.,UV-B radiation and plant life: molecular biology to ecology,y,0 Articles / 0 Thesis,Radiometry_and_Photometry,,,#project/thesis,high,content(6),6,Light_Quality_and_Photomorphogenesis,http://www.cabi.org/cabebooks/ebook/20173304600
SL4N98Z9,journalArticle,2015,Aphalo,The r4photobiology suite: spectral irradiance,UV4Plants Bulletin,y,0 Articles / 2 Long night treatment | 0 Articles / 3 Light shock | 3 Photobiology,PAR_and_Spectral_Radiation,,"Solar_Radiation_Modelling, Frost_Hardiness_and_Freezing_Tests, Photoperiod_and_Dormancy_Induction",,medium,"content-over-collection(Photoperiod_and_Dormancy_Induction -> PAR_and_Spectral_Radiation, 6)",6,Solar_Radiation_Modelling,https://doi.org/10.19232/uv4pb.2015.1.14
XXNZFR8K,conferencePaper,2015,Aphalo,Using R for photobiological calculations,,y,3 Photobiology / Spectra | 7 Statistics,Light_Quality_and_Photomorphogenesis,,Statistics_and_Data_Analysis,,medium,collection-prior,2,,https://doi.org/10.13140/RG.2.1.2566.3447
XWCNVWL4,book,2012,Aphalo et al.,Beyond the visible: A handbook of best practice in plant UV photobiology,,,3 Photobiology / Spectra | 3 Photobiology,Light_Quality_and_Photomorphogenesis,,,,high,collection-prior,0,,
5I6XC6S8,conferencePaper,2015,Apostol et al.,Light-emitting diode lighting for forest nursery seedling production,,,0 Articles / 1 Ligh Spectra and Light Intensity / Light spectra and field trial | 0 Articles / 4 DLI and supplementary light,Forest_Seedling_Production,,"Horticultural_Lighting, Light_Quality_and_Photomorphogenesis, Lighting_Strategy_and_Control",,medium,"content-over-collection(Light_Quality_and_Photomorphogenesis -> Forest_Seedling_Production, 8)",8,Horticultural_Lighting,https://doi.org/10.17660/ActaHortic.2015.1085.62
92EALJ99,journalArticle,2015,Apostol et al.,Response of conifer species from three latitudinal populations to light spectra generated by light-emitting diodes and high-pressure sodium lamps,Can. J. For. Res.,y,0 Articles / 1 Ligh Spectra and Light Intensity / Light spectra and field trial | 0 Articles / 4 DLI and supplementary light / 03 LED seedling cultivation | 0 Articles / 1 Ligh Spectra and Light Intensity | 3 Photobiology / LED for Plants | 3 Photobiology / Spectra,Horticultural_Lighting,,"Light_Quality_and_Photomorphogenesis, Forest_Seedling_Production",#region/mexico,high,"content-over-collection(Light_Quality_and_Photomorphogenesis -> Horticultural_Lighting, 12)",12,Light_Quality_and_Photomorphogenesis,https://doi.org/10.1139/cjfr-2015-0106
7XX9JWFJ,journalArticle,2016,Arend et al.,Quantitative monitoring of  Arabidopsis thaliana  growth and development using high-throughput plant phenotyping,Scientific Data,y,0 Articles / 6 Image and color analysis / Image analysis and Phenotyping,Plant_Phenotyping_and_Image_Analysis,,PV_System_Performance,,high,content(9),9,PV_System_Performance,https://doi.org/10.1038/sdata.2016.55
LYBU98RL,journalArticle,1997,Arjen van Hinsberg & Peter van Tienderen,Variation in Growth Form in Relation to Spectral Light Quality (Red/Far-Red Ratio) in Plantago lanceolata L. in Sun and Shade Populations,Oecologia,y,3 Photobiology / Spectra,Light_Quality_and_Photomorphogenesis,,,,high,content(12),12,,http://www.jstor.org/stable/4221717
EGEVNPMA,conferencePaper,1982,Arnott & Mitchell,Influence of extended photoperiod on growth of white and Engelmann spruce seedlings in coastal British Columbia nurseries,cfs.nrcan.gc.ca,,0 Articles / 2 Long night treatment | 3 Photobiology / LED for Plants,Photoperiod_and_Dormancy_Induction,,"Frost_Hardiness_and_Freezing_Tests, Horticultural_Lighting",,high,content(6),6,Forest_Seedling_Production,http://www.cfs.nrcan.gc.ca/publications/?id=2238
YFF7XTRQ,journalArticle,1980,Aronsson,Frost hardiness in Scots pine ( Pinus silvestris  L.).,Studia forestalia Suecica,y,0 Articles / 2 Long night treatment,Frost_Hardiness_and_Freezing_Tests,,Photoperiod_and_Dormancy_Induction,#species/pinus-sylvestris #region/sweden,medium,"content-over-collection(Photoperiod_and_Dormancy_Induction -> Frost_Hardiness_and_Freezing_Tests, 6)",6,Plant_Carbon_and_Water_Relations,https://pub.epsilon.slu.se/5444/
WXJ36E5F,journalArticle,1975,Aronsson,Influence of photo- and thermoperiod on the initial stages of frost hardening and dehardening of phytotron-grown seedlings of Scots pine ( Pinus silvestris  L.),Studia forestalia Suecica,y,0 Articles / 2 Long night treatment,Frost_Hardiness_and_Freezing_Tests,,Photoperiod_and_Dormancy_Induction,#species/picea-abies #species/pinus-sylvestris #region/norway,high,"content-over-collection(Photoperiod_and_Dormancy_Induction -> Frost_Hardiness_and_Freezing_Tests, 12)",12,Photoperiod_and_Dormancy_Induction,https://pub.epsilon.slu.se/5647/
Y76PWESV,newspaperArticle,2015,Ashdown,"LED Lighting for Horticulture - Photometry and Photosynthesis, from Illuminance to PPFD",LED Professional Review,y,3 Photobiology / Spectra,PAR_and_Spectral_Radiation,,"Horticultural_Lighting, Light_Quality_and_Photomorphogenesis",,high,"content-over-collection(Light_Quality_and_Photomorphogenesis -> PAR_and_Spectral_Radiation, 9)",9,Horticultural_Lighting,
7VY6WZGK,conferencePaper,1988,Ashenayi et al.,Application of normal distribution in modeling global irradiation,,y,4 Energy / 4.1 Solar Radiation | 4 Energy,Solar_Radiation_Modelling,,,,high,collection-prior,2,,https://doi.org/10.1109/SSST.1988.17096
NZW3IFJZ,journalArticle,2013,Ashraf & Harris,Photosynthesis under stressful environments: An overview,Photosynthetica,y,3 Photobiology / Spectra,Photosynthesis_and_Gas_Exchange,,Light_Quality_and_Photomorphogenesis,,medium,"content-over-collection(Light_Quality_and_Photomorphogenesis -> Photosynthesis_and_Gas_Exchange, 8)",8,PV_System_Performance,https://doi.org/10.1007/s11099-013-0021-6
HL54NF3M,journalArticle,2020,Asseng et al.,Wheat yield potential in controlled-environment vertical farms,Proceedings of the National Academy of Sciences,y,0 Articles / 4 DLI and supplementary light,Vertical_Farming_and_Urban_Agriculture,,Lighting_Strategy_and_Control,,medium,"content-over-collection(Lighting_Strategy_and_Control -> Vertical_Farming_and_Urban_Agriculture, 6)",6,,https://doi.org/10.1073/pnas.2002655117
YZ64XQ5M,journalArticle,2008,ASTM G173 - 03,Standard Tables for Reference Solar Spectral Irradiances: Direct Normal and Hemispherical on 37° Tilted Surface,,,4 Energy / 4.1 Solar Radiation | 4 Energy,PV_Standards_and_Measurement,,"PAR_and_Spectral_Radiation, Solar_Radiation_Modelling",,high,manual:ASTM G173 reference spectra underpin STC rating,10,PAR_and_Spectral_Radiation,http://www.astm.org/Standards/G173.htm
FIDFP34H,journalArticle,2012,Astolfi et al.,Preliminary investigation of LED lighting as growth light for seedlings from different tree species in growth chambers,Not. Bot. Hort. Agrobot. Cluj-Napoca,,0 Articles / 1 Ligh Spectra and Light Intensity / Light spectra and field trial / R:FR | 0 Articles / 1 Ligh Spectra and Light Intensity / Light spectra and field trial | 0 Articles / 4 DLI and supplementary light / 03 LED seedling cultivation | 0 Articles / 4 DLI and supplementary light | 3 Photobiology / LED for Plants,Horticultural_Lighting,,"Greenhouse_Horticulture, Light_Quality_and_Photomorphogenesis, Lighting_Strategy_and_Control",,medium,"content-over-collection(Light_Quality_and_Photomorphogenesis -> Horticultural_Lighting, 6)",6,Greenhouse_Horticulture,
K2W6TP8L,conferencePaper,2006,Atmaram,Uncertainty Estimate of Photovoltaic Module Power Rating for Outdoor Testing,,y,7 Statistics,Statistics_and_Data_Analysis,,,,medium,collection-prior,4,,https://doi.org/10.1109/WCPEC.2006.279924
DS6IBES6,book,2018,Atwell et al.,"Plants in Action: Adaptation in Nature, Performance in Cultivation",Macmillan Education AU,y,0 Articles / 3 Light shock,Photoinhibition_and_Light_Stress,,Photosynthesis_and_Gas_Exchange,,medium,collection-prior,2,,
3NLPTNJ6,webpage,,,Augusti 2014 - Extremt regnig i västra Götaland | SMHI,,,0 Articles / 3 Light shock,Solar_and_Weather_Data,,"Photosynthesis_and_Gas_Exchange, Photoinhibition_and_Light_Stress",,medium,"content-over-collection(Photoinhibition_and_Light_Stress -> Solar_and_Weather_Data, 6)",6,,https://www.smhi.se/klimat/klimatet-da-och-nu/manadens-vader-och-vatten-sverige/manadens-vader-i-sverige/augusti-2014-extremt-regnig-i-vastra-gotaland-1.76746
IY48Q2XS,journalArticle,2014,Axaopoulos et al.,Accuracy analysis of software for the estimation and planning of photovoltaic installations,International Journal of Energy and Environmental Engineering,y,5 Photovoltaics / 5.6 PV software,PV_Modelling_Tools,,Solar_and_Weather_Data,,high,collection-prior,3,Solar_and_Weather_Data,https://doi.org/10.1007/s40095-014-0071-y
3XWK68C6,journalArticle,1950,Baker,Principles of silviculture.,Principles of silviculture.,y,1 Forestry,Swedish_Forestry,,Forest_Regeneration,,high,content(6),6,Forest_Regeneration,https://www.cabdirect.org/cabdirect/abstract/19500602820
CVD65NIE,journalArticle,2015,Bakhshi & Gilbert,"Red, Purple and Pink: The Colors of Diffusion on Pinterest",PLOS ONE,y,0 Articles / 6 Image and color analysis / Image analysis and Phenotyping,Plant_Phenotyping_and_Image_Analysis,,,,high,collection-prior,3,,https://doi.org/10.1371/journal.pone.0117148
XW4K9L2N,journalArticle,2009,Bakker,Energy saving greenhouses.,Chronica Horticulturae,y,0 Articles / 4 DLI and supplementary light / 01 DLI / Supplementary light control,Lighting_Strategy_and_Control,,Greenhouse_Horticulture,,medium,collection-prior,4,,https://www.cabdirect.org/cabdirect/abstract/20093194072
2HWPP64P,book,1995,Bakker et al.,Greenhouse climate control: an integrated approach,Wageningen Academic Publishers,y,0 Articles / 5 Agrivoltacis / Energy calculation,Greenhouse_Horticulture,,"Solar_Radiation_Modelling, PAR_and_Spectral_Radiation",#region/netherlands,high,"content-over-collection(PAR_and_Spectral_Radiation -> Greenhouse_Horticulture, 10)",10,Agriculture,
GUWCU783,webpage,2017,Balfour,"PV Plant Repowering, the Utility 50-Year Systems Model",,y,5 Photovoltaics / 5.7 PV Repowering,PV_Economics_and_LCA,,,,high,content(6),6,,http://www.renewableenergyworld.com/articles/2017/04/pv-plant-repowering-the-utility-50-year-systems-model.html
XVM4KD5Z,journalArticle,2008,Balk et al.,Gene activity test determines cold tolerance in Douglas-fir seedlings,"In: Dumroese, R. K.; Riley, L. E., tech. coords. National Proceedings: Forest and Conservation Nursery Associations-2007. Proc. RMRS-P-57. Fort Collins, CO: U.S. Department of Agriculture, Forest Service, Rocky Mountain Research Station. p. 140-148",,0 Articles / 2 Long night treatment,Frost_Hardiness_and_Freezing_Tests,,Photoperiod_and_Dormancy_Induction,,high,manual:gene activity cold tolerance test,5,,https://www.fs.usda.gov/treesearch/pubs/31844
AINY57VS,journalArticle,2007,Balk et al.,Innovative cold tolerance test for conifer seedlings,"In: Riley, L.E.; Dumroese, R.K.; Landis, T.D. National Proceedings: Forest and Conservation Nursery Associations - 2006. Proceedings RMRS-P-50. Fort Collins, CO: U.S. Department of Agriculture, Forest Service, Rocky Mountain Research Station. p. 9-15",,0 Articles / 2 Long night treatment,Frost_Hardiness_and_Freezing_Tests,,Photoperiod_and_Dormancy_Induction,,high,manual:cold tolerance test for conifer seedlings,5,,https://www.fs.usda.gov/treesearch/pubs/30884
SHIWBIX4,journalArticle,1990,Ballaré et al.,Far-Red Radiation Reflected from Adjacent Leaves: An Early Signal of Competition in Plant Canopies,Science,y,3 Photobiology / Spectra,Light_Quality_and_Photomorphogenesis,,,,high,content(11),11,Forest_Seedling_Production,https://doi.org/10.1126/science.247.4940.329
6849DFKV,journalArticle,2012,Baltins Slamova & Glaser,Mapping atmospheric corrosion in coastal regions: methods and results Karolina Slamova,Journal of Photonics for Energy,y,5 Photovoltaics / 5.8 BOS materials,Site_Layout_and_Civil_Design,,PV_Degradation_and_Reliability,,high,content(6),6,PV_Degradation_and_Reliability,https://doi.org/10.1117/1.JPE.2.022003
Z9Z3PNP6,journalArticle,2009,Balzer et al.,Capacity-constrained point distributions: a variant of Lloyd's method,ACM Transactions on Graphics,y,5 Photovoltaics / 5.3 PV systems design,Optimization_and_Decision_Making,,"PV_System_Performance, PV_Electrical_Design_and_Inverters",,high,manual:Lloyd's method variant; kept for equal-area parcelling,0,,https://doi.org/10.1145/1531326.1531392
DRFXGPJR,journalArticle,2019,Bambara & Athienitis,Energy and economic analysis for the design of greenhouses with semi-transparent photovoltaic cladding,Renewable Energy,y,0 Articles / 4 DLI and supplementary light / 05 Greenhouse energy,PV_Greenhouses,,"PV_Economics_and_LCA, Lighting_Strategy_and_Control, Greenhouse_Horticulture",,high,"content-over-collection(Greenhouse_Horticulture -> PV_Greenhouses, 9)",9,PV_Economics_and_LCA,https://doi.org/10.1016/j.renene.2018.08.020
SVH8REDC,journalArticle,2016,Bånkestad & Wik,Growth tracking of basil by proximal remote sensing of chlorophyll fluorescence in growth chamber and greenhouse environments,Comput. Electron. Agric.,y,1 Forestry / 1.1 Seedling Performance / 1.1.2 Gas Ex. and Ch. F.,Chlorophyll_Fluorescence,,"Greenhouse_Horticulture, Photosynthesis_and_Gas_Exchange",,high,"content-over-collection(Photosynthesis_and_Gas_Exchange -> Chlorophyll_Fluorescence, 10)",10,Greenhouse_Horticulture,https://doi.org/10.1016/j.compag.2016.08.004
2FDHLGWW,journalArticle,2016,Bantis et al.,"Artificial LED lighting enhances growth characteristics and total phenolic content of  Ocimum basilicum , but variably affects transplant success",Sci. Hortic.,y,3 Photobiology / LED for Plants | 3 Photobiology / Spectra,Horticultural_Lighting,,Light_Quality_and_Photomorphogenesis,#crop/basil,high,content(9),9,Light_Quality_and_Photomorphogenesis,https://doi.org/10.1016/j.scienta.2015.11.014
K6W2T7M9,journalArticle,2018,Bantis et al.,Current status and recent achievements in the field of horticulture with the use of light-emitting diodes (LEDs),Scientia Horticulturae,y,0 Articles / 4 DLI and supplementary light / 03 LED seedling cultivation / 3.1 Importance of LEDs | 0 Articles / 4 DLI and supplementary light,Horticultural_Lighting,,"Light_Quality_and_Photomorphogenesis, Lighting_Strategy_and_Control",,high,content(6),6,Light_Quality_and_Photomorphogenesis,https://doi.org/10.1016/j.scienta.2018.02.058
SJ4477IY,journalArticle,2018,Bantis et al.,"Light emitting diodes (LEDs) affect morphological, physiological and phytochemical characteristics of pomegranate seedlings",Scientia Horticulturae,y,0 Articles / 1 Ligh Spectra and Light Intensity / Light spectra and field trial | 0 Articles / 4 DLI and supplementary light / 03 LED seedling cultivation | 0 Articles / 4 DLI and supplementary light,Light_Quality_and_Photomorphogenesis,,"Horticultural_Lighting, Forest_Seedling_Production, Lighting_Strategy_and_Control",,high,content(11),11,Horticultural_Lighting,https://doi.org/10.1016/j.scienta.2018.02.065
7EQXK54X,journalArticle,2017,Bantis & Radoglou,"Morphology, development, and transplant potential of  Prunus avium  and  Cornus sanguinea  seedlings growing under different LED lights",Turkish Journal of Biology,,0 Articles / 1 Ligh Spectra and Light Intensity / Light spectra and field trial | 0 Articles / 4 DLI and supplementary light / 03 LED seedling cultivation | 0 Articles / 0 Thesis,Horticultural_Lighting,,"Forest_Seedling_Production, Light_Quality_and_Photomorphogenesis",#project/thesis,medium,"content-over-collection(Light_Quality_and_Photomorphogenesis -> Horticultural_Lighting, 6)",6,Forest_Seedling_Production,
TYBL75DA,journalArticle,2017,Barbera et al.,Energy and economic analysis of microalgae cultivation in a photovoltaic-assisted greenhouse: Scenedesmus obliquus as a case study,Energy,y,0 Articles / 4 DLI and supplementary light / 05 Greenhouse energy,PV_Greenhouses,,"Greenhouse_Horticulture, Lighting_Strategy_and_Control",,medium,"content-over-collection(Greenhouse_Horticulture -> PV_Greenhouses, 6)",6,Greenhouse_Horticulture,https://doi.org/10.1016/j.energy.2017.08.069
3ZJ3UEAC,journalArticle,2014,Barnard et al.,PARduino: a simple and inexpensive device for logging photosynthetically active radiation,Tree Physiology,y,0 Articles / 4 DLI and supplementary light / 01 DLI / Supplementary light control,PAR_and_Spectral_Radiation,,"Plant_Carbon_and_Water_Relations, Greenhouse_Horticulture, Lighting_Strategy_and_Control",,medium,"content-over-collection(Lighting_Strategy_and_Control -> PAR_and_Spectral_Radiation, 6)",6,Plant_Carbon_and_Water_Relations,https://doi.org/10.1093/treephys/tpu044
K8VC6YWF,journalArticle,1993,Barnes et al.,Accuracy of quantum sensors measuring yield photon flux and photosynthetic photon flux,HortScience,y,0 Articles / 1 Ligh Spectra and Light Intensity / Light spectra and field trial | 3 Photobiology / Spectra,PAR_and_Spectral_Radiation,,"Radiometry_and_Photometry, Forest_Seedling_Production, Light_Quality_and_Photomorphogenesis",,high,"content-over-collection(Light_Quality_and_Photomorphogenesis -> PAR_and_Spectral_Radiation, 12)",12,Radiometry_and_Photometry,http://www.ncbi.nlm.nih.gov/pubmed/11537894
UV2J4EBM,journalArticle,2016,Barrett et al.,Achieving environmentally sustainable growing media for soilless plant cultivation systems – A review,Scientia Horticulturae,y,2 Controlled Environment Agriculture / 2.2 Vertical Farming,Vertical_Farming_and_Urban_Agriculture,,Permitting_and_Environmental_Assessment,,medium,collection-prior,3,Permitting_and_Environmental_Assessment,https://doi.org/10.1016/j.scienta.2016.09.030
IREEP9RW,journalArticle,2019,Barron-Gafford et al.,Agrivoltaics provide mutual benefits across the food–energy–water nexus in drylands,Nature Sustainability,y,0 Articles / 4 DLI and supplementary light / 05 Greenhouse energy | 0 Articles / 5 Agrivoltacis / Solar Greenhouse | 0 Articles / 5 Agrivoltacis,Agrivoltaics,,"Agriculture, Lighting_Strategy_and_Control, Greenhouse_Horticulture",,medium,"content-over-collection(Greenhouse_Horticulture -> Agrivoltaics, 6)",6,Agriculture,https://doi.org/10.1038/s41893-019-0364-5
CZBXI59Y,journalArticle,1992,Barta et al.,Evaluation of light emitting diode characteristics for a space-based plant irradiation source,Adv. Space Res.,y,0 Articles / 1 Ligh Spectra and Light Intensity / Light spectra and field trial | 3 Photobiology / LED for Plants,Horticultural_Lighting,,"Forest_Seedling_Production, Light_Quality_and_Photomorphogenesis",,high,"content-over-collection(Light_Quality_and_Photomorphogenesis -> Horticultural_Lighting, 11)",11,Radiometry_and_Photometry,http://www.ncbi.nlm.nih.gov/pubmed/11537060
RB2TJAWH,conferencePaper,2006,Barthel,3D-Data Representation with ImageJ,,y,0 Articles / 6 Image and color analysis / Image analysis and Phenotyping | 0 Articles / 6 Image and color analysis / Photobox,Plant_Phenotyping_and_Image_Analysis,,,,high,collection-prior,3,,
83WKV2WU,journalArticle,2008,Bartlett & Frost,"Reliability, repeatability and reproducibility: analysis of measurement errors in continuous variables",Ultrasound Obstet. Gynecol.,,7 Statistics,Statistics_and_Data_Analysis,,,,high,manual:measurement error in continuous variables,6,,https://doi.org/10.1002/uog.5256
YWT5HLYT,journalArticle,2016,Başak & Sevilgen,A Techno-economic Model for Heating of a Greenhouse Site Using Waste Heat,Arab. J. Sci. Eng.,,2 Controlled Environment Agriculture / 2.1 Greenhouses and Growth chambers | 2 Controlled Environment Agriculture,Greenhouse_Horticulture,,PV_Economics_and_LCA,,high,content(10),10,PV_Economics_and_LCA,https://doi.org/10.1007/s13369-015-2009-y
H5Y4JQ48,journalArticle,1969,Baskerville & Emin,Rapid Estimation of Heat Accumulation from Maximum and Minimum Temperatures,Ecology,y,,Frost_Hardiness_and_Freezing_Tests,Phenology and Thermal Time,,#needs-topic,high,content(6),6,,https://doi.org/10.2307/1933912
R7PHWNJ6,journalArticle,2014,Bates et al.,Fitting linear mixed-effects models using lme4,arXiv preprint arXiv:1406.5823,,7 Statistics,Statistics_and_Data_Analysis,,,,high,content(6),6,,
FFH8B3LB,journalArticle,2016,Batz et al.,Imaging for High-Throughput Phenotyping in Energy Sorghum,Journal of Imaging,y,0 Articles / 6 Image and color analysis / Image analysis and Phenotyping,Plant_Phenotyping_and_Image_Analysis,,,,high,content(9),9,Agriculture,https://doi.org/10.3390/jimaging2010004
3CSKH9YJ,journalArticle,2018,Bayat et al.,Effects of growth under different light spectra on the subsequent high light tolerance in rose plants,AoB PLANTS,y,0 Articles / 3 Light shock,Photoinhibition_and_Light_Stress,,"Light_Quality_and_Photomorphogenesis, Photosynthesis_and_Gas_Exchange",,high,collection-prior,5,Light_Quality_and_Photomorphogenesis,https://doi.org/10.1093/aobpla/ply052
V5DLVPEA,journalArticle,1982,Bazzaz & Carlson,Photosynthetic acclimation to variability in the light environment of early and late successional plants,Oecologia,y,,Photosynthesis_and_Gas_Exchange,,Frost_Hardiness_and_Freezing_Tests,,high,content(7),7,Frost_Hardiness_and_Freezing_Tests,https://doi.org/10.1007/BF00379999
BB8FUN6K,journalArticle,2019,Beacham et al.,Vertical farming: a summary of approaches to growing skywards,The Journal of Horticultural Science and Biotechnology,y,0 Articles / 6 Image and color analysis,Vertical_Farming_and_Urban_Agriculture,,"Greenhouse_Horticulture, Plant_Phenotyping_and_Image_Analysis",,high,"content-over-collection(Plant_Phenotyping_and_Image_Analysis -> Vertical_Farming_and_Urban_Agriculture, 9)",9,Greenhouse_Horticulture,https://doi.org/10.1080/14620316.2019.1574214
8U5QKT6J,report,2016,Beiter & Tian,2015 Renewable Energy Data Book,,,4 Energy,Energy_Transition_and_Scenarios,,,,high,content(7),7,,https://www.osti.gov/scitech/biblio/1339347-renewable-energy-data-book
2V2LXTTD,journalArticle,2000,Béland et al.,Scarification and Seedfall affects Natural Regeneration of Scots Pine Under Two Shelterwood Densities and a Clear-cut in Southern Sweden,Scandinavian Journal of Forest Research,y,1 Forestry / 2 Forest regeneration,Forest_Regeneration,,,#species/pinus-sylvestris #region/sweden #region/nordic,high,content(22),22,Forest_Seedling_Production,https://doi.org/10.1080/028275800750015064
9DMSWQIH,book,2001,Bell,A beginner's guide to uncertainty of measurement,National Physical Laboratory,,7 Statistics,Statistics_and_Data_Analysis,,,,medium,collection-prior,4,,
823W44GU,journalArticle,2018,Belleghem et al.,patternize: An R package for quantifying colour pattern variation,Methods in Ecology and Evolution,y,0 Articles / 6 Image and color analysis / Image analysis and Phenotyping,Plant_Phenotyping_and_Image_Analysis,,,,high,collection-prior,3,,https://doi.org/10.1111/2041-210X.12853
5AQXMPQ2,journalArticle,1964,Benedict,"Low cost, efficient plant growth chambers",Canadian Journal of Plant Science,,0 Articles / 6 Image and color analysis,Greenhouse_Horticulture,,Plant_Phenotyping_and_Image_Analysis,,high,manual:low-cost growth chambers,4,,
GPWRL6PG,journalArticle,2017,Benke & Tomkins,Future food-production systems: vertical farming and controlled-environment agriculture,"Sustainability: Science, Practice and Policy",y,0 Articles / 4 DLI and supplementary light,Vertical_Farming_and_Urban_Agriculture,,"Climate_Change, Lighting_Strategy_and_Control",,high,"content-over-collection(Lighting_Strategy_and_Control -> Vertical_Farming_and_Urban_Agriculture, 9)",9,Climate_Change,https://doi.org/10.1080/15487733.2017.1394054
F7TTV9LR,journalArticle,2016,Bennie et al.,Ecological effects of artificial light at night on wild plants,Journal of Ecology,y,,Photoperiod_and_Dormancy_Induction,,Forest_Damage_and_Herbivory,,medium,content-weak(5),5,Forest_Damage_and_Herbivory,https://doi.org/10.1111/1365-2745.12551
WRZFKFZ3,journalArticle,1984,Bensaoula et al.,Direct current magnetron deposition of molybdenum and tungsten with rf substrate bias,J. Vac. Sci. Technol. A,y,5 Photovoltaics / 5.2 PV components / 5.2.1 PV cells and modules,Thin_Film_Solar_Cells,,PV_Cell_and_Module_Technologies,,medium,"content-over-collection(PV_Cell_and_Module_Technologies -> Thin_Film_Solar_Cells, 7)",7,PV_Cell_and_Module_Technologies,https://doi.org/10.1116/1.572749
45EWEYW9,journalArticle,2005,Bergh et al.,Potential production of Norway spruce in Sweden,Forest Ecology and Management,y,0 Articles / 5 Agrivoltacis / Energy calculation,Swedish_Forestry,,"Solar_Radiation_Modelling, PAR_and_Spectral_Radiation",#species/picea-abies #region/sweden #region/norway,high,manual:potential Norway spruce production in Sweden,3,Plant_Carbon_and_Water_Relations,https://doi.org/10.1016/j.foreco.2004.07.075
MPHCH857,journalArticle,2008,Bergman & Beehner,A simple method for measuring colour in wild animals: validation and use on chest patch colour in geladas (Theropithecus gelada),Biological Journal of the Linnean Society,y,0 Articles / 6 Image and color analysis / Image analysis and Phenotyping,Plant_Phenotyping_and_Image_Analysis,,,,high,collection-prior,0,,https://doi.org/10.1111/j.1095-8312.2008.00981.x
DGK8FTV9,journalArticle,2020,Berg et al.,Quantitative Colour Pattern Analysis (QCPA): A comprehensive framework for the analysis of colour patterns in nature,Methods in Ecology and Evolution,y,0 Articles / 6 Image and color analysis / Image analysis and Phenotyping,Plant_Phenotyping_and_Image_Analysis,,PV_Standards_and_Measurement,,high,collection-prior,5,PV_Standards_and_Measurement,https://doi.org/10.1111/2041-210X.13328
K2PH37C3,journalArticle,2009,Bergquist et al.,Effects of roe deer browsing and site preparation on performance of planted broadleaved and conifer seedlings when using temporary fences,Scandinavian Journal of Forest Research,y,1 Forestry / 2 Forest regeneration,Forest_Regeneration,,Forest_Damage_and_Herbivory,#project/course-reading #species/picea-abies #species/pinus-sylvestris #species/betula #region/sweden #region/nordic,high,content(8),8,Forest_Damage_and_Herbivory,https://doi.org/10.1080/02827580903117420
75DKTGKC,journalArticle,2018,Bergqvist et al.,Forage availability and moose winter browsing in forest landscapes,Forest Ecology and Management,y,1 Forestry / 2 Forest regeneration,Forest_Damage_and_Herbivory,,Forest_Regeneration,#species/pinus-sylvestris #region/sweden,medium,"content-over-collection(Forest_Regeneration -> Forest_Damage_and_Herbivory, 6)",6,Statistics_and_Data_Analysis,https://doi.org/10.1016/j.foreco.2018.03.049
292C8SZQ,journalArticle,2016,Bergstrand et al.,Acclimatisation of greenhouse crops to differing light quality,Scientia Horticulturae,y,0 Articles / 3 Light shock,Light_Quality_and_Photomorphogenesis,,"Chlorophyll_Fluorescence, Photosynthesis_and_Gas_Exchange, Photoinhibition_and_Light_Stress",,high,"content-over-collection(Photoinhibition_and_Light_Stress -> Light_Quality_and_Photomorphogenesis, 14)",14,Chlorophyll_Fluorescence,https://doi.org/10.1016/j.scienta.2016.03.035
R5DEA8DW,journalArticle,2013,Bergstrand & Schussler,"Growth, development and photosynthesis of some horticultural plants as affected by different supplementary lighting technologies",Eur. J. Hortic. Sci,,,Lighting_Strategy_and_Control,,,,high,content(6),6,Photosynthesis_and_Gas_Exchange,
6JY52MV3,journalArticle,2012,Bergstrand & Schüssler,Recent progresses on the application of LEDs in the horticultural production,Acta horticulturae,y,,Horticultural_Lighting,,Light_Quality_and_Photomorphogenesis,,high,content(11),11,Light_Quality_and_Photomorphogenesis,https://doi.org/10.17660/ActaHortic.2012.927.64
EFH9Z7BN,book,2013,Bergström et al.,Wind power in forests : wind and effects on loads,Elforsk AB,y,4 Energy / 1.4 Wind energy in forest,Energy_Transition_and_Scenarios,,Swedish_Forestry,#region/nordic,high,content(6),6,,http://uu.diva-portal.org/smash/record.jsf?searchId=1&pid=diva2:704370
GJF2T9WE,journalArticle,2012,Berg et al.,Thin film solar cells based on the ternary compound Cu2SnS3,Thin Solid Films,y,5 Photovoltaics / 5.2 PV components / 5.2.1 PV cells and modules,Thin_Film_Solar_Cells,,PV_Cell_and_Module_Technologies,,high,"content-over-collection(PV_Cell_and_Module_Technologies -> Thin_Film_Solar_Cells, 14)",14,PV_Cell_and_Module_Technologies,https://doi.org/10.1016/j.tsf.2012.05.085
QYFQ5AS7,bookSection,2001,Bernier-Cardou & Bigras,The Analysis of Cold Hardiness Experiments,Conifer Cold Hardiness,y,0 Articles / 2 Long night treatment | 7 Statistics,Frost_Hardiness_and_Freezing_Tests,,"Statistics_and_Data_Analysis, Photoperiod_and_Dormancy_Induction",,medium,"content-over-collection(Photoperiod_and_Dormancy_Induction -> Frost_Hardiness_and_Freezing_Tests, 6)",6,Statistics_and_Data_Analysis,https://doi.org/10.1007/978-94-015-9650-3_15
34X5K2QK,journalArticle,2018,Berry et al.,"An automated, high-throughput method for standardizing image color profiles to improve image-based plant phenotyping",PeerJ,y,0 Articles / 6 Image and color analysis / Image analysis and Phenotyping,Plant_Phenotyping_and_Image_Analysis,,,,high,content(12),12,Light_Quality_and_Photomorphogenesis,https://doi.org/10.7717/peerj.5727
KBRTI2CX,journalArticle,2003,Bertamini & Nedunchezhian,Photoinhibition of photosynthesis in mature and young leaves of grapevine ( Vitis vinifera  L.),Plant Science,y,0 Articles / 3 Light shock,Photoinhibition_and_Light_Stress,,"Chlorophyll_Fluorescence, Photosynthesis_and_Gas_Exchange",,high,content(9),9,Chlorophyll_Fluorescence,https://doi.org/10.1016/S0168-9452(03)00018-9
8VSWMAND,journalArticle,2012,Bessho & Shimizu,Latest trends in LED lighting,Electronics and Communications in Japan,y,,Horticultural_Lighting,,,,high,content(14),14,,https://doi.org/10.1002/ecj.10394
UIZPZXRU,book,1972,Bickford & Dunn,Lighting for plant growth,,,0 Articles / 1 Ligh Spectra and Light Intensity / Light Intensity and gas exchange,Photosynthesis_and_Gas_Exchange,,Light_Quality_and_Photomorphogenesis,,high,collection-prior,0,,
RY7Z6NPR,bookSection,2001,Bigras et al.,Cold Acclimation and Deacclimation of Shoots and Roots of Conifer Seedlings,Conifer Cold Hardiness,y,0 Articles / 2 Long night treatment,Frost_Hardiness_and_Freezing_Tests,,Photoperiod_and_Dormancy_Induction,,high,"content-over-collection(Photoperiod_and_Dormancy_Induction -> Frost_Hardiness_and_Freezing_Tests, 9)",9,Photoperiod_and_Dormancy_Induction,https://doi.org/10.1007/978-94-015-9650-3_3
W9P4R33J,book,2013,Bigras & Colombo,Conifer Cold Hardiness,Springer Science & Business Media,y,0 Articles / 2 Long night treatment,Frost_Hardiness_and_Freezing_Tests,,"Forest_Regeneration, Photoperiod_and_Dormancy_Induction",,high,"content-over-collection(Photoperiod_and_Dormancy_Induction -> Frost_Hardiness_and_Freezing_Tests, 9)",9,Forest_Regeneration,https://market.android.com/details?id=book-V83rCAAAQBAJ
JUFYUT7R,journalArticle,2005,Bigras & Dumais,Root-freezing damage in the containerized nursery: impact on plantation sites – A review,New Forests,y,0 Articles / 2 Long night treatment,Frost_Hardiness_and_Freezing_Tests,,"Forest_Seedling_Production, Photoperiod_and_Dormancy_Induction",,high,"content-over-collection(Photoperiod_and_Dormancy_Induction -> Frost_Hardiness_and_Freezing_Tests, 9)",9,Forest_Seedling_Production,https://doi.org/10.1007/s11056-005-4423-6
2U5BULI7,journalArticle,1997,Binder et al.,Applications of chlorophyll fluorescence for stock quality assessment with different types of fluorometers,New Forests,y,0 Articles / 2 Long night treatment,Chlorophyll_Fluorescence,,"Forest_Seedling_Production, Frost_Hardiness_and_Freezing_Tests, Photoperiod_and_Dormancy_Induction",,high,"content-over-collection(Photoperiod_and_Dormancy_Induction -> Chlorophyll_Fluorescence, 13)",13,Forest_Seedling_Production,https://doi.org/10.1023/A:1006513720073
USXHANKL,journalArticle,1996,Binder & Fielder,Chlorophyll fluorescence as an indicator of frost hardiness in white spruce seedlings from different latitudes,New Forests,y,0 Articles / 2 Long night treatment,Chlorophyll_Fluorescence,,"Frost_Hardiness_and_Freezing_Tests, Photoperiod_and_Dormancy_Induction",,high,"content-over-collection(Photoperiod_and_Dormancy_Induction -> Chlorophyll_Fluorescence, 13)",13,Frost_Hardiness_and_Freezing_Tests,https://doi.org/10.1007/BF00036784
WBJKYAHH,journalArticle,1996,Binder & Fielder,Seasonal changes in chlorophyll fluorescence of white spruce seedlings from different latitudes in relation to gas exchange and winter storability,New Forests,y,0 Articles / 2 Long night treatment,Forest_Seedling_Production,,"Chlorophyll_Fluorescence, Frost_Hardiness_and_Freezing_Tests, Photoperiod_and_Dormancy_Induction",,high,"content-over-collection(Photoperiod_and_Dormancy_Induction -> Forest_Seedling_Production, 11)",11,Chlorophyll_Fluorescence,https://doi.org/10.1007/BF00036783
4KGV8LAD,thesis,2012,Binotto,Greenhouse climate model: an aid to estimate the influence of supplemental lighting on greenhouse climate,,y,2 Controlled Environment Agriculture / 2.1 Greenhouses and Growth chambers | 2 Controlled Environment Agriculture,Greenhouse_Horticulture,,Lighting_Strategy_and_Control,,high,content(10),10,Lighting_Strategy_and_Control,http://skemman.is/item/view/1946/12771
XPA4L7UH,bookSection,1973,Björkman,Comparative studies on photosynthesis in higher plants,Photophysiology,y,0 Articles / 0 Thesis,Photosynthesis_and_Gas_Exchange,,,#project/thesis #project/msc-thesis,low,content-faint(2),2,,https://www.sciencedirect.com/science/article/pii/B9780122826085500072
S6F2YVG9,journalArticle,1989,Björkman et al.,A gas exchange-fluorescence analysis of photosynthetic performance of a cotton crop under high-irradiance stress,"Philosophical Transactions of the Royal Society of London. B, Biological Sciences",y,0 Articles / 3 Light shock,Photosynthesis_and_Gas_Exchange,,"Solar_Radiation_Modelling, Photoinhibition_and_Light_Stress",,medium,"content-over-collection(Photoinhibition_and_Light_Stress -> Photosynthesis_and_Gas_Exchange, 8)",8,Solar_Radiation_Modelling,https://doi.org/10.1098/rstb.1989.0012
V2KBWDMD,journalArticle,1987,Björkman & Demmig,Photon yield of O 2  evolution and chlorophyll fluorescence characteristics at 77 K among vascular plants of diverse origins,Planta,y,1 Forestry / 1.1 Seedling Performance / 1.1.2 Gas Ex. and Ch. F.,Chlorophyll_Fluorescence,,"Photoinhibition_and_Light_Stress, Photosynthesis_and_Gas_Exchange",,high,"content-over-collection(Photosynthesis_and_Gas_Exchange -> Chlorophyll_Fluorescence, 13)",13,Photoinhibition_and_Light_Stress,https://doi.org/10.1007/BF00402983
EWMXMF99,bookSection,1995,Björkman & Demmig-Adams,"Regulation of photosynthetic light energy capture, conversion, and dissipation in leaves of higher plants",Ecophysiology of Photosynthesis,y,0 Articles / 3 Light shock,Photoinhibition_and_Light_Stress,,Photosynthesis_and_Gas_Exchange,,medium,collection-prior,3,Photoinhibition_and_Light_Stress,https://doi.org/10.1007/978-3-642-79354-7_2
4LHEMFLD,journalArticle,1905,Blackman,Optima and Limiting Factors,Annals of Botany,,0 Articles / 0 Thesis,Unsorted,,,#project/thesis #needs-topic #project/msc-thesis,low,no-signal,0,,https://doi.org/10.1093/oxfordjournals.aob.a089000
TZ6U5HU6,journalArticle,1988,Blaesser & Rossi,Extrapolation of outdoor measurements of PV array I-V characteristics to standard test conditions,Solar Cells,y,5 Photovoltaics / 5.2 PV components / 5.2.1 PV cells and modules | 4 Energy / 4.1 Solar Radiation | 5 Photovoltaics / 5.4 PV Performance and Monitoring | 4 Energy,PV_Standards_and_Measurement,,"PV_Cell_and_Module_Technologies, Solar_Radiation_Modelling, PV_System_Performance",,high,"content-over-collection(PV_Cell_and_Module_Technologies -> PV_Standards_and_Measurement, 14)",14,PV_Cell_and_Module_Technologies,https://doi.org/10.1016/0379-6787(88)90014-2
9QHWMXDI,journalArticle,2011,Blankenship et al.,Comparing Photosynthetic and Photovoltaic Efficiencies and Recognizing the Potential for Improvement,Science,y,1 Forestry / 1.1 Seedling Performance / 1.1.1 Photosynthesis,Photosynthesis_and_Gas_Exchange,,Forest_Seedling_Production,,high,collection-prior,2,,https://doi.org/10.1126/science.1200165
4SKCGAF3,patent,,,Proceso para el cultivo intensivo de chapulines y sus derivados libres de contaminantes para consumo humano,,y,2 Controlled Environment Agriculture / 2.3 Entoculture,Unsorted,,Agriculture,#needs-topic,high,collection-prior,0,,https://patents.google.com/patent/WO2007094652A2/es
XJFU6FS8,bookSection,2018,Blonquist & Bugbee,"Solar, Net, and Photosynthetic Radiation",Agroclimatology,y,0 Articles / 4 DLI and supplementary light / 01 DLI / Supplementary light control | 0 Articles / 4 DLI and supplementary light / 01 DLI | 0 Articles / 5 Agrivoltacis / Energy calculation,Lighting_Strategy_and_Control,,"Greenhouse_Horticulture, PAR_and_Spectral_Radiation",#project/light-model,medium,collection-prior,3,Photosynthesis_and_Gas_Exchange,https://acsess.onlinelibrary.wiley.com/doi/abs/10.2134/agronmonogr60.2016.0001
TQDFZ7NX,journalArticle,2017,Bonfio et al.,UV-light-driven prebiotic synthesis of iron–sulfur clusters,Nature Chemistry,y,,Horticultural_Lighting,,,,medium,content-weak(3),3,,https://doi.org/10.1038/nchem.2817
P432BVRY,journalArticle,1996,Borowy & Salameh,Methodology for optimally sizing the combination of a battery bank and PV array in a wind/PV hybrid system,IEEE Trans. Energy Convers.,y,5 Photovoltaics / 5.2 PV components / 5.2.2 Inverters and batteries,Energy_Storage,,"Energy_Transition_and_Scenarios, PV_Electrical_Design_and_Inverters",,medium,"content-over-collection(PV_Electrical_Design_and_Inverters -> Energy_Storage, 6)",6,Energy_Transition_and_Scenarios,https://doi.org/10.1109/60.507648
4CV82INR,thesis,1995,Both,DYNAMIC SIMULATION OF SUPPLEMENTAL LIGHTING FOR GREENHOUSE HYDROPONIC LETTUCE PRODUCTION,,y,0 Articles / 4 DLI and supplementary light / 01 DLI / Supplementary light control,Lighting_Strategy_and_Control,,"Vertical_Farming_and_Urban_Agriculture, Greenhouse_Horticulture",,high,content(6),6,Vertical_Farming_and_Urban_Agriculture,
X8FTK64S,journalArticle,2015,Both et al.,Guidelines for measuring and reporting environmental parameters for experiments in greenhouses,Plant Methods,y,0 Articles / 4 DLI and supplementary light | 2 Controlled Environment Agriculture / 2.1 Greenhouses and Growth chambers | 2 Controlled Environment Agriculture,Lighting_Strategy_and_Control,,Greenhouse_Horticulture,,medium,collection-prior,4,,https://doi.org/10.1186/s13007-015-0083-5
AVKVIRZZ,bookSection,2017,Both & Faust,Light Transmission: The Impact of Glazing Material and Greenhouse Design,Light Management in Controlled Environments,y,,Greenhouse_Horticulture,,,,medium,content-weak(4),4,,
W48SFDTH,journalArticle,2017,Both et al.,Proposed product label for electric lamps used in the plant sciences,HortTechnology,y,0 Articles / 1 Ligh Spectra and Light Intensity / Light spectra and field trial,Horticultural_Lighting,,"Light_Quality_and_Photomorphogenesis, Forest_Seedling_Production",,high,"content-over-collection(Light_Quality_and_Photomorphogenesis -> Horticultural_Lighting, 9)",9,Light_Quality_and_Photomorphogenesis,https://doi.org/10.21273/HORTTECH03648-16
9479NZIZ,journalArticle,2008,Bourgeois et al.,Standard daylight coefficient model for dynamic daylighting simulations,Building Research & Information,y,0 Articles / 5 Agrivoltacis / Energy calculation,Radiometry_and_Photometry,,"Statistics_and_Data_Analysis, Solar_Radiation_Modelling, PAR_and_Spectral_Radiation",,high,manual:daylight coefficient model,3,Statistics_and_Data_Analysis,https://doi.org/10.1080/09613210701446325
BTENTAXP,journalArticle,2008,Bourget,An Introduction to Light-emitting Diodes,HortScience,y,0 Articles / 1 Ligh Spectra and Light Intensity / Light spectra and field trial,Horticultural_Lighting,,"Forest_Seedling_Production, Light_Quality_and_Photomorphogenesis",,high,"content-over-collection(Light_Quality_and_Photomorphogenesis -> Horticultural_Lighting, 11)",11,PV_Degradation_and_Reliability,http://hortsci.ashspublications.org/content/43/7/1944
S5KZKT95,journalArticle,2016,Bournas & Haav,"Multi-objective Optimization of Fenestration Design in Residential spaces. The Case of MKB Greenhouse, Malmö, Sweden",,y,0 Articles / 5 Agrivoltacis / Energy calculation,Building_Integrated_PV,,"Solar_Radiation_Modelling, PAR_and_Spectral_Radiation",#region/sweden,high,manual:fenestration and daylight optimisation,4,Building_Integrated_PV,http://lup.lub.lu.se/student-papers/record/8885759
FDPA4BLS,book,2020,Bowditch,2019 American Practical Navigator Bowditch Vol 1 & 2 Combined Edition,Paradise Cay Publications,y,,Unsorted,,,#needs-topic,low,no-signal,0,,
RCEEQLTA,journalArticle,1992,Boyle,Photoperiod control systems for greenhouse crops,Floral Notes,,0 Articles / 0 Thesis,Photoperiod_and_Dormancy_Induction,,Greenhouse_Horticulture,#project/thesis,high,content(6),6,Greenhouse_Horticulture,
PIPI49TW,bookSection,1988,Bradbeer,Seed Viability and Vigour,Seed Dormancy and Germination,y,1 Forestry / 1.1 Seedling Performance,Forest_Seedling_Production,,,,medium,collection-prior,3,Agriculture,https://doi.org/10.1007/978-1-4684-7747-4_8
8PDYJCZW,journalArticle,2007,Braslavsky,"Glossary of terms used in photochemistry, 3rd edition (IUPAC Recommendations 2006)",Pure and Applied Chemistry,y,,Radiometry_and_Photometry,,,,high,content(6),6,Chlorophyll_Fluorescence,https://doi.org/10.1351/pac200779030293
AYLU9EDG,journalArticle,2017,Bras,Sputtering-based processes for thin film chalcogenide solar cells on steel substrates,,y,5 Photovoltaics / 5.2 PV components / 5.2.1 PV cells and modules,Thin_Film_Solar_Cells,,PV_Cell_and_Module_Technologies,,high,"content-over-collection(PV_Cell_and_Module_Technologies -> Thin_Film_Solar_Cells, 18)",18,PV_Cell_and_Module_Technologies,http://urn.kb.se/resolve?urn=urn:nbn:se:uu:diva-329778
BFJUR7AP,journalArticle,2007,Bravo et al.,Effect of cold acclimation on the photosynthetic performance of two ecotypes of  Colobanthus quitensis  (Kunth) Bartl,J. Exp. Bot.,y,1 Forestry / 1.1 Seedling Performance,Photoinhibition_and_Light_Stress,,"Frost_Hardiness_and_Freezing_Tests, Forest_Seedling_Production",,high,"content-over-collection(Forest_Seedling_Production -> Photoinhibition_and_Light_Stress, 9)",9,Frost_Hardiness_and_Freezing_Tests,https://doi.org/10.1093/jxb/erm206
Y8SMAWYG,journalArticle,2011,Brecl & Topič,Self-shading losses of fixed free-standing PV arrays,Renewable Energy,y,5 Photovoltaics / 5.5 PV Losses / 5.5.2 Shading losses,PV_Shading_and_Mismatch,,PV_System_Performance,,high,content(6),6,PV_System_Performance,https://doi.org/10.1016/j.renene.2011.03.011
IQBNDPSG,journalArticle,2018,Brelsford et al.,Do UV-A radiation and blue light during growth prime leaves to cope with acute high light in photoreceptor mutants of Arabidopsis thaliana?,Physiologia Plantarum,y,0 Articles / 3 Light shock,Light_Quality_and_Photomorphogenesis,,"Horticultural_Lighting, Photosynthesis_and_Gas_Exchange, Photoinhibition_and_Light_Stress",,high,"content-over-collection(Photoinhibition_and_Light_Stress -> Light_Quality_and_Photomorphogenesis, 13)",13,Horticultural_Lighting,https://doi.org/10.1111/ppl.12749
JP4DJCHJ,report,2015,Briano et al.,PV Grid Parity Monitor Mexico – 1st Issue,,,5 Photovoltaics / 5.1 PV general data / 5.1.1 PV-Mexico,Electricity_Markets_and_Prices,,PV_System_Performance,#region/mexico #project/msc-thesis/4-13,high,manual:grid parity monitor,0,,http://www.leonardo-energy.org/sites/leonardo-energy/files/documents-and-links/pv_grid_parity_monitor_-_mexico_-_issue_1_english.pdf
X8XNT66B,journalArticle,2018,Bright et al.,Improved satellite-derived PV power nowcasting using real-time power data from reference PV systems,Solar Energy,y,5 Photovoltaics / 5.9 PV forescasting,PV_Forecasting_and_Ramp_Control,,PV_System_Performance,,high,content(9),9,Solar_Radiation_Modelling,https://doi.org/10.1016/j.solener.2017.10.091
U4LHCSWI,journalArticle,2019,Bright,Solcast: Validation of a satellite-derived solar irradiance dataset,Solar Energy,y,5 Photovoltaics / 5.9 PV forescasting,Solar_and_Weather_Data,,"PV_System_Performance, PV_Forecasting_and_Ramp_Control",,high,manual:validation of the Solcast dataset itself,7,Solar_and_Weather_Data,https://doi.org/10.1016/j.solener.2019.07.086
K3ZMS78W,journalArticle,1976,Britton & Dodd,Relationships of photosynthetically active radiation and shortwave irradiance,Agricultural Meteorology,y,,PAR_and_Spectral_Radiation,,Solar_Radiation_Modelling,,high,content(6),6,Solar_Radiation_Modelling,https://doi.org/10.1016/0002-1571(76)90080-7
U5B54RB5,journalArticle,2005,Brønnum,Assessment of seedling storability of  Quercus robur  and  Pinus sylvestris ,Scandinavian Journal of Forest Research,y,0 Articles / 2 Long night treatment,Forest_Seedling_Production,,"Frost_Hardiness_and_Freezing_Tests, Photoperiod_and_Dormancy_Induction",#species/pinus-sylvestris #region/nordic,high,"content-over-collection(Photoperiod_and_Dormancy_Induction -> Forest_Seedling_Production, 14)",14,Frost_Hardiness_and_Freezing_Tests,https://doi.org/10.1080/02827580410019526
B98MCQ7G,journalArticle,1994,Brooks et al.,Acclimation responses of mature  Abies amabilis  sun foliage to shading,Oecologia,y,0 Articles / 1 Ligh Spectra and Light Intensity / Light Intensity and gas exchange / Photomorphogenesis,Photoinhibition_and_Light_Stress,,Light_Quality_and_Photomorphogenesis,,high,manual:sun foliage acclimation to shading,6,Photosynthesis_and_Gas_Exchange,https://doi.org/10.1007/BF00316960
XEB6A79E,bookSection,2011,Brooks & Niyogi,Use of a Pulse-Amplitude Modulated Chlorophyll Fluorometer to Study the Efficiency of Photosynthesis in Arabidopsis Plants,"Chloroplast Research in Arabidopsis: Methods and Protocols, Volume II",y,1 Forestry / 1.1 Seedling Performance / 1.1.2 Gas Ex. and Ch. F.,Photoinhibition_and_Light_Stress,,"Chlorophyll_Fluorescence, Photosynthesis_and_Gas_Exchange",,medium,"content-over-collection(Photosynthesis_and_Gas_Exchange -> Photoinhibition_and_Light_Stress, 8)",8,Chlorophyll_Fluorescence,https://doi.org/10.1007/978-1-61779-237-3_16
W2CCAJKK,journalArticle,2014,Bro & Smilde,Principal component analysis,Analytical Methods,y,7 Statistics,Statistics_and_Data_Analysis,,,,high,collection-prior,0,,https://doi.org/10.1039/C3AY41907J
YDY544SX,book,1974,Brown,Admissible Scoring Systems for Continuous Distributions,"The Rand Corporation, 1700 Main Street, Santa Monica, California 90406 (P-5235, $1",y,7 Statistics,Statistics_and_Data_Analysis,,,,medium,collection-prior,3,Statistics_and_Data_Analysis,https://eric.ed.gov/?id=ED135799
F6XEKSBY,journalArticle,1997,Bücher,Site dependence of the energy collection of PV modules,Sol. Energy Mater. Sol. Cells,y,5 Photovoltaics / 5.4 PV Performance and Monitoring,PV_System_Performance,,PV_Standards_and_Measurement,#project/msc-thesis/4-2,high,content(10),10,PV_Standards_and_Measurement,https://doi.org/10.1016/S0927-0248(97)00028-7
P2TXXSVU,bookSection,2017,Bugbee,Economics of LED Lighting,Light Emitting Diodes for Agriculture: Smart Lighting,y,0 Articles / 4 DLI and supplementary light / 04 Cost | 0 Articles / 4 DLI and supplementary light,Horticultural_Lighting,,"Lighting_Strategy_and_Control, Greenhouse_Horticulture",,high,"content-over-collection(Lighting_Strategy_and_Control -> Horticultural_Lighting, 12)",12,Lighting_Strategy_and_Control,https://doi.org/10.1007/978-981-10-5807-3_5
IGZ9Y4EG,report,1994,Bugbee,"Effects of radiation quality, intensity, and duration on photosynthesis and growth",,,0 Articles / 1 Ligh Spectra and Light Intensity / Light Intensity and gas exchange | 0 Articles / 1 Ligh Spectra and Light Intensity | 3 Photobiology / Spectra,Photosynthesis_and_Gas_Exchange,,Light_Quality_and_Photomorphogenesis,,high,collection-prior,2,,http://ntrs.nasa.gov/search.jsp?R=19960011692
FUJLFNCN,conferencePaper,1994,Bula,Light emitting diodes as a plant lighting source,,y,0 Articles / 1 Ligh Spectra and Light Intensity / Light Intensity and gas exchange,Horticultural_Lighting,,"Light_Quality_and_Photomorphogenesis, Photosynthesis_and_Gas_Exchange",,high,"content-over-collection(Photosynthesis_and_Gas_Exchange -> Horticultural_Lighting, 14)",14,Light_Quality_and_Photomorphogenesis,https://ntrs.nasa.gov/search.jsp?R=19960011713
LA9Y2U27,conferencePaper,2006,Bunea et al.,Low Light Performance of Mono-Crystalline Silicon Solar Cells,,y,5 Photovoltaics / 5.5 PV Losses / 5.5.4 Low light,PV_Cell_and_Module_Technologies,,PV_Shading_and_Mismatch,,high,"content-over-collection(PV_Shading_and_Mismatch -> PV_Cell_and_Module_Technologies, 13)",13,PV_Shading_and_Mismatch,https://doi.org/10.1109/WCPEC.2006.279655
7SV6Q75V,journalArticle,1984,Burdett et al.,Early growth of planted spruce,Canadian Journal of Forest Research,,1 Forestry / 1.1 Seedling Performance / 1.1.3 RGC,Forest_Seedling_Production,,Forest_Regeneration,,medium,collection-prior,2,,
A4RM3QGH,journalArticle,1979,Burdett,New methods for measuring root growth capacity: their value in assessing lodgepole pine stock quality,Canadian Journal of Forest Research,,1 Forestry / 1.1 Seedling Performance / 1.1.3 RGC,Forest_Seedling_Production,,Forest_Regeneration,#species/pinus-contorta,high,content(12),12,,
YIP6HCA5,journalArticle,1983,Burdett,Quality control in the production of forest planting stock,The Forestry Chronicle,,1 Forestry / 1.1 Seedling Performance / 1.1.3 RGC,Forest_Seedling_Production,,Forest_Regeneration,,high,collection-prior,0,,
7YQLA2A5,journalArticle,1987,Burdett,Understanding root growth capacity: theoretical considerations in assessing planting stock quality by means of root growth tests,Can. J. For. Res.,y,1 Forestry / 1.1 Seedling Performance / 1.1.3 RGC | 1 Forestry / 1.1 Seedling Performance,Forest_Seedling_Production,,"PAR_and_Spectral_Radiation, Forest_Regeneration",,high,content(13),13,PAR_and_Spectral_Radiation,https://doi.org/10.1139/x87-123
2TWX24XW,book,2019,Bureau International des Poids et Mesures,The International System of Units (SI),Bureau International des Poids et Mesures,,0 Articles / 0 Thesis,Radiometry_and_Photometry,,,#project/thesis,high,content(6),6,,http://www.bipm.org/en/si/si_brochure/
KSAGSCKI,conferencePaper,2005,Burger,Auslegung und Dimensionierung von Wechselrichtern für netzgekoppelte PV-Anlagen,,,5 Photovoltaics / 5.2 PV components / 5.2.2 Inverters and batteries | 5 Photovoltaics / 5.0 TÜV Mustergutachten | 5 Photovoltaics / 5.3 PV systems design,PV_Electrical_Design_and_Inverters,,"Energy_Storage, Solar_Radiation_Modelling",,high,collection-prior,0,,
ZA7IWYAT,journalArticle,2006,Burger & Rüther,Inverter sizing of grid-connected photovoltaic systems in the light of local solar resource distribution characteristics and temperature,Solar Energy,y,5 Photovoltaics / 5.2 PV components / 5.2.2 Inverters and batteries | 5 Photovoltaics / 5.5 PV Losses / 5.5.5 Thermal effects,PV_Electrical_Design_and_Inverters,,"PV_Economics_and_LCA, Energy_Storage, PV_System_Performance",,high,content(6),6,PV_Economics_and_LCA,http://www.sciencedirect.com/science/article/pii/S0038092X05003099
MR3MM4Y2,journalArticle,,Burnette & Hirsh,AN AFFORDABLE DIGITAL GEL IMAGING AND DOCUMENTATION SYSTEM.,,y,0 Articles / 6 Image and color analysis / Photobox,Plant_Phenotyping_and_Image_Analysis,,,,high,collection-prior,3,,
9V7PVV34,journalArticle,1990,Burr et al.,Comparison of three cold hardiness tests for conifer seedlings,Tree Physiology,y,0 Articles / 2 Long night treatment,Frost_Hardiness_and_Freezing_Tests,,Photoperiod_and_Dormancy_Induction,,medium,"content-over-collection(Photoperiod_and_Dormancy_Induction -> Frost_Hardiness_and_Freezing_Tests, 6)",6,Forest_Seedling_Production,https://doi.org/10.1093/treephys/6.4.351
9PJR9DMD,bookSection,2001,Burr et al.,Methods for Measuring Cold Hardiness of Conifers,Conifer Cold Hardiness,y,0 Articles / 2 Long night treatment,Frost_Hardiness_and_Freezing_Tests,,"Chlorophyll_Fluorescence, Photoperiod_and_Dormancy_Induction",,high,"content-over-collection(Photoperiod_and_Dormancy_Induction -> Frost_Hardiness_and_Freezing_Tests, 12)",12,Chlorophyll_Fluorescence,https://doi.org/10.1007/978-94-015-9650-3_14
48HV7NY7,webpage,,BYD Energy Ltd.,BYD - Photovoltaic cell/module,,,5 Photovoltaics / 5.2 PV components / 5.2.1 PV cells and modules,PV_Cell_and_Module_Technologies,,,,high,collection-prior,0,,http://www.bydenergy.com/energy/Products/Energy%20Products/Solar%20cell/%20module/
BNBUTDLZ,journalArticle,2007,Caballero et al.,The role of the CdS buffer layer in CuGaSe2-based solar cells,J. Phys. Condens. Matter,,5 Photovoltaics / 5.2 PV components / 5.2.1 PV cells and modules,Thin_Film_Solar_Cells,,PV_Cell_and_Module_Technologies,,medium,"content-over-collection(PV_Cell_and_Module_Technologies -> Thin_Film_Solar_Cells, 8)",8,PV_Cell_and_Module_Technologies,https://doi.org/10.1088/0953-8984/19/35/356222
2Z7MV44C,webpage,,,Cadmium Telluride (CdTe): Proven Thin Film Semiconductor Technology | First Solar,,,5 Photovoltaics / 5.2 PV components / 5.2.1 PV cells and modules,Thin_Film_Solar_Cells,,PV_Cell_and_Module_Technologies,,high,manual:CdTe technology page,12,,http://www.firstsolar.com/en/Innovation/CdTe-Technology
HPK87HKU,report,1986,Callaghan & McDonald,Electricity from photovoltaic solar cells: Flat-Plate Solar Array Project final report. Volume I: Executive Summary,,y,5 Photovoltaics / 5.4 PV Performance and Monitoring,PV_System_Performance,,PV_Cell_and_Module_Technologies,#project/msc-thesis/4-2,medium,collection-prior,5,PV_Cell_and_Module_Technologies,http://resolver.caltech.edu/CaltechAUTHORS:JPLpub86-31-volumeI
LQWT9D8P,report,2023,Campana et al.,Evaluation of the first agrivoltaic system in Sweden,,y,5 Photovoltaics / 5.3 PV systems design / 5.3.3 Agrivoltaics,Agrivoltaics,,,#region/sweden,high,content(6),6,,https://urn.kb.se/resolve?urn=urn:nbn:se:mdh:diva-64682
TFQKAJEH,journalArticle,2018,Campana et al.,Managing agricultural drought in Sweden using a novel spatially-explicit model from the perspective of water-food-energy nexus,Journal of Cleaner Production,y,0 Articles / 4 DLI and supplementary light / 01 DLI,Lighting_Strategy_and_Control,,PV_Forecasting_and_Ramp_Control,#region/sweden,medium,collection-prior,4,PV_Forecasting_and_Ramp_Control,https://doi.org/10.1016/j.jclepro.2018.06.096
E24BX442,journalArticle,2021,Campana et al.,Optimisation of vertically mounted agrivoltaic systems,Journal of Cleaner Production,y,5 Photovoltaics / 5.3 PV systems design / 5.3.3 Agrivoltaics,Agrivoltaics,,Agriculture,,high,content(6),6,Agriculture,https://doi.org/10.1016/j.jclepro.2021.129091
V25SCIAH,journalArticle,2021,Campana et al.,Optimisation of vertically mounted agrivoltaic systems,Journal of Cleaner Production,y,,Agrivoltaics,,Agriculture,,high,content(9),9,Agriculture,https://doi.org/10.1016/j.jclepro.2021.129091
CKEXNSJX,computerProgram,2020,,metR: Tools for Easier Analysis of Meteorological Fields,,y,0 Articles / 4 DLI and supplementary light / 06 Data,R,,,#type/tool,medium,content-weak(3),3,,https://CRAN.R-project.org/package=metR
SNM8C46K,webpage,,Canadian Solar Inc.,Canadian Solar,,,5 Photovoltaics / 5.2 PV components / 5.2.1 PV cells and modules,PV_Cell_and_Module_Technologies,,,,high,collection-prior,0,,http://www.canadiansolar.com/en/products/standard-modules/1.html
XK4TNADZ,journalArticle,1964,Canham & Canham,Plants and Light,Scientific Horticulture,,0 Articles / 1 Ligh Spectra and Light Intensity / Light Intensity and gas exchange / DLI,Lighting_Strategy_and_Control,,,,high,collection-prior,0,,http://www.jstor.org/stable/45126192
VDBS6RYS,journalArticle,2018,Cardona et al.,Enhancing photosynthesis in plants: the light reactions,Essays In Biochemistry,y,3 Photobiology,Photoinhibition_and_Light_Stress,,,,medium,content-weak(3),3,Photosynthesis_and_Gas_Exchange,https://doi.org/10.1042/EBC20170015
SPC4YU42,report,2015,Carl-Anders Helander,Forests and Forestry in Sweden,,,,Swedish_Forestry,,,#region/sweden,high,content(6),6,,https://www.skogsstyrelsen.se/globalassets/in-english/forests-and-forestry-in-sweden_2015.pdf
Z4XI6GBQ,journalArticle,2011,Carles et al.,"Relationships between frost hardiness, root growth potential, and photosynthesis of nursery-grown white spruce seedlings",Annals of Forest Science,y,0 Articles / 2 Long night treatment,Forest_Seedling_Production,,"Frost_Hardiness_and_Freezing_Tests, Photoperiod_and_Dormancy_Induction",,high,"content-over-collection(Photoperiod_and_Dormancy_Induction -> Forest_Seedling_Production, 14)",14,Frost_Hardiness_and_Freezing_Tests,https://doi.org/10.1007/s13595-011-0138-3
UMDPC9J3,journalArticle,2021,Carotti et al.,"Plant Factories Are Heating Up: Hunting for the Best Combination of Light Intensity, Air Temperature and Root-Zone Temperature in Lettuce Production",Frontiers in Plant Science,y,,Vertical_Farming_and_Urban_Agriculture,,PAR_and_Spectral_Radiation,,high,content(6),6,PAR_and_Spectral_Radiation,https://doi.org/10.3389/fpls.2020.592171
STH4KXME,journalArticle,2015,Carpaneto et al.,Optimal integration of solar energy in a district heating network,Renewable Energy,y,0 Articles / 4 DLI and supplementary light,Lighting_Strategy_and_Control,,,,high,collection-prior,0,,https://doi.org/10.1016/j.renene.2014.10.055
A5B2BTA7,journalArticle,1985,Carter & Smith,Influence of shoot structure on light interception and photosynthesis in conifers,Plant Physiology,y,0 Articles / 1 Ligh Spectra and Light Intensity / Light Intensity and gas exchange / Photomorphogenesis,Light_Quality_and_Photomorphogenesis,,,#species/pinus-contorta,medium,collection-prior,5,Radiometry_and_Photometry,https://doi.org/10.1104/pp.79.4.1038
XJHNMFAL,journalArticle,2015,Casler,Fundamentals of Experimental Design: Guidelines for Designing Successful Experiments,Agronomy Journal,,7 Statistics,Statistics_and_Data_Analysis,,,,high,content(6),6,Agriculture,https://doi.org/10.2134/agronj2013.0114
PUMBP3AN,journalArticle,2008,Casson & Gray,Influence of environmental factors on stomatal development,New Phytologist,,0 Articles / 3 Light shock,Photoinhibition_and_Light_Stress,,Photosynthesis_and_Gas_Exchange,,high,collection-prior,0,,https://doi.org/10.1111/j.1469-8137.2007.02351.x
KEE5NRGT,book,2002,Castaner & Silvestre,Modelling Photovoltaic Systems Using PSpice,Wiley,y,5 Photovoltaics / 5.4 PV Performance and Monitoring,PV_System_Performance,,,#project/msc-thesis/4-2,medium,collection-prior,2,PV_System_Performance,http://books.google.se/books/about/Modelling_Photovoltaic_Systems_Using_PSp.html?hl=&id=VK_vjwEACAAJ
9WG4LKX6,journalArticle,2014,Castellano,Photovoltaic greenhouses: evaluation of shading effect and its influence on agricultural performances,Journal of Agricultural Engineering,y,0 Articles / 5 Agrivoltacis / Solar Greenhouse,PV_Greenhouses,,"Greenhouse_Horticulture, Agrivoltaics",,high,content(6),6,Greenhouse_Horticulture,https://doi.org/10.4081/jae.2014.433
IDSKGUUG,journalArticle,2015,Cebecauer & Suri,Typical Meteorological Year Data: SolarGIS Approach,Energy Procedia,y,,Solar_and_Weather_Data,,Solar_Radiation_Modelling,,high,content(12),12,Solar_Radiation_Modelling,https://doi.org/10.1016/j.egypro.2015.03.195
8LKZDZ98,journalArticle,2015,Chang et al.,Sensitivity of cold acclimation to elevated autumn temperature in field-grown  Pinus strobus  seedlings,Frontiers in Plant Science,y,0 Articles / 2 Long night treatment,Frost_Hardiness_and_Freezing_Tests,,"Photosynthesis_and_Gas_Exchange, Photoperiod_and_Dormancy_Induction",,high,"content-over-collection(Photoperiod_and_Dormancy_Induction -> Frost_Hardiness_and_Freezing_Tests, 12)",12,Photosynthesis_and_Gas_Exchange,https://doi.org/10.3389/fpls.2015.00165
QGTEG2XL,book,1976,Chapman & Carter,Crop production: Principles and Practices,W.H.Freeman & Co Ltd,y,0 Articles / 1 Ligh Spectra and Light Intensity / Light Intensity and gas exchange,Photosynthesis_and_Gas_Exchange,,Light_Quality_and_Photomorphogenesis,,medium,collection-prior,2,,
K49IY85T,journalArticle,2019,Chaudhury et al.,Machine Vision System for 3D Plant Phenotyping,IEEE/ACM Transactions on Computational Biology and Bioinformatics,y,0 Articles / 6 Image and color analysis / Image analysis and Phenotyping,Plant_Phenotyping_and_Image_Analysis,,,,high,content(12),12,Greenhouse_Horticulture,https://doi.org/10.1109/TCBB.2018.2824814
AAGDF766,journalArticle,2014,Cheng et al.,Interspecific differences in whole-plant respiration vs. biomass scaling relationships: a case study using evergreen conifer and angiosperm tree seedlings,Am. J. Bot.,y,1 Forestry / 1.1 Seedling Performance / 1.1.2 Gas Ex. and Ch. F.,Photosynthesis_and_Gas_Exchange,,Chlorophyll_Fluorescence,,medium,collection-prior,2,Plant_Carbon_and_Water_Relations,https://doi.org/10.3732/ajb.1300360
UTF9EDHH,book,2011,Chen,Physics of Solar Energy,John Wiley & Sons,,5 Photovoltaics / 5.3 PV systems design,PV_Cell_and_Module_Technologies,,"PV_System_Performance, PV_Electrical_Design_and_Inverters",#project/msc-thesis,high,manual:physics of solar energy textbook,0,,http://www.amazon.de/dp/0470647809
AJVZ2BPN,journalArticle,2018,Chiang et al.,Day Extension with Far-Red Light Enhances Growth of Subalpine Fir ( Abies lasiocarpa  (Hooker) Nuttall) Seedlings,Forests,y,0 Articles / 4 DLI and supplementary light / 03 LED seedling cultivation | 0 Articles / 4 DLI and supplementary light,Light_Quality_and_Photomorphogenesis,,"Photoperiod_and_Dormancy_Induction, Forest_Seedling_Production, Horticultural_Lighting",,high,"content-over-collection(Horticultural_Lighting -> Light_Quality_and_Photomorphogenesis, 15)",15,Photoperiod_and_Dormancy_Induction,https://doi.org/10.3390/f9040175
X7HW9CGE,journalArticle,2019,Chiang et al.,Latitude and Weather Influences on Sun Light Quality and the Relationship to Tree Growth,Forests,y,0 Articles / 3 Light shock,Light_Quality_and_Photomorphogenesis,,"Climate_Change, Photosynthesis_and_Gas_Exchange, Photoinhibition_and_Light_Stress",,high,"content-over-collection(Photoinhibition_and_Light_Stress -> Light_Quality_and_Photomorphogenesis, 14)",14,Climate_Change,https://doi.org/10.3390/f10080610
EFCKBUE6,report,2015,Chiatante et al.,ZEPHYR Project – Deliverable D3.3: Final report on growth tests and biological validation,,y,2 Controlled Environment Agriculture / 2.4 Zephyr Project | 6 Thesis / Own publications,Forest_Seedling_Production,,Horticultural_Lighting,#project/zephyr #project/own-publications,high,collection-prior,0,,http://du.diva-portal.org/smash/record.jsf?aq2=%5B%5B%5D%5D&c=1&af=%5B%5D&searchType=SIMPLE&query=&language=en&pid=diva2%3A925556&aq=%5B%5B%7B%22personId%22%3A%22mhv+OR+0000-0001-6805-2112%22%7D%5D%5D&sf=all&aqe=%5B%5D&sortOrder=author_sort_asc&onlyFullText=false&noOfRows=50&dswid=-1127
EUTDJ4BW,journalArticle,2004,Chopra et al.,Thin-film solar cells: an overview,Prog. Photovoltaics Res. Appl.,y,5 Photovoltaics / 5.2 PV components / 5.2.1 PV cells and modules,Thin_Film_Solar_Cells,,PV_Cell_and_Module_Technologies,,high,manual:thin-film solar cell overview,10,Thin_Film_Solar_Cells,https://doi.org/10.1002/pip.541
ANV8LMQQ,bookSection,1994,Chow,Photoprotection and Photoinhibitory Damage,Advances in Molecular and Cell Biology,y,0 Articles / 3 Light shock,Photoinhibition_and_Light_Stress,,Photosynthesis_and_Gas_Exchange,,high,content(12),12,Photosynthesis_and_Gas_Exchange,http://www.sciencedirect.com/science/article/pii/S1569255808603975
9NVGMDV3,journalArticle,1978,Christersson,The Influence of Photoperiod and Temperature on the Development of Frost Hardiness in Seedlings of  Pinus silvestris  and  Picea abies ,Physiologia Plantarum,y,0 Articles / 2 Long night treatment,Frost_Hardiness_and_Freezing_Tests,,Photoperiod_and_Dormancy_Induction,#species/picea-abies #species/pinus-sylvestris #region/norway,medium,"content-over-collection(Photoperiod_and_Dormancy_Induction -> Frost_Hardiness_and_Freezing_Tests, 8)",8,Photoperiod_and_Dormancy_Induction,https://doi.org/10.1111/j.1399-3054.1978.tb08634.x
X2BYRIH2,journalArticle,2012,Ciccarese et al.,Ecosystem services from forest restoration: thinking ahead,New Forests,,0 Articles / 1 Ligh Spectra and Light Intensity | 0 Articles / 4 DLI and supplementary light | 1 Forestry,Forest_Regeneration,,"Horticultural_Lighting, Light_Quality_and_Photomorphogenesis, Lighting_Strategy_and_Control",,medium,"content-over-collection(Light_Quality_and_Photomorphogenesis -> Forest_Regeneration, 6)",6,,
JDVFF66J,document,,CIE-International Commission on Illumination,Selected Colorimetric Tables,,y,3 Photobiology / LED for Plants,Horticultural_Lighting,,Light_Quality_and_Photomorphogenesis,,medium,collection-prior,3,,http://files.cie.co.at/204.xls
PH4BNR2E,conferencePaper,1932,CIE,"Commission internationale de l'eclairage proceedings, 1931",Cambridge University Press,,,Radiometry_and_Photometry,,,#project/msc-thesis,high,content(6),6,,
5U7PSGPQ,journalArticle,1998,Clapham et al.,Latitudinal cline of requirement for far-red light for the photoperiodic control of budset and extension growth in  Picea abies  (Norway spruce),Physiologia Plantarum,y,0 Articles / 1 Ligh Spectra and Light Intensity / Light spectra and field trial | 0 Articles / 4 DLI and supplementary light / 03 LED seedling cultivation | 0 Articles / 4 DLI and supplementary light,Light_Quality_and_Photomorphogenesis,,"Photoperiod_and_Dormancy_Induction, Forest_Seedling_Production, Horticultural_Lighting",#species/picea-abies #region/norway,high,content(9),9,Photoperiod_and_Dormancy_Induction,https://doi.org/10.1034/j.1399-3054.1998.1020110.x
KZGIRNML,bookSection,2001,Clapham et al.,Molecular Biology of Conifer Frost Tolerance and Potential Applications to Tree Breeding,Conifer Cold Hardiness,y,0 Articles / 2 Long night treatment,Frost_Hardiness_and_Freezing_Tests,,Photoperiod_and_Dormancy_Induction,,high,manual:molecular biology of conifer frost tolerance,9,Frost_Hardiness_and_Freezing_Tests,https://doi.org/10.1007/978-94-015-9650-3_8
8PB5JU6D,journalArticle,2002,Clapham et al.,Requirement for far-red light to maintain secondary needle extension growth in northern but not southern populations of  Pinus sylvestris  (Scots pine),Physiologia Plantarum,y,0 Articles / 4 DLI and supplementary light / 03 LED seedling cultivation | 0 Articles / 4 DLI and supplementary light,Light_Quality_and_Photomorphogenesis,,"Horticultural_Lighting, Forest_Seedling_Production, Lighting_Strategy_and_Control",#species/picea-abies #species/pinus-sylvestris,medium,"content-over-collection(Horticultural_Lighting -> Light_Quality_and_Photomorphogenesis, 6)",6,Horticultural_Lighting,https://doi.org/10.1034/j.1399-3054.2002.1140206.x
NZMTGN98,journalArticle,1994,Clason & Dormody,Analyzing data measured by individual Likert-type items,Journal of Agricultural Education,,7 Statistics,Statistics_and_Data_Analysis,,,,high,collection-prior,0,,http://pubs.aged.tamu.edu/jae/pdf/vol35/35-04-31.pdf
Z9I36M4A,conferencePaper,2015,Clausen et al.,Integrating Commercial Greenhouses in the Smart Grid with Demand Response based Control of Supplemental Lighting,Atlantis Press,y,,Lighting_Strategy_and_Control,,Greenhouse_Horticulture,,high,content(6),6,Greenhouse_Horticulture,https://doi.org/10.2991/itms-15.2015.50
VTTXASFH,journalArticle,2002,Claveau et al.,Growth and crown morphological responses of boreal conifer seedlings and saplings with contrasting shade tolerance to a gradient of light and height,Canadian Journal of Forest Research,y,0 Articles / 1 Ligh Spectra and Light Intensity / Light Intensity and gas exchange,Photosynthesis_and_Gas_Exchange,,Light_Quality_and_Photomorphogenesis,,medium,collection-prior,2,Light_Quality_and_Photomorphogenesis,https://doi.org/10.1139/x01-220
328P62TM,journalArticle,2018,Clifton et al.,Wind and solar resource data sets,WIREs Energy and Environment,y,,Solar_and_Weather_Data,,Power_Systems_and_Grid_Integration,,high,manual:review of resource data sets themselves; data-first rule,3,Power_Systems_and_Grid_Integration,https://doi.org/10.1002/wene.276
NV8MD6DN,journalArticle,2002,Close et al.,"Effect of shadecloth tree shelters on cold-induced photoinhibition, foliar anthocyanin and growth of  Eucalyptus globulus  and  E. nitens  seedlings during esta",Australian Journal of Botany,y,0 Articles / 3 Light shock,Photoinhibition_and_Light_Stress,,Photosynthesis_and_Gas_Exchange,,high,content(9),9,Forest_Regeneration,https://doi.org/10.1071/bt01038
7WE8G4FR,journalArticle,2005,Close et al.,The physiological basis of containerised tree seedling ‘transplant shock’: a review,Australian Forestry,y,0 Articles / 3 Light shock,Photoinhibition_and_Light_Stress,,Photosynthesis_and_Gas_Exchange,,high,collection-prior,3,Forest_Seedling_Production,https://doi.org/10.1080/00049158.2005.10674954
DWUB2EEL,journalArticle,2018,Colantoni et al.,Solar Radiation Distribution inside a Greenhouse Prototypal with Photovoltaic Mobile Plant and Effects on Flower Growth,Sustainability,y,0 Articles / 5 Agrivoltacis / Solar Greenhouse,PV_Greenhouses,,"Greenhouse_Horticulture, Agrivoltaics",#project/light-model,high,manual:light distribution inside a PV greenhouse,6,Greenhouse_Horticulture,https://doi.org/10.3390/su10030855
FGSAGBYN,conferencePaper,2011,Colli et al.,Comparative Performance of Various PV Technologies in Different Italian Locations,"Linköping University Electronic Press, Linköpings universitet",y,5 Photovoltaics / 5.4 PV Performance and Monitoring,PV_System_Performance,,,#project/msc-thesis/4-2,high,content(7),7,PV_Standards_and_Measurement,https://doi.org/10.3384/ecp11057
ESNDJK64,journalArticle,1990,Colombo,"Bud Dormancy Status, Frost Hardiness. Shoot Moisture Content, and Readiness of Black Spruce Container Seedlings for Frozen Storage",Journal of the American Society for Horticultural Science,,0 Articles / 2 Long night treatment,Frost_Hardiness_and_Freezing_Tests,,Photoperiod_and_Dormancy_Induction,,medium,"content-over-collection(Photoperiod_and_Dormancy_Induction -> Frost_Hardiness_and_Freezing_Tests, 6)",6,Photoperiod_and_Dormancy_Induction,https://doi.org/10.21273/JASHS.115.2.302
S8E2HT35,journalArticle,2003,Colombo et al.,"Daylength, temperature and fertilization effects on desiccation resistance, cold hardiness and root growth potential of  Picea mariana  seedlings",Annals of Forest Science,y,0 Articles / 2 Long night treatment,Forest_Seedling_Production,,"Frost_Hardiness_and_Freezing_Tests, Photoperiod_and_Dormancy_Induction",,medium,"content-over-collection(Photoperiod_and_Dormancy_Induction -> Forest_Seedling_Production, 8)",8,Frost_Hardiness_and_Freezing_Tests,https://doi.org/10.1051/forest:2003022
HDE5G9VV,bookSection,2001,Colombo et al.,Influence of Nursery Cultural Practices on Cold Hardiness of Coniferous Forest Tree Seedlings,Conifer Cold Hardiness,y,0 Articles / 2 Long night treatment | 3 Photobiology / LED for Plants,Forest_Seedling_Production,,"Frost_Hardiness_and_Freezing_Tests, Photoperiod_and_Dormancy_Induction, Horticultural_Lighting",,medium,"content-over-collection(Photoperiod_and_Dormancy_Induction -> Forest_Seedling_Production, 8)",8,Frost_Hardiness_and_Freezing_Tests,http://link.springer.com/chapter/10.1007/978-94-015-9650-3_9
2JH34W7M,journalArticle,2008,Colombo,Ontario's forests and forestry in a changing climate,Climate Change Research Report - Ontario Forest Research Institute,y,1 Forestry / 1.1 Seedling Performance,Climate_Change,,Forest_Seedling_Production,,medium,"content-over-collection(Forest_Seedling_Production -> Climate_Change, 6)",6,Greenhouse_Horticulture,
VIBGKY7B,conferencePaper,2005,Colombo,Thin Green Line Symposium,Ontario Ministry of Natural Resources Forest Research Information Paper No. 160,y,1 Forestry / 1.1 Seedling Performance,Forest_Seedling_Production,,,,medium,collection-prior,3,,https://rngr.net/publications/tgl/the-thin-green-line-proceedings/at_download/file
8SAXE59G,journalArticle,1994,Colombo,Timing of cold temperature exposure affects root and shoot frost hardiness of  Picea Mariana  container seedlings,Scandinavian Journal of Forest Research,y,0 Articles / 2 Long night treatment,Frost_Hardiness_and_Freezing_Tests,,Photoperiod_and_Dormancy_Induction,#region/nordic,medium,"content-over-collection(Photoperiod_and_Dormancy_Induction -> Frost_Hardiness_and_Freezing_Tests, 6)",6,Forest_Seedling_Production,https://doi.org/10.1080/02827589409382812
WMWXLJFC,webpage,,,ColorBrewer: Color Advice for Maps,,,,Cartography_and_Map_Design,,,,high,content(6),6,,https://colorbrewer2.org/#type=diverging&scheme=PuOr&n=4
TQ5BXRGR,presentation,2016,,Contratos de interconexión en pequeña y mediana escala - Estadísticas 2015,,,5 Photovoltaics / 5.1 PV general data / 5.1.1 PV-Mexico,Electricity_Markets_and_Prices,,PV_System_Performance,#region/mexico #project/msc-thesis/4-13,high,manual:Mexican interconnection contract statistics,0,,http://www.cre.gob.mx/documento/2109.pdf
F6QDP2SK,book,2015,"Commission of the European Union. Directorate General for Employment, Social Affairs and Inclusion.","Icke-bindande vägledning för god praxis vid tillämpningen av direktiv 2013/35/EU elektromagnetiska fält.Volym 1, Praktisk vägledning .",Publications Office,,5 Photovoltaics / 5.12 PV health risks,Permitting_and_Environmental_Assessment,,,,high,collection-prior,0,,https://data.europa.eu/doi/10.2767/9804
NL7R4JNL,webpage,,,Continuous Ranked Probability Score (CRPS) - Lokad,,,7 Statistics,Statistics_and_Data_Analysis,,,,high,collection-prior,0,,https://www.lokad.com/continuous-ranked-probability-score
VUL98K78,report,2015,Conviron,Cannabis Production - Precision Controlled Environments,,y,2 Controlled Environment Agriculture / 2.2 Vertical Farming | 2 Controlled Environment Agriculture,Vertical_Farming_and_Urban_Agriculture,,,,high,collection-prior,0,,http://www.conviron.com/sites/default/files/cannabis_production_rev1_0.pdf
PVFTBVVM,report,2015,Conviron,Considering LEDs for cannabis? Choose carefully as they are not all the same,,,2 Controlled Environment Agriculture / 2.2 Vertical Farming | 2 Controlled Environment Agriculture,Horticultural_Lighting,,Vertical_Farming_and_Urban_Agriculture,,medium,"content-over-collection(Vertical_Farming_and_Urban_Agriculture -> Horticultural_Lighting, 6)",6,,http://www.conviron.com/sites/default/files/LED-for-Cannabis.pdf
H6K7I5GK,journalArticle,2014,Cope et al.,Photobiological interactions of blue light and photosynthetic photon flux: effects of monochromatic and broad-spectrum light sources,Photochem. Photobiol.,y,0 Articles / 1 Ligh Spectra and Light Intensity / Light spectra and field trial | 0 Articles / 1 Ligh Spectra and Light Intensity | 3 Photobiology / Spectra,Light_Quality_and_Photomorphogenesis,,"Horticultural_Lighting, Forest_Seedling_Production",,high,content(12),12,Horticultural_Lighting,https://doi.org/10.1111/php.12233
UQEP5NA7,journalArticle,2013,Copper et al.,Australian Technical Guidelines for Monitoring and Analysing Photovoltaic Systems,,,5 Photovoltaics / 5.4 PV Performance and Monitoring,PV_System_Performance,,,#project/msc-thesis/4-2,high,collection-prior,4,,http://apvi.org.au/wp-content/uploads/2013/11/Australian-PV-System-Monitoring-Guideline-20131.pdf
P7CNRGGS,journalArticle,2016,Copper et al.,Photovoltaic (PV) performance modelling in the absence of onsite measured plane of array irradiance (POA) and module temperature,Renewable Energy,y,5 Photovoltaics / 5.4 PV Performance and Monitoring,PV_System_Performance,,Building_Integrated_PV,#project/msc-thesis/4-2,medium,collection-prior,4,Building_Integrated_PV,https://doi.org/10.1016/j.renene.2015.09.005
QM2DVERT,book,2013,Corkish et al.,Applied Photovoltaics,Routledge,y,5 Photovoltaics,PV_Cell_and_Module_Technologies,,,,high,"manual:general PV textbook, cell-to-system emphasis",3,PV_Cell_and_Module_Technologies,
7D3SUNYX,conferencePaper,2013,Cormode et al.,"Comparing ramp rates from large and small PV systems, and selection of batteries for ramp rate control",,y,5 Photovoltaics / 5.10 PV ramp control,PV_Forecasting_and_Ramp_Control,,Energy_Storage,,high,content(10),10,Energy_Storage,https://doi.org/10.1109/PVSC.2013.6744493
SV6YASVS,journalArticle,1983,Corrẽ,Growth and Morphogenesis of Sun and Shade Plants Iii. the Combined Effects of Light Intensity and Nutrient Supply,Acta Botanica Neerlandica,y,0 Articles / 3 Light shock,Photoinhibition_and_Light_Stress,,Photosynthesis_and_Gas_Exchange,,high,collection-prior,4,,https://doi.org/10.1111/j.1438-8677.1983.tb01713.x
5ADBIK3T,journalArticle,2016,Cossu et al.,Advances on the semi-transparent modules based on micro solar cells: First integration in a greenhouse system,Applied Energy,y,0 Articles / 5 Agrivoltacis / Solar Greenhouse,PV_Cell_and_Module_Technologies,,"PV_Greenhouses, Greenhouse_Horticulture, Agrivoltaics",,medium,"content-over-collection(PV_Greenhouses -> PV_Cell_and_Module_Technologies, 7)",7,PV_Greenhouses,https://doi.org/10.1016/j.apenergy.2015.11.002
QYDNJFAX,journalArticle,2020,Cossu et al.,Agricultural sustainability estimation of the European photovoltaic greenhouses,European Journal of Agronomy,y,0 Articles / 5 Agrivoltacis,PV_Greenhouses,,"Lighting_Strategy_and_Control, Agrivoltaics",,high,"content-over-collection(Agrivoltaics -> PV_Greenhouses, 9)",9,Lighting_Strategy_and_Control,https://doi.org/10.1016/j.eja.2020.126074
67L4Y89M,journalArticle,2017,Cossu et al.,An algorithm for the calculation of the light distribution in photovoltaic greenhouses,Solar Energy,y,0 Articles / 5 Agrivoltacis / Energy calculation | 0 Articles / 5 Agrivoltacis / Solar Greenhouse,PV_Greenhouses,,"Greenhouse_Horticulture, Solar_Radiation_Modelling, PAR_and_Spectral_Radiation",#project/light-model,high,"content-over-collection(PAR_and_Spectral_Radiation -> PV_Greenhouses, 9)",9,Greenhouse_Horticulture,https://doi.org/10.1016/j.solener.2016.11.024
5QTW4VUS,journalArticle,2018,Cossu et al.,Assessment and comparison of the solar radiation distribution inside the main commercial photovoltaic greenhouse types in Europe,Renewable and Sustainable Energy Reviews,y,0 Articles / 5 Agrivoltacis / Solar Greenhouse | 0 Articles / 4 DLI and supplementary light | 0 Articles / 5 Agrivoltacis,PV_Greenhouses,,"Greenhouse_Horticulture, Agrivoltaics, Lighting_Strategy_and_Control",#project/light-model,high,content(6),6,Greenhouse_Horticulture,https://doi.org/10.1016/j.rser.2018.06.001
LBP6LAG7,journalArticle,2014,Cossu et al.,Solar radiation distribution inside a greenhouse with south-oriented photovoltaic roofs and effects on crop productivity,Applied Energy,y,0 Articles / 5 Agrivoltacis / Solar Greenhouse,PV_Greenhouses,,"Solar_Radiation_Modelling, Greenhouse_Horticulture, Agrivoltaics",#project/light-model,medium,collection-prior,4,Solar_Radiation_Modelling,https://doi.org/10.1016/j.apenergy.2014.07.070
V6SS6SEL,journalArticle,2019,Craver et al.,Comparison of Supplemental Lighting Provided by High-pressure Sodium Lamps or Light-emitting Diodes for the Propagation and Finishing of Bedding Plants in a Com,HortScience,,0 Articles / 1 Ligh Spectra and Light Intensity,Horticultural_Lighting,,"Lighting_Strategy_and_Control, Light_Quality_and_Photomorphogenesis",,high,"content-over-collection(Light_Quality_and_Photomorphogenesis -> Horticultural_Lighting, 12)",12,Lighting_Strategy_and_Control,https://doi.org/10.21273/HORTSCI13471-18
H8EVJ33U,bookSection,2016,Craver & Lopez,Control of morphology by manipulating light quality and daily light integral using LEDs,LED Lighting for Urban Agriculture,,0 Articles / 4 DLI and supplementary light / 03 LED seedling cultivation / 3.1 Importance of LEDs | 0 Articles / 1 Ligh Spectra and Light Intensity / Light Intensity and gas exchange | 0 Articles / 1 Ligh Spectra and Light Intensity / Light spectra and field trial | 0 Articles / 4 DLI and supplementary light / 01 DLI,Lighting_Strategy_and_Control,,"Light_Quality_and_Photomorphogenesis, Horticultural_Lighting, Photosynthesis_and_Gas_Exchange",,high,"content-over-collection(Horticultural_Lighting -> Lighting_Strategy_and_Control, 10)",10,Light_Quality_and_Photomorphogenesis,
GW3GR7V5,journalArticle,2017,Craver et al.,Light Intensity and Light Quality from Sole-source Light-emitting Diodes Impact Phytochemical Concentrations within  Brassica  Microgreens,Journal of the American Society for Horticultural Science,y,0 Articles / 1 Ligh Spectra and Light Intensity / Light Intensity and gas exchange,Light_Quality_and_Photomorphogenesis,,"Horticultural_Lighting, Photosynthesis_and_Gas_Exchange",,high,"content-over-collection(Photosynthesis_and_Gas_Exchange -> Light_Quality_and_Photomorphogenesis, 13)",13,Horticultural_Lighting,https://doi.org/10.21273/JASHS03830-16
4IU35SF9,book,2012,Crawley,The R Book,Wiley,y,7 Statistics,Statistics_and_Data_Analysis,,,,high,collection-prior,4,,
VHXU4E9L,journalArticle,2000,Crawley et al.,EnergyPlus: energy simulation program,ASHRAE,y,5 Photovoltaics / 5.6 PV software,Building_Integrated_PV,,PV_Modelling_Tools,,high,manual:EnergyPlus; building energy candidate,0,,http://search.proquest.com/openview/e9bc3749fef79c2e58edb66bba78f368/1?pq-origsite=gscholar
NS6MHKS7,conferencePaper,2001,Crawley et al.,EnergyPlus: a new-generation building energy simulation program,,,5 Photovoltaics / 5.6 PV software,Building_Integrated_PV,,PV_Modelling_Tools,,high,manual:EnergyPlus; building energy candidate,0,,http://citeseerx.ist.psu.edu/viewdoc/download?doi=10.1.1.116.4331&rep=rep1&type=pdf
228RXQ9D,bookSection,2012,Crawley,Mixed-Effects Models,The R Book,y,7 Statistics,Statistics_and_Data_Analysis,,,,high,content(10),10,,
4I3Z88F7,journalArticle,1983,Critten,Greenhouse light transmission: The shading effect of infinite parallel cylinders under diffuse light,Journal of Agricultural Engineering Research,y,0 Articles / 4 DLI and supplementary light / 05 Greenhouse energy | 0 Articles / 5 Agrivoltacis / Energy calculation,Greenhouse_Horticulture,,"Lighting_Strategy_and_Control, PAR_and_Spectral_Radiation",#project/light-model,high,collection-prior,4,Solar_Radiation_Modelling,https://doi.org/10.1016/0021-8634(83)90120-8
EIJF9557,journalArticle,2007,Cumming et al.,Error bars in experimental biology,J. Cell Biol.,,7 Statistics,Statistics_and_Data_Analysis,,,,high,collection-prior,0,,https://doi.org/10.1083/jcb.200611141
XVRG4WQT,journalArticle,2007,Cummings et al.,Red to far-red ratio correction in plant growth chambers – growth responses and influence of thermal load on garden pea,Physiologia Plantarum,y,0 Articles / 1 Ligh Spectra and Light Intensity / Light spectra and field trial / R:FR,Light_Quality_and_Photomorphogenesis,,Horticultural_Lighting,,high,content(9),9,Horticultural_Lighting,https://doi.org/10.1111/j.1399-3054.2007.00958.x
5SJCHNYZ,journalArticle,2013,Currey & Lopez,"Cuttings of Impatiens, Pelargonium, and Petunia propagated under light-emitting diodes and high-pressure sodium lamps have comparable growth, …",HortScience,,3 Photobiology / LED for Plants,Horticultural_Lighting,,Light_Quality_and_Photomorphogenesis,,high,content(12),12,,
SKB9LWCB,journalArticle,1988,Cuthrell et al.,"Residual stress anisotropy, stress control, and resistivity in post cathode magnetron sputter deposited molybdenum films",J. Vac. Sci. Technol. A,y,5 Photovoltaics / 5.2 PV components / 5.2.1 PV cells and modules,Thin_Film_Solar_Cells,,PV_Cell_and_Module_Technologies,,high,"content-over-collection(PV_Cell_and_Module_Technologies -> Thin_Film_Solar_Cells, 10)",10,PV_Cell_and_Module_Technologies,https://doi.org/10.1116/1.575451
F3GJAUVU,blogPost,,,Daily Light Integral (DLI) measurement using LI-COR Light Sensors – Newsline,,,0 Articles / 4 DLI and supplementary light / 01 DLI / Supplementary light control,Lighting_Strategy_and_Control,,Greenhouse_Horticulture,,high,content(10),10,,http://www.licor.com/env/newsline/2013/01/daily-light-integral-dli-measurement-using-li-cor-light-sensors/
V28MQKKX,journalArticle,2013,Dang,Improving the quality and reliability of gas exchange measurements,J Plant Physiol Pathol 1,,0 Articles / 1 Ligh Spectra and Light Intensity / Light Intensity and gas exchange | 1 Forestry / 1.1 Seedling Performance / 1.1.2 Gas Ex. and Ch. F. | 0 Articles / 1 Ligh Spectra and Light Intensity,Photosynthesis_and_Gas_Exchange,,Light_Quality_and_Photomorphogenesis,,high,manual:quality of gas exchange measurements,6,Photosynthesis_and_Gas_Exchange,
GQZCGPHC,blogPost,2017,DAO,Everything You Need to Know About Operations & Maintenance (O&M) For Utility Scale PV Solar Plants,,y,5 Photovoltaics / 5.3 PV systems design,PV_Degradation_and_Reliability,,"PV_System_Performance, PV_Electrical_Design_and_Inverters",,high,manual:utility-scale O&M overview,0,,https://medium.com/@solar.dao/everything-you-need-to-know-about-operations-maintenance-o-m-for-utility-scale-pv-solar-plants-9d0048e9b9a2
HESE3AMV,conferencePaper,2002,Darula & Kittler,CIE general sky standard defining luminance distributions,,y,0 Articles / 5 Agrivoltacis / Energy calculation,Radiometry_and_Photometry,,"Solar_Radiation_Modelling, PAR_and_Spectral_Radiation",,medium,"content-over-collection(PAR_and_Spectral_Radiation -> Radiometry_and_Photometry, 6)",6,,
JWACR7ZW,journalArticle,2014,Das & Roychoudhury,Reactive oxygen species (ROS) and response of antioxidants as ROS-scavengers during environmental stress in plants,Frontiers in Environmental Science,y,0 Articles / 3 Light shock,Photoinhibition_and_Light_Stress,,"Plant_Carbon_and_Water_Relations, Photosynthesis_and_Gas_Exchange",,medium,collection-prior,3,Plant_Carbon_and_Water_Relations,https://doi.org/10.3389/fenvs.2014.00053
IC59QF6J,journalArticle,2015,Dassot & Collet,"Manipulating seed availability, plant competition and litter accumulation by soil preparation and canopy opening to ensure regeneration success in temperate low",European Journal of Forest Research,y,1 Forestry / 2 Forest regeneration,Forest_Regeneration,,,,high,content(9),9,Forest_Seedling_Production,https://doi.org/10.1007/s10342-014-0847-x
J9URZJKY,journalArticle,2015,Davies & Gray,Don't let spurious accusations of pseudoreplication limit our ability to learn from natural experiments (and other messy kinds of ecological monitoring),Ecology and Evolution,y,7 Statistics,Statistics_and_Data_Analysis,,PV_System_Performance,,high,content(13),13,PV_System_Performance,https://doi.org/10.1002/ece3.1782
Z64HLJ94,report,2005,Davis et al.,Comparison of photovoltaic module performance measurements,,,5 Photovoltaics / 5.4 PV Performance and Monitoring,PV_System_Performance,,,#project/msc-thesis/4-2,high,collection-prior,2,,
VHFK2GH9,journalArticle,2016,Davis & Burns,Photobiology in protected horticulture,Food and Energy Security,y,0 Articles / 4 DLI and supplementary light,Horticultural_Lighting,,"Light_Quality_and_Photomorphogenesis, Lighting_Strategy_and_Control",,medium,"content-over-collection(Lighting_Strategy_and_Control -> Horticultural_Lighting, 6)",6,Light_Quality_and_Photomorphogenesis,https://doi.org/10.1002/fes3.97
5JXWEGET,bookSection,2004,Day et al.,General Biology and Life Cycles of Bark Weevils,"Bark and Wood Boring Insects in Living Trees in Europe, a Synthesis",,1 Forestry / 2 Forest regeneration,Forest_Regeneration,,,,medium,collection-prior,3,,https://doi.org/10.1007/978-1-4020-2241-8_14
SKN6XWGW,report,,Day,Seeing without eyes-how plants learn from light,,,1 Forestry / 1.1 Seedling Performance / 1.1.1 Photosynthesis | 3 Photobiology / Spectra,Photosynthesis_and_Gas_Exchange,,"Forest_Seedling_Production, Light_Quality_and_Photomorphogenesis",,high,collection-prior,0,,http://www.saps.org.uk/attachments/article/543/SAPS%20Seeing%20Without%20Eyes%20Article.pdf
756KLULT,journalArticle,2015,de la Parra et al.,Control strategies to use the minimum energy storage requirement for PV power ramp-rate control,Solar Energy,y,5 Photovoltaics / 5.10 PV ramp control,PV_Forecasting_and_Ramp_Control,,Energy_Storage,,high,manual:ramp-rate control; sits with Marcos and Makibar,15,PV_Forecasting_and_Ramp_Control,https://doi.org/10.1016/j.solener.2014.10.038
GCXN9DAY,journalArticle,2018,del Valle et al.,"Digital photography provides a fast, reliable, and noninvasive method to estimate anthocyanin pigment concentration in reproductive and vegetative plant tissues",Ecology and evolution,y,0 Articles / 6 Image and color analysis / Image analysis and Phenotyping | 0 Articles / 6 Image and color analysis / Photobox,Plant_Phenotyping_and_Image_Analysis,,,,high,collection-prior,0,,https://doi.org/10.1002/ece3.3804
GHV2U2T6,journalArticle,1989,Demmig-Adams et al.,"Photochemical efficiency of photosystem II, photon yield of O 2  evolution, photosynthetic capacity, and carotenoid composition during the midday depression of ",Planta,y,1 Forestry / 1.1 Seedling Performance / 1.1.2 Gas Ex. and Ch. F.,Photosynthesis_and_Gas_Exchange,,Chlorophyll_Fluorescence,,high,content(8),8,Chlorophyll_Fluorescence,https://doi.org/10.1007/BF00403596
V47XFKI6,journalArticle,1992,Demmig-Adams & Adams,Photoprotection and other responses of plants to high light stress,Annual Review of Plant Physiology and Plant Molecular Biology,,0 Articles / 3 Light shock,Photoinhibition_and_Light_Stress,,Photosynthesis_and_Gas_Exchange,,high,content(16),16,,https://doi.org/10.1146/annurev.pp.43.060192.003123
CW8PSFKZ,journalArticle,1981,Deppisch,Film thickness uniformity of sputter deposited layers-comparison between calculation and practical results,Vacuum,,5 Photovoltaics / 5.2 PV components / 5.2.1 PV cells and modules,Thin_Film_Solar_Cells,,PV_Cell_and_Module_Technologies,,medium,"content-over-collection(PV_Cell_and_Module_Technologies -> Thin_Film_Solar_Cells, 6)",6,,https://doi.org/10.1016/0042-207X(82)94117-3
LTKLSPLM,book,2012,Derek Bewley et al.,"Seeds: Physiology of Development, Germination and Dormancy, 3rd Edition",Springer Science & Business Media,y,0 Articles / 1 Ligh Spectra and Light Intensity / Light Intensity and gas exchange | 0 Articles / 1 Ligh Spectra and Light Intensity,Photoperiod_and_Dormancy_Induction,,"Light_Quality_and_Photomorphogenesis, Photosynthesis_and_Gas_Exchange",,medium,"content-over-collection(Photosynthesis_and_Gas_Exchange -> Photoperiod_and_Dormancy_Induction, 6)",6,,http://books.google.se/books/about/Seeds.html?hl=&id=6-VGFeUrOX4C
BRBNBRBE,journalArticle,2006,De Soto et al.,Improvement and validation of a model for photovoltaic array performance,Solar Energy,y,5 Photovoltaics / 5.4 PV Performance and Monitoring,PV_Cell_and_Module_Technologies,,PV_System_Performance,#project/msc-thesis/4-2,medium,"content-over-collection(PV_System_Performance -> PV_Cell_and_Module_Technologies, 6)",6,PV_System_Performance,https://doi.org/10.1016/j.solener.2005.06.010
G76TB8UI,journalArticle,2010,Despommier,The vertical farm: controlled environment agriculture carried out in tall buildings would create greater food safety and security for large urban populations,J. Verbraucherschutz Lebensmittelsicherh.,y,2 Controlled Environment Agriculture / 2.2 Vertical Farming | 2 Controlled Environment Agriculture,Vertical_Farming_and_Urban_Agriculture,,Climate_Change,,high,content(6),6,Climate_Change,https://doi.org/10.1007/s00003-010-0654-3
GF5MHH76,book,2010,Despommier,The vertical farm: feeding the world in the 21st century,Macmillan,y,2 Controlled Environment Agriculture / 2.2 Vertical Farming | 2 Controlled Environment Agriculture,Vertical_Farming_and_Urban_Agriculture,,,,high,content(6),6,,https://www.google.com/books?hl=en&lr=&id=0DxTK0jW35sC&oi=fnd&pg=PP2&dq=The+Vertical+Farm:+Feeding+the+World+in+the+21st+Century&ots=wi9sS_VWRx&sig=U06uuJ4KnKjor1-WR09ubktt9II
45KTRLH4,book,2013,,"Planning and Installing Photovoltaic Systems: A Guide for Installers, Architects and Engineers",Routledge,y,5 Photovoltaics / 5.3 PV systems design,PV_Electrical_Design_and_Inverters,,PV_System_Performance,#project/msc-thesis,medium,collection-prior,3,PV_Electrical_Design_and_Inverters,
5YQ7FANC,report,2008,de Villiers,Energy Investments And CO 2  Emissions For Fresh Produce Imported Into New York State Compared To The Same Crops Grown Locally,,,0 Articles / 4 DLI and supplementary light | 2 Controlled Environment Agriculture / 2.1 Greenhouses and Growth chambers | 2 Controlled Environment Agriculture,Lighting_Strategy_and_Control,,Greenhouse_Horticulture,,high,collection-prior,0,,http://www.cornellcea.com/finalReports/EnergyScopingStudyFinalReport.pdf
X5EGHXP2,book,1975,Devlin,Plant physiology,Van Nostrand Reinhold Company,y,0 Articles / 1 Ligh Spectra and Light Intensity / Light Intensity and gas exchange | 0 Articles / 1 Ligh Spectra and Light Intensity / Light spectra and field trial,Photosynthesis_and_Gas_Exchange,Carbon and Water Relations,Light_Quality_and_Photomorphogenesis,#needs-topic,medium,"content-over-collection(Photosynthesis_and_Gas_Exchange -> Plant_Carbon_and_Water_Relations, 6)",6,Photosynthesis_and_Gas_Exchange,
6BMUSGQK,book,2011,Devore,Probability and Statistics for Engineering and the Sciences,Cengage Learning,y,7 Statistics,Statistics_and_Data_Analysis,,,,high,collection-prior,2,,http://books.google.de/books?id=3qoP7dlO4BUC
IQPYF6JT,report,2011,de Zwart et al.,Benutting van zonne-energie in de tuinbouw: een strategische verkenning,,,0 Articles / 5 Agrivoltacis / Solar Greenhouse | 5 Photovoltaics / 5.2 PV components / 5.2.3 Bifacial | 2 Controlled Environment Agriculture / 2.1 Greenhouses and Growth chambers | 2 Controlled Environment Agriculture,PV_Greenhouses,,"Greenhouse_Horticulture, Agrivoltaics, Bifacial_PV_and_Albedo",,high,collection-prior,0,,http://edepot.wur.nl/193739
AXFSXFBF,journalArticle,1986,Dhere et al.,Preparation and characterization of vacuum deposited CuInSe2 thin films,Solar Cells,y,5 Photovoltaics / 5.2 PV components / 5.2.1 PV cells and modules,Thin_Film_Solar_Cells,,PV_Cell_and_Module_Technologies,,high,"content-over-collection(PV_Cell_and_Module_Technologies -> Thin_Film_Solar_Cells, 15)",15,PV_Cell_and_Module_Technologies,https://doi.org/10.1016/0379-6787(86)90097-9
BINC84AI,journalArticle,1960,Dickson et al.,Quality appraisal of white spruce and white pine seedling stock in nurseries,The Forestry Chronicle,y,1 Forestry / 1.1 Seedling Performance,Forest_Seedling_Production,,,,high,collection-prior,5,,https://doi.org/10.5558/tfc36010-1
UHP57Z35,journalArticle,2013,Dierauf et al.,Weather-Corrected Performance Ratio,Contract,,5 Photovoltaics / 5.4 PV Performance and Monitoring,PV_System_Performance,,,#project/msc-thesis/4-2,high,content(8),8,,
48ZMLUG7,journalArticle,1987,Diffey & McKinlay,"A reference action spectrum for ultraviolet induced erythema in human skin, Human Exposure to UV radiation: Risks and Regulations, 83–87","Elsevier, NY",,3 Photobiology / UV,Light_Quality_and_Photomorphogenesis,,,,high,collection-prior,0,,
E2PNANV9,book,2020,DiLouie,Lighting Controls Handbook,CRC Press,y,,Lighting_Strategy_and_Control,,PV_Degradation_and_Reliability,,high,content(6),6,PV_Degradation_and_Reliability,
GJ2DYCEK,journalArticle,2016,Dinesh & Pearce,The potential of agrivoltaic systems,Renewable and Sustainable Energy Reviews,y,0 Articles / 5 Agrivoltacis / Solar Greenhouse,Agrivoltaics,,"Building_Integrated_PV, Greenhouse_Horticulture, PV_Greenhouses",,medium,"content-over-collection(PV_Greenhouses -> Agrivoltaics, 6)",6,Building_Integrated_PV,https://doi.org/10.1016/j.rser.2015.10.024
A2A2QYSG,conferencePaper,2008,Di Piazza et al.,Statistical processing of data coming from a photovoltaic plant for accurate energy planning,,,7 Statistics,Statistics_and_Data_Analysis,,,,high,collection-prior,2,,
ERVHHT6F,book,2008,Directorate-General for Environment (European Commission) et al.,Natura 2000 :protecting Europe’s biodiversity,Publications Office of the European Union,y,0 Articles / 0 Thesis,Permitting_and_Environmental_Assessment,,,#project/thesis,high,content(10),10,,https://data.europa.eu/doi/10.2779/45963
C8MXQPND,journalArticle,2015,Dirnberger et al.,On the impact of solar spectral irradiance on the yield of different PV technologies,Solar Energy Materials and Solar Cells,y,0 Articles / 0 Thesis,PV_Cell_and_Module_Technologies,,PV_Standards_and_Measurement,#project/thesis #project/msc-thesis,high,content(11),11,PV_Standards_and_Measurement,https://doi.org/10.1016/j.solmat.2014.09.034
L8YS4S5N,journalArticle,2015,Dirnberger et al.,PV module energy rating: opportunities and limitations,Prog. Photovoltaics Res. Appl.,y,5 Photovoltaics / 5.4 PV Performance and Monitoring,PV_Standards_and_Measurement,,"PV_Cell_and_Module_Technologies, PV_System_Performance",#project/msc-thesis/4-2,high,"content-over-collection(PV_System_Performance -> PV_Standards_and_Measurement, 13)",13,PV_Cell_and_Module_Technologies,https://doi.org/10.1002/pip.2618
3NNSSHYB,thesis,2015,Dirnberger,Uncertainties in Energy Rating for Thin-film PV Modules,,y,,PV_Standards_and_Measurement,,PV_Cell_and_Module_Technologies,,high,content(18),18,PV_Cell_and_Module_Technologies,
DDLLM5WW,journalArticle,2015,Dirnberger et al.,On the uncertainty of energetic impact on the yield of different PV technologies due to varying spectral irradiance,Solar Energy,y,,PV_Standards_and_Measurement,,PAR_and_Spectral_Radiation,,high,content(13),13,PAR_and_Spectral_Radiation,https://doi.org/10.1016/j.solener.2014.10.033
QM8V628B,conferencePaper,2010,Dirnberger et al.,Uncertainty of field I-V-curve measurements in large scale PV-systems,,y,7 Statistics,PV_Standards_and_Measurement,,"PV_Cell_and_Module_Technologies, Statistics_and_Data_Analysis",,high,"content-over-collection(Statistics_and_Data_Analysis -> PV_Standards_and_Measurement, 10)",10,PV_Cell_and_Module_Technologies,https://doi.org/10.4229/25thEUPVSEC2010-4BV.1.62
26SE6RG8,journalArticle,2018,Dörken & Lepetit,"Morpho-anatomical and physiological differences between sun and shade leaves in  Abies alba  Mill. (Pinaceae, Coniferales): a combined approach","Plant, Cell & Environment",y,0 Articles / 3 Light shock,Photoinhibition_and_Light_Stress,,Photosynthesis_and_Gas_Exchange,,high,content(10),10,Photosynthesis_and_Gas_Exchange,https://doi.org/10.1111/pce.13213
W9QURWCT,bookSection,1993,Dormling,"Bud dormancy, frost hardiness, and frost drought in seedlings of  Pinus sylvestris  and  Picea abies ",Advances in Plant Cold Hardiness,y,0 Articles / 2 Long night treatment,Frost_Hardiness_and_Freezing_Tests,,Photoperiod_and_Dormancy_Induction,#species/picea-abies #species/pinus-sylvestris,medium,"content-over-collection(Photoperiod_and_Dormancy_Induction -> Frost_Hardiness_and_Freezing_Tests, 6)",6,Photoperiod_and_Dormancy_Induction,
8BPEBJAA,journalArticle,1968,Dormling et al.,The experimental control of the life cycle in  Picea abies  (L.) Karst,Silvae Genet,,0 Articles / 0 Thesis,Unsorted,,,#project/thesis #needs-topic #project/msc-thesis #species/picea-abies,low,no-signal,0,,
QKSR9LY7,magazineArticle,2001,Dormling,Här läggs grunden till dagens effektiva plantproduktion,PLANTaktuellt,,0 Articles / 5 Agrivoltacis / Energy calculation,Forest_Seedling_Production,,"Solar_Radiation_Modelling, PAR_and_Spectral_Radiation",#project/light-model,high,manual:history of Swedish plant production,0,,https://www.skogforsk.se/cd_20191110163328/contentassets/ed6c00f4d77f4b9ba88dd9841546612e/plantaktuellt-2001-2.pdf
A89SFY4Q,conferencePaper,1973,Dormling,Photoperiodic control of growth and growth cessation in Norway spruce seedlings,"IUFRO Division 2, Working Party 2.01. 4, Growth Processes, Symposium on …",,0 Articles / 6 Image and color analysis / Photobox,Photoperiod_and_Dormancy_Induction,,Plant_Phenotyping_and_Image_Analysis,#species/picea-abies #region/norway,high,"content-over-collection(Plant_Phenotyping_and_Image_Analysis -> Photoperiod_and_Dormancy_Induction, 12)",12,Forest_Seedling_Production,
BXW8PTTN,conferencePaper,1985,Douglas et al.,"OSU vigor test: principles, procedures, and predictive ability",,y,1 Forestry / 1.1 Seedling Performance,Forest_Seedling_Production,,Forest_Regeneration,,high,content(6),6,Forest_Regeneration,http://agris.fao.org/agris-search/search.do?f=1989%2FUS%2FUS89493.xml%3BUS8851006
X3I7WXZ7,report,2018,Doyle et al.,2018 PV Module Reliability Scorecard,,y,5 Photovoltaics / 5.2 PV components / 5.2.1 PV cells and modules,PV_Degradation_and_Reliability,,PV_Cell_and_Module_Technologies,,medium,"content-over-collection(PV_Cell_and_Module_Technologies -> PV_Degradation_and_Reliability, 6)",6,PV_System_Performance,https://www.dnvgl.com/news/2018-pv-module-reliability-scorecard-121786
9XTZ5U4B,report,2015,Doyle et al.,Best Practices in PV System Installation,,y,5 Photovoltaics / 5.3 PV systems design,Site_Layout_and_Civil_Design,,"PV_System_Performance, PV_Electrical_Design_and_Inverters",,high,manual:PV system installation best practices,0,,http://www.nrel.gov/docs/fy15osti/63234.pdf
ZPRU7I5P,journalArticle,2007,Drews et al.,Monitoring and remote failure detection of grid-connected PV systems based on satellite observations,Solar Energy,y,5 Photovoltaics / 5.4 PV Performance and Monitoring,PV_System_Performance,,,#project/msc-thesis/4-2,high,content(8),8,Solar_Radiation_Modelling,https://doi.org/10.1016/j.solener.2006.06.019
2AQHWTWI,journalArticle,2008,Drif et al.,A new estimation method of irradiance on a partially shaded PV generator in grid-connected photovoltaic systems,Renewable Energy,y,5 Photovoltaics / 5.5 PV Losses / 5.5.2 Shading losses | 5 Photovoltaics / 5.0 TÜV Mustergutachten,Solar_Radiation_Modelling,,PV_Shading_and_Mismatch,,medium,"content-over-collection(PV_Shading_and_Mismatch -> Solar_Radiation_Modelling, 7)",7,,https://doi.org/10.1016/j.renene.2007.12.010
PSUASKH9,book,2006,Duffie & Beckman,Solar Engineering of Thermal Processes,John Wiley & Sons,,4 Energy,Unsorted,,,#needs-topic,low,no-signal,0,,http://www.amazon.de/dp/0471698679
85VE528I,journalArticle,2016,Dumroese et al.,Meeting forest restoration challenges: Using the target plant concept,Reforesta,y,0 Articles / 2 Long night treatment | 0 Articles / 4 DLI and supplementary light,Forest_Regeneration,,"Forest_Seedling_Production, Frost_Hardiness_and_Freezing_Tests, Photoperiod_and_Dormancy_Induction",,high,"content-over-collection(Photoperiod_and_Dormancy_Induction -> Forest_Regeneration, 10)",10,Forest_Seedling_Production,https://doi.org/10.21750/REFOR.1.03.3
AEUPQ4WD,conferencePaper,2005,Dumroese et al.,Successful stock production for forest regeneration: what foresters should ask nursery managers about their crops (and vice versa),,,0 Articles / 4 DLI and supplementary light,Forest_Seedling_Production,,"Forest_Regeneration, Lighting_Strategy_and_Control",,medium,"content-over-collection(Lighting_Strategy_and_Control -> Forest_Seedling_Production, 6)",6,Forest_Regeneration,
WJ5N8PFF,report,2012,Dunn et al.,Comparison of Pyranometers vs. PV Reference Cells for Evaluation of PV Array Performance,,,5 Photovoltaics / 5.4 PV Performance and Monitoring,PV_Standards_and_Measurement,,PV_System_Performance,#project/msc-thesis/4-2,medium,"content-over-collection(PV_System_Performance -> PV_Standards_and_Measurement, 6)",6,PV_System_Performance,
3BI7267N,conferencePaper,2012,Dunn & Gostein,Spectral Effects in Performance Ratio Measurement: Comparing PV Reference Devices and Pyranometers,,,5 Photovoltaics / 5.4 PV Performance and Monitoring,PV_System_Performance,,,#project/msc-thesis/4-2,high,content(8),8,,http://www1.eere.energy.gov/solar/pdfs/pvmrw12_poster_si_dunn.pdf
LQJZ5DJJ,book,2010,,"Forest insects as food: humans bite back ; proceedings of a workshop on Asia-Pacific resources and their potential for development, 19-21 February 2008, Chiang ","Food and Agriculture Organization of the United Nations, Regional Office for Asia and the Pacific",,2 Controlled Environment Agriculture / 2.3 Entoculture,Unsorted,,Agriculture,#needs-topic,high,collection-prior,0,,
9XV9H7TB,book,1978,Edmond et al.,Fundamental of horticulture,Mc Graw-Hill Book Co.,,0 Articles / 1 Ligh Spectra and Light Intensity / Light Intensity and gas exchange,Photosynthesis_and_Gas_Exchange,,Light_Quality_and_Photomorphogenesis,,high,collection-prior,0,,
E2PY2CZB,thesis,2016,Egbäck,"Growth of genetically improved stands of Norway spruce, Scots pine and loblolly pine",,y,1 Forestry,Tree_Breeding_and_Propagation,,PV_Forecasting_and_Ramp_Control,#species/picea-abies #species/pinus-sylvestris #region/sweden #region/norway,high,content(9),9,PV_Forecasting_and_Ramp_Control,http://pub.epsilon.slu.se/12948/
CZLXWELH,journalArticle,2017,Egbäck et al.,Modeling early height growth in trials of genetically improved Norway spruce and Scots pine in southern Sweden,Silva Fennica,y,1 Forestry,Tree_Breeding_and_Propagation,,Swedish_Forestry,#species/picea-abies #species/pinus-sylvestris #region/sweden #region/norway,high,content(12),12,Swedish_Forestry,https://doi.org/10.14214/sf.5662
ZT6TIZ5E,journalArticle,2019,Egertsdotter et al.,"Automation and Scale Up of Somatic Embryogenesis for Commercial Plant Production, With Emphasis on Conifers",Frontiers in Plant Science,y,0 Articles / 2 Long night treatment | 1 Forestry / 3 Somatic embryos,Tree_Breeding_and_Propagation,,"PV_Degradation_and_Reliability, Frost_Hardiness_and_Freezing_Tests, Photoperiod_and_Dormancy_Induction",,high,"content-over-collection(Photoperiod_and_Dormancy_Induction -> Tree_Breeding_and_Propagation, 12)",12,PV_Degradation_and_Reliability,https://doi.org/10.3389/fpls.2019.00109
UJL3MQAB,book,2003,Eicker,Solar Technologies for Buildings,John Wiley & Sons,,5 Photovoltaics / 5.3 PV systems design,Building_Integrated_PV,,"PV_System_Performance, PV_Electrical_Design_and_Inverters",#project/msc-thesis,high,manual:solar technologies for buildings,0,,http://www.amazon.de/dp/047148637X
NBPNGAVB,journalArticle,1905,Einstein,Über einem die Erzeugung und Verwandlung des Lichtes betreffenden heuristischen Gesichtspunkt,Annalen der Physik,y,,Radiometry_and_Photometry,,,,high,content(6),6,,http://sedici.unlp.edu.ar/handle/10915/2784
TR4SYDFR,journalArticle,2008,Ekö et al.,"Current growth differences of Norway spruce ( Picea abies ), Scots pine ( Pinus sylvestris ) and birch ( Betula pendula  and  Betula pubescens ) in different re",Scandinavian Journal of Forest Research,y,1 Forestry,Statistics_and_Data_Analysis,,,#species/picea-abies #species/pinus-sylvestris #species/betula #region/sweden #region/norway #region/nordic,low,content-faint(2),2,,https://doi.org/10.1080/02827580802249126
7VXDUEWI,journalArticle,2018,El-Baz et al.,Impact of probabilistic small-scale photovoltaic generation forecast on energy management systems,Solar Energy,y,5 Photovoltaics / 5.9 PV forescasting,PV_Forecasting_and_Ramp_Control,,"Building_Integrated_PV, PV_System_Performance",,high,content(6),6,Building_Integrated_PV,https://doi.org/10.1016/j.solener.2018.02.069
Z2QHQZL6,webpage,,,Electrolyte leakage from fine roots of conifer seedlings: a rapid index of plant vitality following cold storage - Canadian Journal of Forest Research,,,0 Articles / 2 Long night treatment,Frost_Hardiness_and_Freezing_Tests,,Photoperiod_and_Dormancy_Induction,,high,"content-over-collection(Photoperiod_and_Dormancy_Induction -> Frost_Hardiness_and_Freezing_Tests, 10)",10,Forest_Seedling_Production,https://www.nrcresearchpress.com/doi/10.1139/x92-182#.XOQh9MgzaUk
6INJASH3,webpage,,,Elektromagnetiska fält - Arbetsmiljöverket,,y,5 Photovoltaics / 5.12 PV health risks,Permitting_and_Environmental_Assessment,,,,high,collection-prior,0,,https://www.av.se/halsa-och-sakerhet/elektromagnetiska-falt/
8MDPCKGK,report,2015,Elsäkerhet,Informationsbehov och elsäkerhetskrav rörande solcellsanläggningar,,,5 Photovoltaics / 5.1 PV general data / 5.1.2 PV-Sweden | 5 Photovoltaics / 5.0 TÜV Mustergutachten,PV_Electrical_Design_and_Inverters,,"PV_in_Nordic_Climates, Solar_Radiation_Modelling",#region/sweden #project/msc-thesis/4-14,high,manual:electrical safety requirements for PV plants,0,,http://www.elsakerhetsverket.se/globalassets/pdf/rapporter/elsakerhetsverket-rapport-informationsbehov-och-elsakerhetskrav-rorande-solcellsanlaggningar.pdf
WRQ2CWJQ,report,2018,Elvira Molin & Michael Martin,Reviewing the energy and environmental performance of vertical farming systems in urban environments,,y,0 Articles / 4 DLI and supplementary light,Vertical_Farming_and_Urban_Agriculture,,Lighting_Strategy_and_Control,#region/sweden,medium,"content-over-collection(Lighting_Strategy_and_Control -> Vertical_Farming_and_Urban_Agriculture, 6)",6,PV_System_Performance,https://www.ivl.se/sidor/publikationer/publikation.html?id=5550
KPJHVGYR,presentation,2011,,NREL: PV Module Reliability Workshop,,,5 Photovoltaics / 5.4 PV Performance and Monitoring,PV_Degradation_and_Reliability,,PV_System_Performance,#project/msc-thesis/4-2,medium,"content-over-collection(PV_System_Performance -> PV_Degradation_and_Reliability, 6)",6,,http://ieeexplore.ieee.org/xpls/abs_all.jsp?arnumber=6186435
7MA8XGNB,journalArticle,2019,Enders et al.,Classifying cold-stress responses of inbred maize seedlings using RGB imaging,Plant Direct,y,0 Articles / 6 Image and color analysis / Image analysis and Phenotyping | 0 Articles / 6 Image and color analysis / Photobox,Plant_Phenotyping_and_Image_Analysis,,,,high,content(15),15,Forest_Seedling_Production,https://doi.org/10.1002/pld3.104
W9CTVTJR,journalArticle,2015,Energiewende et al.,Current and future cost of photovoltaics,Berlin: Agora Energiewende,,5 Photovoltaics / 5.7 PV Repowering,PV_Economics_and_LCA,,,,high,content(6),6,,
U24TU3QG,webpage,,,Energimyndigheten,,y,5 Photovoltaics / 5.1 PV general data / 5.1.2 PV-Sweden,Permitting_and_Environmental_Assessment,,PV_in_Nordic_Climates,#region/sweden #project/msc-thesis/4-14,high,"manual:Energimyndigheten, the solcellsparker guidance source",0,,https://www.energimyndigheten.se/
5Q32JNZ3,bookSection,2015,Engelmann,Photoperiodism: The Calendar of Plants,Rhythms in Plants: Dynamic Responses in a Dynamic Environment,y,0 Articles / 2 Long night treatment,Photoperiod_and_Dormancy_Induction,,Frost_Hardiness_and_Freezing_Tests,,high,content(8),8,Light_Quality_and_Photomorphogenesis,https://doi.org/10.1007/978-3-319-20517-5_8
TFRZJ9Q6,journalArticle,2005,Engelsen et al.,"Daily duration of vitamin D synthesis in human skin with relation to latitude, total ozone, altitude, ground cover, aerosols and cloud thickness",Photochemistry and Photobiology,y,99 Other,Unsorted,,,#needs-topic,high,manual:vitamin D and UV exposure; sits with that candidate,2,,https://doi.org/10.1562/2004-11-19-RN-375
M8GK7W8Z,journalArticle,2010,Engelsen,The Relationship between Ultraviolet Radiation Exposure and Vitamin D Status,Nutrients,y,99 Other,Unsorted,,,#needs-topic,high,manual:UV exposure and vitamin D; sits with that candidate,3,Solar_Radiation_Modelling,https://doi.org/10.3390/nu2050482
PVBCU6YF,journalArticle,2020,Englund,Alternative back contacts for CZTS thin film solar cells,,y,,Thin_Film_Solar_Cells,,PV_Cell_and_Module_Technologies,,high,content(18),18,PV_Cell_and_Module_Technologies,http://urn.kb.se/resolve?urn=urn:nbn:se:uu:diva-403583
E4UAGANE,report,1983,Ericsson et al.,"Effects of cold-storage and planting date on subsequent growth, starch and nitrogen content in Scots pine ( Pinus sylvestris ) and Norway spruce ( Picea abies )",,y,0 Articles / 2 Long night treatment,Frost_Hardiness_and_Freezing_Tests,,Photoperiod_and_Dormancy_Induction,#species/picea-abies #species/pinus-sylvestris #region/norway,high,manual:cold storage and planting date,4,Frost_Hardiness_and_Freezing_Tests,http://pub.epsilon.slu.se/5273/
AAEMBZCT,journalArticle,2016,Ernst et al.,SunCalculator: A program to calculate the angular and spectral distribution of direct and diffuse solar radiation,Solar Energy Materials and Solar Cells,y,0 Articles / 5 Agrivoltacis / Solar Greenhouse,Solar_Radiation_Modelling,,"Greenhouse_Horticulture, Agrivoltaics, PV_Greenhouses",,high,manual:SunCalculator angular and spectral distribution,6,Solar_Radiation_Modelling,https://doi.org/10.1016/j.solmat.2016.08.008
PBEKAP6N,journalArticle,2011,Ersson et al.,The cost-efficiency of seedling packaging specifically designed for tree planting machines,,y,0 Articles / 4 DLI and supplementary light,Forest_Seedling_Production,,"Forest_Regeneration, Lighting_Strategy_and_Control",#region/sweden,medium,"content-over-collection(Lighting_Strategy_and_Control -> Forest_Seedling_Production, 8)",8,Forest_Regeneration,http://www.metla.fi/silvafennica/full/sf45/sf453379.pdf
IE6F6J9E,journalArticle,2018,Ersson et al.,Mechanized Tree Planting in Sweden and Finland: Current State and Key Factors for Future Growth,Forests,y,0 Articles / 2 Long night treatment | 1 Forestry / 1.1 Seedling Performance | 1 Forestry,Forest_Regeneration,,"Frost_Hardiness_and_Freezing_Tests, Photoperiod_and_Dormancy_Induction, Forest_Seedling_Production",#region/sweden #region/finland,high,"content-over-collection(Photoperiod_and_Dormancy_Induction -> Forest_Regeneration, 13)",13,Forest_Seedling_Production,https://doi.org/10.3390/f9070370
YVT58ZPK,report,2016,Ersson,Review of transplanting and seedling packaging systems in Swedish tree nurseries,,,0 Articles / 2 Long night treatment,Forest_Seedling_Production,,"Frost_Hardiness_and_Freezing_Tests, Photoperiod_and_Dormancy_Induction",#region/sweden,high,manual:transplanting and packaging systems,2,,
IN7KTYR5,journalArticle,2009,Escobedo et al.,"Modeling hourly and daily fractions of UV, PAR and NIR to global solar radiation under various sky conditions at Botucatu, Brazil",Appl. Energy,y,3 Photobiology / Spectra | 4 Energy / 4.1 Solar Radiation | 4 Energy,Solar_Radiation_Modelling,,"PAR_and_Spectral_Radiation, Light_Quality_and_Photomorphogenesis",,medium,"content-over-collection(Light_Quality_and_Photomorphogenesis -> Solar_Radiation_Modelling, 7)",7,PAR_and_Spectral_Radiation,https://doi.org/10.1016/j.apenergy.2008.04.013
XWPG8TN2,report,2021,European Federation of Corrosion,Exposure site catalogue EFC lores.pdf,,,5 Photovoltaics / 5.8 BOS materials,Site_Layout_and_Civil_Design,,,,high,collection-prior,0,,https://efcweb.org/Scientific+Groups/WP25_+Atmospheric+Corrosion/Current+Activities/_/Exposure%20site%20catalogue%20EFC%20lores.pdf
BAG8U5IX,book,2020,Eurostat (European Commission),"Agriculture, forestry and fishery statistics: 2020 edition",Publications Office of the European Union,y,,Statistics_and_Data_Analysis,,,,low,content-faint(2),2,,https://data.europa.eu/doi/10.2785/143455
NAGEJQ5T,journalArticle,2011,Ewea,Upwind - Design limits and solutions for very large wind turbines,,,4 Energy / 1.4 Wind energy in forest,Energy_Transition_and_Scenarios,,Swedish_Forestry,,high,content(6),6,,http://www.upwind.eu/
RGISBMHU,journalArticle,2014,Ewea,Wind in power - 2013 European statistics,,,4 Energy / 1.4 Wind energy in forest,Energy_Transition_and_Scenarios,,Swedish_Forestry,,medium,collection-prior,2,,http://www.ewea.org/fileadmin/files/library/publications/statistics/EWEA_Annual_Statistics_2013.pdf
DZLT6648,journalArticle,2015,Fahlgren et al.,"Lights, camera, action: high-throughput plant phenotyping is ready for a close-up",Current Opinion in Plant Biology,y,0 Articles / 6 Image and color analysis / Image analysis and Phenotyping,Plant_Phenotyping_and_Image_Analysis,,,,high,content(9),9,Agriculture,https://doi.org/10.1016/j.pbi.2015.02.006
L8GS4KID,journalArticle,2015,Fahlgren et al.,A Versatile Phenotyping System and Analytics Platform Reveals Diverse Temporal Responses to Water Availability in Setaria,Molecular Plant,y,0 Articles / 6 Image and color analysis / Image analysis and Phenotyping | 0 Articles / 6 Image and color analysis / Photobox,Plant_Phenotyping_and_Image_Analysis,,Plant_Carbon_and_Water_Relations,,high,content(15),15,Plant_Carbon_and_Water_Relations,https://doi.org/10.1016/j.molp.2015.06.005
SKMY7GX9,book,2013,Falk et al.,"Photovoltaics for Professionals: Solar Electric Systems Marketing, Design and Installation",Routledge,y,5 Photovoltaics,PV_Electrical_Design_and_Inverters,,,,high,manual:installation and design handbook,3,PV_Cell_and_Module_Technologies,
AJPTL9WE,journalArticle,2017,Fan et al.,Measurement of Soil Color: A Comparison Between Smartphone Camera and the Munsell Color Charts,Soil Science Society of America Journal,,0 Articles / 6 Image and color analysis / Image analysis and Phenotyping,Plant_Phenotyping_and_Image_Analysis,,,,high,collection-prior,0,,https://doi.org/10.2136/sssaj2017.01.0009
NE2KRF5T,webpage,2016,FAO,AQUASTAT website. Food and Agriculture Organization of the United Nations (FAO),,,4 Energy / Water and population | 2 Controlled Environment Agriculture | 4 Energy,Unsorted,,"Climate_Change, Agriculture",#needs-topic,high,collection-prior,0,,http://www.fao.org/nr/water/aquastat/water_use/index.stm
DNFK7P45,journalArticle,1980,Farquhar et al.,A biochemical model of photosynthetic CO 2  assimilation in leaves of C3 species,Planta,y,1 Forestry / 1.1 Seedling Performance / 1.1.2 Gas Ex. and Ch. F.,Photosynthesis_and_Gas_Exchange,,Chlorophyll_Fluorescence,,high,content(12),12,Radiometry_and_Photometry,https://doi.org/10.1007/BF00386231
6UECX8JZ,journalArticle,2015,Fatnassi et al.,A numerical simulation of the photovoltaic greenhouse microclimate,Solar Energy,y,0 Articles / 5 Agrivoltacis / Solar Greenhouse | 0 Articles / 5 Agrivoltacis,PV_Greenhouses,,"Greenhouse_Horticulture, Agrivoltaics",#project/light-model,high,content(6),6,Greenhouse_Horticulture,https://doi.org/10.1016/j.solener.2015.07.019
ST7732GZ,journalArticle,2018,Faust & Logan,Daily light integral: A research review and high-resolution maps of the United States,HortScience,y,0 Articles / 1 Ligh Spectra and Light Intensity / Light Intensity and gas exchange / DLI | 0 Articles / 1 Ligh Spectra and Light Intensity / Light spectra and field trial | 0 Articles / 4 DLI and supplementary light / 01 DLI | 0 Articles / 5 Agrivoltacis / Energy calculation | 0 Articles / 4 DLI and supplementary light,Lighting_Strategy_and_Control,,"Solar_Radiation_Modelling, Light_Quality_and_Photomorphogenesis, PAR_and_Spectral_Radiation",#project/light-model,high,content(10),10,Solar_Radiation_Modelling,https://doi.org/10.21273/HORTSCI13144-18
8LQSL4XP,bookSection,2003,Faust,Light,Ball RedBook: Crop production,y,0 Articles / 1 Ligh Spectra and Light Intensity / Light Intensity and gas exchange / DLI | 0 Articles / 2 Long night treatment,Lighting_Strategy_and_Control,,Photoperiod_and_Dormancy_Induction,,medium,collection-prior,4,Greenhouse_Horticulture,
XPHB89YM,webpage,,,Feature essay 12.1 - Perspectives on photoprotection and photoinhibition | Plants in Action,,,0 Articles / 3 Light shock,Photoinhibition_and_Light_Stress,,Photosynthesis_and_Gas_Exchange,,high,content(12),12,,http://plantsinaction.science.uq.edu.au/content/feature-essay-121-%E2%80%82perspectives-photoprotection-and-photoinhibition
5PUFREGM,journalArticle,2017,Felton et al.,"Interactions between ungulates, forests, and supplementary feeding: the role of nutritional balancing in determining outcomes",Mammal Research,y,1 Forestry / 2 Forest regeneration,Forest_Regeneration,,Plant_Carbon_and_Water_Relations,#region/sweden,medium,collection-prior,3,Plant_Carbon_and_Water_Relations,https://doi.org/10.1007/s13364-016-0301-1
HEDIMEEE,journalArticle,2008,Feltrin & Freundlich,Material considerations for terawatt level deployment of photovoltaics,Renewable Energy,y,5 Photovoltaics / 5.2 PV components / 5.2.1 PV cells and modules,PV_Cell_and_Module_Technologies,,Thin_Film_Solar_Cells,,high,content(11),11,Thin_Film_Solar_Cells,https://doi.org/10.1016/j.renene.2007.05.024
CWMLVTUS,journalArticle,1985,Feret & Kreh,Seedling root growth potential as an indicator of loblolly pine field performance,Forest science,,1 Forestry / 1.1 Seedling Performance / 1.1.3 RGC,Forest_Seedling_Production,,Forest_Regeneration,,high,content(12),12,PV_System_Performance,
N79JNJ2S,journalArticle,1992,Fernbach & Mohr,Photoreactivation of the UV light effects on growth of Scots pine ( Pinus sylvestris  L.) seedlings,Trees,y,0 Articles / 0 Thesis | 0 Articles / 4 DLI and supplementary light,Light_Quality_and_Photomorphogenesis,,Lighting_Strategy_and_Control,#project/thesis #project/msc-thesis #species/pinus-sylvestris,medium,"content-over-collection(Lighting_Strategy_and_Control -> Light_Quality_and_Photomorphogenesis, 8)",8,Forest_Seedling_Production,https://doi.org/10.1007/BF00224341
9IVUFRTI,journalArticle,2016,Ferrari et al.,Whole plant open chamber to measure gas exchange on herbaceous plants,Chilean J. Agric. Res.,,1 Forestry / 1.1 Seedling Performance / 1.1.2 Gas Ex. and Ch. F.,Photosynthesis_and_Gas_Exchange,,Chlorophyll_Fluorescence,,high,content(6),6,,https://doi.org/10.4067/S0718-58392016000100013
EYKHYCKP,conferencePaper,1997,Field,Solar cell spectral response measurement errors related to spectral band width and chopped light waveform,,,5 Photovoltaics / 5.4 PV Performance and Monitoring,PV_System_Performance,,,#project/msc-thesis/4-2,medium,collection-prior,4,,http://ieeexplore.ieee.org/xpls/abs_all.jsp?arnumber=654130
6XJTFNQ3,conferencePaper,1993,Field & Emery,An uncertainty analysis of the spectral correction factor,,y,7 Statistics,PV_Standards_and_Measurement,,"Horticultural_Lighting, Statistics_and_Data_Analysis",,high,"content-over-collection(Statistics_and_Data_Analysis -> PV_Standards_and_Measurement, 10)",10,Horticultural_Lighting,https://doi.org/10.1109/PVSC.1993.346955
WZ7RPK9H,journalArticle,2013,Fiorelli & Zuercher-Martinson,How oversizing your array-to-inverter ratio can improve solar-power system performance,Solar Power World,y,5 Photovoltaics / 5.2 PV components / 5.2.2 Inverters and batteries | 5 Photovoltaics / 5.0 TÜV Mustergutachten,PV_Electrical_Design_and_Inverters,,"Power_Systems_and_Grid_Integration, Energy_Storage, Solar_Radiation_Modelling",,high,content(12),12,Power_Systems_and_Grid_Integration,https://www.solectria.com/site/assets/files/1472/solectria_oversizing_your_array_july2013.pdf
W3LPACZF,bookSection,2017,Fisher et al.,"Supplemental Lighting - Technology, Costs, and Efficiency",Light Management in Controlled Environments,y,0 Articles / 1 Ligh Spectra and Light Intensity / Light spectra and field trial | 0 Articles / 4 DLI and supplementary light / 04 Cost,Lighting_Strategy_and_Control,,"Forest_Seedling_Production, Light_Quality_and_Photomorphogenesis",,medium,"content-over-collection(Light_Quality_and_Photomorphogenesis -> Lighting_Strategy_and_Control, 6)",6,Greenhouse_Horticulture,
N3HBY2KG,webpage,2016,Fishman,Is Repowering the Next Big Thing in Utility-scale PV?,,y,5 Photovoltaics / 5.7 PV Repowering,PV_Economics_and_LCA,,,,high,content(6),6,,http://www.renewableenergyworld.com/articles/2016/11/is-repowering-the-next-big-thing-in-utility-scale-pv.html
NWMFWZN7,journalArticle,1995,Fisker et al.,Chlorophyll Fluorescence as a Measure of Cold Hardiness and Freezing Stress in 1 + 1 Douglas-Fir Seedlings,Forest Science,y,0 Articles / 2 Long night treatment,Frost_Hardiness_and_Freezing_Tests,,"Chlorophyll_Fluorescence, Photoperiod_and_Dormancy_Induction",,high,"content-over-collection(Photoperiod_and_Dormancy_Induction -> Frost_Hardiness_and_Freezing_Tests, 12)",12,Chlorophyll_Fluorescence,https://doi.org/10.1093/forestscience/41.3.564
IUDW23QF,journalArticle,2017,Fløistad & Eldhuset,Effect of photoperiod and fertilization on shoot and fine root growth in  Picea abies  seedlings,Silva Fennica,y,0 Articles / 4 DLI and supplementary light,Photoperiod_and_Dormancy_Induction,,"Plant_Carbon_and_Water_Relations, Lighting_Strategy_and_Control",#species/picea-abies,medium,"content-over-collection(Lighting_Strategy_and_Control -> Photoperiod_and_Dormancy_Induction, 6)",6,Plant_Carbon_and_Water_Relations,https://doi.org/10.14214/sf.1704
9IDNRSZG,bookSection,2007,Fløistad et al.,Effekt av markberedning ved bruk av miniplanter og konvensjonelle pluggplanter,Forskning fra Skog og landskap,y,0 Articles / 2 Long night treatment | 0 Articles / 4 DLI and supplementary light,Forest_Regeneration,,"Frost_Hardiness_and_Freezing_Tests, Photoperiod_and_Dormancy_Induction, Lighting_Strategy_and_Control",,high,manual:site preparation with miniplants,0,,http://urn.kb.se/resolve?urn=urn:nbn:se:du-2761
TLY892TI,journalArticle,2018,Fløistad et al.,Germination and seedling establishment of Norway spruce ( Picea abies ) after clear-cutting is affected by timing of soil scarification,New Forests,y,0 Articles / 4 DLI and supplementary light | 1 Forestry / 2 Forest regeneration,Forest_Regeneration,,Lighting_Strategy_and_Control,#species/picea-abies #region/norway,high,"content-over-collection(Lighting_Strategy_and_Control -> Forest_Regeneration, 13)",13,Forest_Seedling_Production,https://doi.org/10.1007/s11056-017-9616-2
A4PW7PRA,journalArticle,2002,Fløistad & Patil,Growth and Terminal Bud Formation in  Picea abies  Seedlings Grown with Alternating Diurnal Temperature and Different Light Qualities,Scand. J. For. Res.,y,0 Articles / 4 DLI and supplementary light / 03 LED seedling cultivation | 0 Articles / 2 Long night treatment | 0 Articles / 4 DLI and supplementary light,Light_Quality_and_Photomorphogenesis,,"Photoperiod_and_Dormancy_Induction, Forest_Seedling_Production, Horticultural_Lighting",#species/picea-abies #region/norway,high,"content-over-collection(Horticultural_Lighting -> Light_Quality_and_Photomorphogenesis, 9)",9,Photoperiod_and_Dormancy_Induction,https://doi.org/10.1080/028275802317221046
JTR4MZDA,journalArticle,2013,Fløistad & Granhus,Timing and duration of short-day treatment influence morphology and second bud flush in  Picea abies  seedlings,Silva Fennica,,0 Articles / 2 Long night treatment | 0 Articles / 4 DLI and supplementary light,Photoperiod_and_Dormancy_Induction,,"Frost_Hardiness_and_Freezing_Tests, Lighting_Strategy_and_Control",#species/picea-abies,high,content(6),6,Forest_Seedling_Production,https://doi.org/10.14214/sf.1009
SPQ98CB7,journalArticle,1997,Folk & Grossnickle,Determining field performance potential with the use of limiting environmental conditions,New Forests,y,0 Articles / 1 Ligh Spectra and Light Intensity / Light spectra and field trial | 1 Forestry / 1.1 Seedling Performance,Forest_Seedling_Production,,"Forest_Regeneration, Light_Quality_and_Photomorphogenesis",,high,"content-over-collection(Light_Quality_and_Photomorphogenesis -> Forest_Seedling_Production, 11)",11,Forest_Regeneration,https://doi.org/10.1023/A:1006514805052
RHDCRPLP,journalArticle,2008,Folta & Childers,Light as a Growth Regulator: Controlling Plant Biology with Narrow-bandwidth Solid-state Lighting Systems,HortScience,y,0 Articles / 1 Ligh Spectra and Light Intensity / Light spectra and field trial,Horticultural_Lighting,,"Light_Quality_and_Photomorphogenesis, Forest_Seedling_Production",,medium,"content-over-collection(Light_Quality_and_Photomorphogenesis -> Horticultural_Lighting, 7)",7,Light_Quality_and_Photomorphogenesis,http://hortsci.ashspublications.org/content/43/7/1957
EXKWCVGN,journalArticle,2013,Foreman-Mackey et al.,emcee: The MCMC Hammer,Publications of the Astronomical Society of the Pacific,y,7 Statistics,Statistics_and_Data_Analysis,,,,high,collection-prior,4,PV_System_Performance,https://doi.org/10.1086/670067
65A78AAN,report,2020,Forest Europe,State of Europe’s Forests 2020,,,,Swedish_Forestry,,,,high,content(6),6,,https://foresteurope.org/state-europes-forests-2020/
AW9UZSDW,book,2009,Foster et al.,Solar Energy: Renewable Energy and the Environment,Crc Pr Inc,,5 Photovoltaics / 5.3 PV systems design,PV_Cell_and_Module_Technologies,,"PV_System_Performance, PV_Electrical_Design_and_Inverters",#project/msc-thesis,high,manual:solar energy and environment textbook,0,,http://www.amazon.de/dp/1420075667
575NG6KN,journalArticle,2008,Franklin,Shade avoidance,New Phytol.,y,0 Articles / 1 Ligh Spectra and Light Intensity,Light_Quality_and_Photomorphogenesis,,"Plant_Phenotyping_and_Image_Analysis, Horticultural_Lighting",,high,content(15),15,Plant_Phenotyping_and_Image_Analysis,https://doi.org/10.1111/j.1469-8137.2008.02507.x
9PKDTCI8,journalArticle,2000,Frantz et al.,"Intracanopy Lighting Influences Radiation Capture, Productivity, and Leaf Senescence in Cowpea Canopies",J. Am. Soc. Hortic. Sci.,y,0 Articles / 4 DLI and supplementary light | 2 Controlled Environment Agriculture / 2.1 Greenhouses and Growth chambers | 3 Photobiology / LED for Plants | 3 Photobiology / Spectra | 2 Controlled Environment Agriculture,Lighting_Strategy_and_Control,,"PAR_and_Spectral_Radiation, Greenhouse_Horticulture, Horticultural_Lighting",,medium,collection-prior,3,PAR_and_Spectral_Radiation,http://journal.ashspublications.org/content/125/6/694.abstract
J7RI8899,webpage,2008,Fraunhofer ISE,Fraunhofer ISE CalLab PV Cells changes to new spectral distribution in IEC 60904-3 standard,,,5 Photovoltaics / 5.3 PV systems design / 5.3.1 PV Standards,PV_Standards_and_Measurement,,,#project/msc-thesis/4-1 #project/msc-thesis,high,manual:IEC 60904-3 reference spectrum change,6,PV_Standards_and_Measurement,http://www.ise.fraunhofer.de/en/service-units/callab-pv-cells-callab-pv-modules/callab-pv-cells/iec-60904-3/view
ND6PXJYZ,report,2017,Freeman & Ryberg,"Integration, Validation, and Application of a Pv Snow Coverage Model in Sam",,,5 Photovoltaics / 5.5 PV Losses / 5.5.6 Soiling and Snow | 5 Photovoltaics / 5.0 TÜV Mustergutachten,PV_in_Nordic_Climates,,"PV_Degradation_and_Reliability, Solar_Radiation_Modelling",,high,content(6),6,,https://www.osti.gov/scitech/biblio/1374128
LHV8X4ZT,report,2010,Freeman,Introduction to Photovoltaic Systems Maximum Power Point Tracking,,y,5 Photovoltaics / 5.2 PV components / 5.2.2 Inverters and batteries,PV_Electrical_Design_and_Inverters,,Energy_Storage,,high,content(6),6,Energy_Storage,http://www.ti.com/lit/an/slva446/slva446.pdf
62QS5YHL,conferencePaper,2016,Freeman et al.,Using measured plane-of-array data directly in photovoltaic modeling: Methodology and validation,,y,5 Photovoltaics / 5.4 PV Performance and Monitoring,PV_System_Performance,,PV_Modelling_Tools,#project/msc-thesis/4-2,medium,collection-prior,5,PV_Modelling_Tools,https://doi.org/10.1109/PVSC.2016.7750130
LXQBEWCN,journalArticle,2012,Frenken & Gillet,Irrigation water requirement and water withdrawal by country,"FAO, Rome, Italy",,4 Energy / Water and population | 2 Controlled Environment Agriculture | 4 Energy,Agriculture,,Climate_Change,#needs-topic,medium,"content-over-collection(Unsorted -> Agriculture, 6)",6,,http://www.fao.org/3/a-bc824e.pdf
UB2T4CVS,book,2011,Frenken & Kiersch,Monitoring agricultural water use at country level: Experiences of a pilot project in Benin and Ethiopia,FAO,,4 Energy / Water and population | 2 Controlled Environment Agriculture | 4 Energy,Unsorted,,"Climate_Change, Agriculture",#needs-topic,medium,collection-prior,4,,http://agris.fao.org/agris-search/search.do?recordID=XF2006449659
R332XVDX,journalArticle,2013,Friendly et al.,Elliptical Insights: Understanding Statistical Methods through Elliptical Geometry,Statistical Science,y,7 Statistics,Statistics_and_Data_Analysis,,,,high,collection-prior,2,,https://doi.org/10.1214/12-STS402
CDTLAIQB,webpage,,,Frost och andra klimatskador,,y,1 Forestry / 2 Forest regeneration,Forest_Regeneration,,,,high,collection-prior,0,,https://www.skogskunskap.se:443/skota-barrskog/foryngra/skador-i-foryngringen/frost-och-andra-klimatskador/
MW6PTX5Q,journalArticle,1995,Frouin & Pinker,Estimating Photosynthetically Active Radiation (PAR) at the earth's surface from satellite observations,Remote Sensing of Environment,y,0 Articles / 4 DLI and supplementary light / 01 DLI / Supplementary light control | 0 Articles / 4 DLI and supplementary light / 05 Greenhouse energy | 0 Articles / 5 Agrivoltacis / Energy calculation,PAR_and_Spectral_Radiation,,"Remote_Sensing, Greenhouse_Horticulture, Lighting_Strategy_and_Control",#project/light-model,medium,"content-over-collection(Lighting_Strategy_and_Control -> PAR_and_Spectral_Radiation, 6)",6,Remote_Sensing,https://doi.org/10.1016/0034-4257(94)00068-X
A58ZWT3K,journalArticle,2012,Fu et al.,Effects of different light intensities on chlorophyll fluorescence characteristics and yield in lettuce,Sci. Hortic.,,0 Articles / 1 Ligh Spectra and Light Intensity | 3 Photobiology / Spectra,Chlorophyll_Fluorescence,,"Horticultural_Lighting, Light_Quality_and_Photomorphogenesis",,high,"content-over-collection(Light_Quality_and_Photomorphogenesis -> Chlorophyll_Fluorescence, 10)",10,,
PFNRLE6G,webpage,2011,Fuhs,Aging overvalued,,y,5 Photovoltaics / 5.5 PV Losses / 5.5.3 Degradation,PV_Degradation_and_Reliability,,PV_System_Performance,,high,collection-prior,3,PV_System_Performance,http://www.pv-magazine.com/archive/articles/beitrag/aging-overvalued-_100002542/86/?tx_ttnews%5BbackCat%5D=167&cHash=1aac8466071c1a07d2b5aba974c87f89#axzz21A8x9uAQ
W6KFBGKQ,conferencePaper,2005,Funtan,Untersuchungen zur Langzeitstabilität von Solarleitungen,,,5 Photovoltaics / 5.2 PV components / 5.2.4 Cables,PV_Electrical_Design_and_Inverters,,,,high,collection-prior,0,,
CFUY4N72,journalArticle,2013,Gabersčik et al.,All you wanted to know about UV radiation and plants,,y,0 Articles / 3 Light shock | 3 Photobiology / Spectra,Photoinhibition_and_Light_Stress,,"Photosynthesis_and_Gas_Exchange, Light_Quality_and_Photomorphogenesis",,high,collection-prior,0,,http://plantstress.ucc.ie/wp-content/uploads/sites/43/2016/01/UV-educ_text_PDF.pdf
4JURZID6,journalArticle,2013,Gan et al.,Techno-Economic Analysis of LED Lighting: A Case Study in UTeM's Faculty Building,Procedia Engineering,y,0 Articles / 1 Ligh Spectra and Light Intensity / Light Intensity and gas exchange | 0 Articles / 4 DLI and supplementary light,Lighting_Strategy_and_Control,,"Horticultural_Lighting, Light_Quality_and_Photomorphogenesis, Photosynthesis_and_Gas_Exchange",,high,"manual:lighting economics, not PV economics",10,Horticultural_Lighting,https://doi.org/10.1016/j.proeng.2013.02.028
EDP945SJ,journalArticle,2014,Garcia et al.,Flower Colours through the Lens: Quantitative Measurement with Visible and Ultraviolet Digital Photography,PLoS ONE,y,0 Articles / 6 Image and color analysis / Image analysis and Phenotyping,Plant_Phenotyping_and_Image_Analysis,,,,medium,collection-prior,2,,https://doi.org/10.1371/journal.pone.0096646
4SPPAHRC,journalArticle,2011,García et al.,Soiling and other optical losses in solar-tracking PV plants in navarra,Progress in Photovoltaics: Research and Applications,y,5 Photovoltaics / 5.5 PV Losses / 5.5.6 Soiling and Snow,PV_Degradation_and_Reliability,,"PV_Standards_and_Measurement, PV_in_Nordic_Climates",,medium,"content-over-collection(PV_in_Nordic_Climates -> PV_Degradation_and_Reliability, 6)",6,PV_Standards_and_Measurement,https://doi.org/10.1002/pip.1004
2IB853DI,journalArticle,2009,Gardiner et al.,Photosynthetic characteristics of  Fagus sylvatica  and  Quercus robur  established for stand conversion from  Picea abies ,For. Ecol. Manage.,y,1 Forestry / 1.1 Seedling Performance / 1.1.2 Gas Ex. and Ch. F.,Photosynthesis_and_Gas_Exchange,,"Forest_Regeneration, Chlorophyll_Fluorescence",#species/picea-abies #region/sweden #region/norway,high,content(8),8,Forest_Regeneration,https://doi.org/10.1016/j.foreco.2009.03.022
GKAIP9N6,journalArticle,1982,Gardner & Graceffo,The Use of a Computerized Spectroradiometer to Predict Phytochrome Photoequilibria Under Polychromatic Irradiation,Photochemistry and Photobiology,y,0 Articles / 1 Ligh Spectra and Light Intensity / Light spectra and field trial / R:FR,Light_Quality_and_Photomorphogenesis,,PAR_and_Spectral_Radiation,,high,content(6),6,PAR_and_Spectral_Radiation,https://doi.org/10.1111/j.1751-1097.1982.tb04385.x
GDKR3EYL,journalArticle,2017,Gayral,LEDs for lighting: Basic physics and prospects for energy savings,Comptes Rendus Physique,y,0 Articles / 4 DLI and supplementary light / 04 Cost,Horticultural_Lighting,,"Light_Quality_and_Photomorphogenesis, Greenhouse_Horticulture, Lighting_Strategy_and_Control",,medium,"content-over-collection(Lighting_Strategy_and_Control -> Horticultural_Lighting, 8)",8,Light_Quality_and_Photomorphogenesis,https://doi.org/10.1016/j.crhy.2017.09.001
NLUCFELX,journalArticle,2011,Ge et al.,Dynamics of photosynthetic photon flux density (PPFD) and estimates in coastal northern California,Theoretical and Applied Climatology,y,0 Articles / 5 Agrivoltacis / Energy calculation | 3 Photobiology,PAR_and_Spectral_Radiation,,"Radiometry_and_Photometry, Solar_Radiation_Modelling",#project/light-model,high,content(9),9,Radiometry_and_Photometry,https://doi.org/10.1007/s00704-010-0368-6
UNH6V99D,journalArticle,2017,Gehan et al.,PlantCV v2: Image analysis software for high-throughput plant phenotyping,PeerJ,y,0 Articles / 6 Image and color analysis / Image analysis and Phenotyping,Plant_Phenotyping_and_Image_Analysis,,,,high,content(21),21,,https://doi.org/10.7717/peerj.4088
689JMR7K,journalArticle,1989,Genty et al.,The relationship between the quantum yield of photosynthetic electron transport and quenching of chlorophyll fluorescence,Biochimica et Biophysica Acta (BBA) - General Subjects,y,1 Forestry / 1.1 Seedling Performance / 1.1.2 Gas Ex. and Ch. F. | 3 Photobiology / Spectra,Chlorophyll_Fluorescence,,"Photosynthesis_and_Gas_Exchange, Light_Quality_and_Photomorphogenesis",,high,"content-over-collection(Photosynthesis_and_Gas_Exchange -> Chlorophyll_Fluorescence, 13)",13,Photosynthesis_and_Gas_Exchange,https://doi.org/10.1016/S0304-4165(89)80016-9
6ZXTWV8G,journalArticle,1959,Gerhold,Seasonal Discoloration of Scotch Pine In Relation to Microclimatic Factors,Forest Science,y,0 Articles / 2 Long night treatment,Photoperiod_and_Dormancy_Induction,,Frost_Hardiness_and_Freezing_Tests,,high,collection-prior,0,,https://doi.org/10.1093/forestscience/5.4.333
KSKHWS6D,journalArticle,2016,Gerovac et al.,"Light Intensity and Quality from Sole-source Light-emitting Diodes Impact Growth, Morphology, and Nutrient Content of  Brassica  Microgreens",HortScience,y,0 Articles / 1 Ligh Spectra and Light Intensity / Light Intensity and gas exchange,Light_Quality_and_Photomorphogenesis,,"Horticultural_Lighting, Photosynthesis_and_Gas_Exchange",,high,"content-over-collection(Photosynthesis_and_Gas_Exchange -> Light_Quality_and_Photomorphogenesis, 13)",13,Horticultural_Lighting,http://hortsci.ashspublications.org/content/51/5/497
EJ8ABDK3,book,2014,Gibson,Methods in comparative plant population ecology,Oxford University Press,,7 Statistics,Statistics_and_Data_Analysis,,,,high,collection-prior,0,,
TLDEN5CW,journalArticle,1992,Gijzen,Simulation of photosynthesis and dry matter production of greenhouse crops,,,0 Articles / 5 Agrivoltacis / Energy calculation,Greenhouse_Horticulture,,"Solar_Radiation_Modelling, PAR_and_Spectral_Radiation",,high,manual:greenhouse crop photosynthesis and dry matter,4,Photosynthesis_and_Gas_Exchange,https://research.wur.nl/en/publications/simulation-of-photosynthesis-and-dry-matter-production-of-greenho
GVKAS3XI,bookSection,1999,Gilmore & Govindjee,How higher plants respond to excess light: energy dissipation in Photosystem II,Concepts in photobiology: Photosynthesis and photomorphogenesis,y,0 Articles / 3 Light shock,Photoinhibition_and_Light_Stress,,"Frost_Hardiness_and_Freezing_Tests, Photosynthesis_and_Gas_Exchange",,high,content(9),9,Frost_Hardiness_and_Freezing_Tests,https://doi.org/10.1007/978-94-011-4832-0_16
6H6DEVZM,book,2003,Gil Sánchez et al.,La transformación histórica del paisaje forestal en las Islas Baleares,"Ministerio de Medio Ambiente, Madrid",,2 Controlled Environment Agriculture,Unsorted,,,#needs-topic,low,no-signal,0,,http://dialnet.unirioja.es/servlet/libro?codigo=182557
KSK2R4XE,journalArticle,2014,Giurgiu et al.,Study regarding the suitability of cultivating medicinal plants in hydroponic systems in controlled environment.,Research Journal of Agricultural Science,,2 Controlled Environment Agriculture / 2.2 Vertical Farming,Vertical_Farming_and_Urban_Agriculture,,,,high,content(6),6,,
PPP8EAHR,conferencePaper,1985,Glerum,Frost hardiness of coniferous seedlings: principles and applications,"Forest Research Laboratory, Oregon State University",y,0 Articles / 2 Long night treatment,Frost_Hardiness_and_Freezing_Tests,,Photoperiod_and_Dormancy_Induction,,medium,"content-over-collection(Photoperiod_and_Dormancy_Induction -> Frost_Hardiness_and_Freezing_Tests, 6)",6,Forest_Seedling_Production,http://agris.fao.org/agris-search/search.do?recordID=US8851008
A7I65IA3,journalArticle,2007,Gneiting & Raftery,"Strictly Proper Scoring Rules, Prediction, and Estimation",Journal of the American Statistical Association,y,7 Statistics,Statistics_and_Data_Analysis,,,,medium,collection-prior,3,Statistics_and_Data_Analysis,https://doi.org/10.1198/016214506000001437
4FM67FF7,journalArticle,1982,Goetzberger & Zastrow,On the Coexistence of Solar-Energy Conversion and Plant Cultivation,International Journal of Solar Energy,y,0 Articles / 5 Agrivoltacis,Agrivoltaics,,,,medium,collection-prior,2,,https://doi.org/10.1080/01425918208909875
W5GF2CCN,book,2005,Goetzberger & Hoffmann,Photovoltaic Solar Energy Generation,Springer Berlin Heidelberg,,5 Photovoltaics / 5.3 PV systems design,PV_Cell_and_Module_Technologies,,"PV_System_Performance, PV_Electrical_Design_and_Inverters",#project/msc-thesis,high,manual:PV solar energy generation textbook,0,,http://www.amazon.de/dp/3540236767
YNJ7KR9X,journalArticle,1980,Goldberg & Klein,A model for determining the spectral quality of daylight on a horizontal surface at any geographical location,Solar Energy,y,4 Energy / 4.1 Solar Radiation | 5 Photovoltaics / 5.5 PV Losses,Light_Quality_and_Photomorphogenesis,,"Bifacial_PV_and_Albedo, Solar_Radiation_Modelling, PV_System_Performance",,medium,"content-over-collection(Solar_Radiation_Modelling -> Light_Quality_and_Photomorphogenesis, 6)",6,Bifacial_PV_and_Albedo,https://doi.org/10.1016/0038-092X(80)90297-2
ZL9K6UEY,journalArticle,2013,Gómez et al.,Comparison of Intracanopy Light-emitting Diode Towers and Overhead High-pressure Sodium Lamps for Supplemental Lighting of Greenhouse-grown Tomatoes,Horttechnology,y,0 Articles / 4 DLI and supplementary light | 2 Controlled Environment Agriculture / 2.1 Greenhouses and Growth chambers | 3 Photobiology / LED for Plants | 2 Controlled Environment Agriculture,Horticultural_Lighting,,"Lighting_Strategy_and_Control, Greenhouse_Horticulture",,high,"content-over-collection(Lighting_Strategy_and_Control -> Horticultural_Lighting, 14)",14,Lighting_Strategy_and_Control,http://horttech.ashspublications.org/content/23/1/93.abstract
58BID7FQ,journalArticle,2005,Gonçalves et al.,"Growth, photosynthesis and stress indicators in young rosewood plants (Aniba rosaeodora Ducke) under different light intensities",Braz. J. Plant. Physiol.,,1 Forestry / 1.1 Seedling Performance / 1.1.1 Photosynthesis | 1 Forestry / 1.1 Seedling Performance / 1.1.2 Gas Ex. and Ch. F.,Photosynthesis_and_Gas_Exchange,,Forest_Seedling_Production,,high,collection-prior,2,,https://doi.org/10.1590/S1677-04202005000300007
HI35EPTV,journalArticle,2019,Gong et al.,Solar spectrum matching by LEDs based on the influence of driving current on peak wavelength,Applied Optics,y,,Horticultural_Lighting,,,,high,content(8),8,Solar_Radiation_Modelling,https://doi.org/10.1364/AO.58.002803
M3JUTE8L,journalArticle,2014,Gonzalez,Gas exchange measurements with infrared gas analyzers (IRGA) - Measurement of light responses curves,,,1 Forestry / 1.1 Seedling Performance / 1.1.2 Gas Ex. and Ch. F.,Photosynthesis_and_Gas_Exchange,,Chlorophyll_Fluorescence,,high,content(6),6,,http://sfrc.ufl.edu/courses/BOT6935/
MHSXTC2Z,journalArticle,2014,Gonzalez,Introduction to gas exchange measurements with infrared gas analyzers (IRGA),,,1 Forestry / 1.1 Seedling Performance / 1.1.2 Gas Ex. and Ch. F.,Photosynthesis_and_Gas_Exchange,,Chlorophyll_Fluorescence,,high,content(6),6,,http://sfrc.ufl.edu/courses/BOT6935/
6PCE7AXD,webpage,,,Google Maps,,y,0 Articles / 4 DLI and supplementary light,Lighting_Strategy_and_Control,,,,high,collection-prior,0,,"https://www.google.com/maps/place/Hudiksvall/@64.4671566,9.2722422,5z/data=!4m8!1m2!2m1!1slatitude+61.5!3m4!1s0x46641de634de584d:0x4034506de8c83a0!8m2!3d61.7273791!4d17.1074295"
ZWTTGT8G,conferencePaper,2000,Gordillo et al.,"Study of optical, structural and morphological properties on Cd-free buffer materials",,y,5 Photovoltaics / 5.2 PV components / 5.2.1 PV cells and modules,Thin_Film_Solar_Cells,,PV_Cell_and_Module_Technologies,,high,"content-over-collection(PV_Cell_and_Module_Technologies -> Thin_Film_Solar_Cells, 15)",15,PV_Cell_and_Module_Technologies,https://doi.org/10.1109/PVSC.2000.915917
N8YKBFXI,journalArticle,2014,Goss et al.,Irradiance modelling for individual cells of shaded solar photovoltaic arrays,Solar Energy,y,0 Articles / 5 Agrivoltacis / Energy calculation,PV_Shading_and_Mismatch,,"Solar_Radiation_Modelling, PAR_and_Spectral_Radiation",#project/light-model,high,"content-over-collection(PAR_and_Spectral_Radiation -> PV_Shading_and_Mismatch, 9)",9,Solar_Radiation_Modelling,https://doi.org/10.1016/j.solener.2014.09.037
J5FKXCRV,journalArticle,2012,Goto,Plant production in a closed plant factory with artificial lighting,VII International Symposium on Light in Horticultural,y,0 Articles / 1 Ligh Spectra and Light Intensity / Light Intensity and gas exchange | 2 Controlled Environment Agriculture / 2.2 Vertical Farming | 2 Controlled Environment Agriculture,Vertical_Farming_and_Urban_Agriculture,,"Horticultural_Lighting, Light_Quality_and_Photomorphogenesis, Photosynthesis_and_Gas_Exchange",,medium,"content-over-collection(Photosynthesis_and_Gas_Exchange -> Vertical_Farming_and_Urban_Agriculture, 6)",6,Horticultural_Lighting,http://www.actahort.org/books/956/956_2.htm
8VSXS7WJ,journalArticle,2017,Graamans et al.,Plant factories; crop transpiration and energy balance,Agricultural Systems,y,0 Articles / 4 DLI and supplementary light | 1 Forestry | 2 Controlled Environment Agriculture,Vertical_Farming_and_Urban_Agriculture,,"Photosynthesis_and_Gas_Exchange, Lighting_Strategy_and_Control",#crop/lettuce,high,"content-over-collection(Lighting_Strategy_and_Control -> Vertical_Farming_and_Urban_Agriculture, 12)",12,Photosynthesis_and_Gas_Exchange,https://doi.org/10.1016/j.agsy.2017.01.003
MA6IUN3Y,journalArticle,2018,Graamans et al.,Plant factories versus greenhouses: Comparison of resource use efficiency,Agricultural Systems,y,0 Articles / 4 DLI and supplementary light | 2 Controlled Environment Agriculture,Vertical_Farming_and_Urban_Agriculture,,"Greenhouse_Horticulture, Lighting_Strategy_and_Control",#crop/lettuce #region/sweden #region/netherlands,high,"content-over-collection(Lighting_Strategy_and_Control -> Vertical_Farming_and_Urban_Agriculture, 12)",12,Greenhouse_Horticulture,https://doi.org/10.1016/j.agsy.2017.11.003
9SJ36V22,thesis,2011,Gradén,Vindkraft i Dalarna : Från acceptans och lokalisering till planering och eftertanke,,y,4 Energy / 1.4 Wind energy in forest,Energy_Transition_and_Scenarios,,Swedish_Forestry,#region/sweden,high,collection-prior,3,,http://du.diva-portal.org/smash/record.jsf?pid=diva2:606375
GVSHYAV2,journalArticle,2021,Gräns et al.,Genetic Variation and the Effect of Herbicide and Fertilization Treatments on Wood Quality Traits in Loblolly Pine,Forest Science,y,,Photosynthesis_and_Gas_Exchange,Carbon and Water Relations,,#needs-topic,medium,content-weak(4),4,Forest_Regeneration,https://doi.org/10.1093/forsci/fxab026
R4LKJ6B5,webpage,2014,Greenbyte AB,Windmap - The first step in wind resource assessment,,,4 Energy / 1.4 Wind energy in forest,Energy_Transition_and_Scenarios,,Swedish_Forestry,,high,collection-prior,0,,http://www.windmap.se/
BFFNHPTW,journalArticle,2012,Green et al.,PhenoPhyte: a flexible affordable method to quantify 2D phenotypes from imagery,Plant Methods,y,0 Articles / 6 Image and color analysis / Image analysis and Phenotyping | 0 Articles / 6 Image and color analysis / Photobox,Plant_Phenotyping_and_Image_Analysis,,Forest_Damage_and_Herbivory,,high,content(9),9,Forest_Damage_and_Herbivory,https://doi.org/10.1186/1746-4811-8-45
UB497IJ8,book,1982,Green,"Solar cells: operating principles, technology, and system applications",Prentice-Hall,,5 Photovoltaics,PV_Cell_and_Module_Technologies,,Energy_Storage,,medium,content-weak(4),4,Energy_Storage,
9ELN9R9P,journalArticle,1996,Greenwald et al.,Effect sizes and p values: What should be reported and what should be replicated?,Psychophysiology,y,7 Statistics,Statistics_and_Data_Analysis,,,,high,collection-prior,0,,https://doi.org/10.1111/j.1469-8986.1996.tb02121.x
NVXKJMQJ,journalArticle,2016,Grossnickle & El-Kassaby,Bareroot versus container stocktypes: a performance comparison,New Forests,y,0 Articles / 4 DLI and supplementary light | 1 Forestry / 1.1 Seedling Performance | 1 Forestry,Forest_Seedling_Production,,"Forest_Regeneration, Lighting_Strategy_and_Control",,high,"content-over-collection(Lighting_Strategy_and_Control -> Forest_Seedling_Production, 13)",13,Forest_Regeneration,https://doi.org/10.1007/s11056-015-9476-6
SRT29LUF,bookSection,2000,Grossnickle & National Research Council Canada,Chapter 4 - Performance related to genetic variation,Ecophysiology of Northern Spruce Species: The Performance of Planted Seedlings,y,1 Forestry / 2 Forest regeneration,Forest_Regeneration,,,,high,content(7),7,PV_System_Performance,http://books.google.se/books/about/Ecophysiology_of_Northern_Spruce_Species.html?hl=&id=F1UUptRALbwC
DQUKH47R,bookSection,2000,Grossnickle & National Research Council Canada,Chapter 5 -Seedling response to silvicultural practices,Ecophysiology of Northern Spruce Species: The Performance of Planted Seedlings,y,0 Articles / 1 Ligh Spectra and Light Intensity | 1 Forestry / 1.1 Seedling Performance | 1 Forestry / 2 Forest regeneration,Forest_Regeneration,,"Horticultural_Lighting, Light_Quality_and_Photomorphogenesis, Forest_Seedling_Production",#project/course-reading,high,"content-over-collection(Light_Quality_and_Photomorphogenesis -> Forest_Regeneration, 9)",9,Forest_Seedling_Production,http://books.google.se/books/about/Ecophysiology_of_Northern_Spruce_Species.html?hl=&id=F1UUptRALbwC
WIYVFHHC,journalArticle,2014,Grossnickle & South,Fall acclimation and the lift/store pathway: effect on reforestation,Open For Sci J,,0 Articles / 2 Long night treatment,Forest_Regeneration,,"Frost_Hardiness_and_Freezing_Tests, Photoperiod_and_Dormancy_Induction",,medium,"content-over-collection(Photoperiod_and_Dormancy_Induction -> Forest_Regeneration, 6)",6,Frost_Hardiness_and_Freezing_Tests,
4CS5RIZ9,journalArticle,2005,Grossnickle,Importance of root growth in overcoming planting stress,New Forests,y,0 Articles / 1 Ligh Spectra and Light Intensity / Light spectra and field trial,Light_Quality_and_Photomorphogenesis,,Forest_Seedling_Production,,medium,collection-prior,1,Forest_Seedling_Production,https://doi.org/10.1007/s11056-004-8303-2
TMTNGPP4,journalArticle,2018,Grossnickle & MacDonald,"Seedling Quality: History, Application, and Plant Attributes",Forests,y,0 Articles / 4 DLI and supplementary light | 1 Forestry / 1.1 Seedling Performance | 1 Forestry / 2 Forest regeneration,Forest_Seedling_Production,,"Forest_Regeneration, Lighting_Strategy_and_Control",,high,"content-over-collection(Lighting_Strategy_and_Control -> Forest_Seedling_Production, 14)",14,Forest_Regeneration,https://doi.org/10.3390/f9050283
NBYP45AL,conferencePaper,2005,Grossnickle,Seedling size and reforestation success: how big is big enough?,Ontario Forest Research Institute,,0 Articles / 1 Ligh Spectra and Light Intensity / Light spectra and field trial | 0 Articles / 1 Ligh Spectra and Light Intensity | 1 Forestry / 1.1 Seedling Performance,Forest_Regeneration,,"Forest_Seedling_Production, Light_Quality_and_Photomorphogenesis",,medium,"content-over-collection(Light_Quality_and_Photomorphogenesis -> Forest_Regeneration, 6)",6,Forest_Seedling_Production,http://www.rngr.net/publications/tgl/seedling-size-and-reforestation-success-how-big-is-big-enough/at_download/file
838PT8WH,journalArticle,1996,Grossnickle et al.,Somatic embryogenesis tissue culture for the propagation of conifer seedlings: a technology comes of age,Tree planters' notes / (USA),,0 Articles / 1 Ligh Spectra and Light Intensity / Light spectra and field trial | 1 Forestry / 3 Somatic embryos,Tree_Breeding_and_Propagation,,"Forest_Seedling_Production, Light_Quality_and_Photomorphogenesis",,medium,"content-over-collection(Light_Quality_and_Photomorphogenesis -> Tree_Breeding_and_Propagation, 6)",6,Forest_Seedling_Production,http://agris.fao.org/agris-search/search.do?recordID=US1997052965
ULLTFH6I,journalArticle,2018,Grossnickle & MacDonald,Why seedlings grow: influence of plant attributes,New Forests,y,0 Articles / 1 Ligh Spectra and Light Intensity / Light spectra and field trial | 0 Articles / 4 DLI and supplementary light | 1 Forestry / 1.1 Seedling Performance,Forest_Seedling_Production,,"Frost_Hardiness_and_Freezing_Tests, Light_Quality_and_Photomorphogenesis, Lighting_Strategy_and_Control",,medium,"content-over-collection(Light_Quality_and_Photomorphogenesis -> Forest_Seedling_Production, 8)",8,Frost_Hardiness_and_Freezing_Tests,https://doi.org/10.1007/s11056-017-9606-4
2YNKQC39,journalArticle,2012,Grossnickle,Why seedlings survive: influence of plant attributes,New Forests,y,0 Articles / 1 Ligh Spectra and Light Intensity / Light spectra and field trial | 0 Articles / 1 Ligh Spectra and Light Intensity | 0 Articles / 4 DLI and supplementary light | 1 Forestry / 1.1 Seedling Performance | 1 Forestry / 2 Forest regeneration,Light_Quality_and_Photomorphogenesis,,"Frost_Hardiness_and_Freezing_Tests, Forest_Seedling_Production, Lighting_Strategy_and_Control",,medium,collection-prior,5,Frost_Hardiness_and_Freezing_Tests,https://doi.org/10.1007/s11056-012-9336-6
U24QRZ8N,conferencePaper,2004,Grunow et al.,Weak light performance and annual yields of PV modules and systems as a result of the basic parameter set of industrial solar cells,,,5 Photovoltaics / 5.5 PV Losses / 5.5.4 Low light,PV_Shading_and_Mismatch,,PV_Cell_and_Module_Technologies,,high,content(6),6,PV_Cell_and_Module_Technologies,http://science.gov.tm/projects/soltme/images/database/36_proc_of_the_19th04_p_2190.pdf
X2WJQVQ4,report,1995,Gueymard,"SMARTS2, A Simple Model of the Atmospheric Radiative Transfer of Sunshine: Algorithms and Performance Assessment",,,4 Energy / 4.1 Solar Radiation | 4 Energy,Solar_Radiation_Modelling,,,,medium,collection-prior,2,,http://rredc.nrel.gov/solar/models/SMARTS/relatedrefs/SMARTS2_report.pdf
YGQ56ACN,bookSection,2008,Gueymard & Myers,Validation and Ranking Methodologies for Solar Radiation Models,Modeling Solar Radiation at the Earth’s Surface,,5 Photovoltaics / 5.4 PV Performance and Monitoring,PV_System_Performance,,,#project/msc-thesis/4-2,medium,collection-prior,4,,https://link.springer.com/chapter/10.1007/978-3-540-77455-6_20
G4RX6DRZ,journalArticle,1993,Gumpertz & Brownie,Repeated measures in randomized block and split-plot experiments,Canadian Journal of Forest Research,,,Statistics_and_Data_Analysis,,,,high,content(6),6,,https://doi.org/10.1139/x93-083
H5VWUKVL,journalArticle,2012,Gupta et al.,Calculation of total solar fraction for different orientation of greenhouse using 3D-shadow analysis in Auto-CAD,Energy and Buildings,y,0 Articles / 5 Agrivoltacis / Energy calculation,Greenhouse_Horticulture,,"Solar_Radiation_Modelling, PAR_and_Spectral_Radiation",,high,manual:solar fraction by greenhouse orientation,4,Solar_Radiation_Modelling,https://doi.org/10.1016/j.enbuild.2011.11.010
8CSDYNWS,journalArticle,1999,Gu et al.,Responses of net ecosystem exchanges of carbon dioxide to changes in cloudiness: Results from two North American deciduous forests,Journal of Geophysical Research: Atmospheres,y,0 Articles / 4 DLI and supplementary light / 01 DLI,Lighting_Strategy_and_Control,,,,medium,collection-prior,2,Solar_Radiation_Modelling,https://doi.org/10.1029/1999JD901068
3ISRHYYM,conferencePaper,2017,Gurupira & Rix,"PV Simulation Software comparisons: PVSYST, NREL SAM and PVLIB",,y,5 Photovoltaics / 5.6 PV software,PV_Modelling_Tools,,,,high,content(10),10,,http://dx.doi.org/
LHPAW39V,report,1999,Gyldberg & Lindström,Kan små skogsplantor ge billigare och bättre föryngringar?,,,,Forest_Regeneration,,,,high,content(6),6,,
9VRHDIZX,journalArticle,2018,Haas,Abiotic stress and plant-microbe interactions in Norway spruce,,y,0 Articles / 3 Light shock,Photoinhibition_and_Light_Stress,,Photosynthesis_and_Gas_Exchange,#species/picea-abies #region/norway,high,collection-prior,0,,http://urn.kb.se/resolve?urn=urn:nbn:se:umu:diva-152835
ZALHEEQL,journalArticle,2017,Haase & Davis,Developing and supporting quality nursery facilities and staff are necessary to meet global forest and landscape restoration needs,REFORESTA,y,0 Articles / 4 DLI and supplementary light | 1 Forestry / 2 Forest regeneration,Forest_Seedling_Production,,"Forest_Regeneration, Lighting_Strategy_and_Control",,high,"content-over-collection(Lighting_Strategy_and_Control -> Forest_Seedling_Production, 10)",10,Forest_Regeneration,https://doi.org/10.21750/REFOR.4.06.45
N6NB7PQT,journalArticle,2007,Haase,Morphological and physiological evaluations of seedling quality,"In: Riley, L.E.; Dumroese, R.K.; Landis, T.D. National Proceedings: Forest and Conservation Nursery Associations - 2006. Proceedings RMRS-P-50. Fort Collins, CO: U.S. Department of Agriculture, Forest Service, Rocky Mountain Research Station. p. 3-8",,0 Articles / 2 Long night treatment | 0 Articles / 3 Light shock | 0 Articles / 4 DLI and supplementary light | 1 Forestry / 1.1 Seedling Performance,Forest_Seedling_Production,,"Frost_Hardiness_and_Freezing_Tests, Photoperiod_and_Dormancy_Induction, Photoinhibition_and_Light_Stress",,high,"content-over-collection(Photoperiod_and_Dormancy_Induction -> Forest_Seedling_Production, 11)",11,Light_Quality_and_Photomorphogenesis,https://www.fs.usda.gov/treesearch/pubs/30883
7WSFSDZP,journalArticle,2008,Haase,Understanding forest seedling quality: measurements and interpretation,Tree Planters’ Notes,,0 Articles / 3 Light shock | 0 Articles / 4 DLI and supplementary light | 1 Forestry / 1.1 Seedling Performance,Forest_Seedling_Production,,"Photosynthesis_and_Gas_Exchange, Photoinhibition_and_Light_Stress, Lighting_Strategy_and_Control",,medium,"content-over-collection(Photoinhibition_and_Light_Stress -> Forest_Seedling_Production, 8)",8,,
MRMXCBR8,book,2012,Häberlin,Photovoltaik: Strom aus Sonnenlicht für Verbundnetz und Inselanlagen,Electrosuisse-Verlag,y,5 Photovoltaics / 5.4 PV Performance and Monitoring,PV_System_Performance,,,#project/msc-thesis/4-2,high,collection-prior,0,,http://www.amazon.de/Photovoltaik-Strom-Sonnenlicht-Verbundnetz-Inselanlagen/dp/380073205X/ref=sr_1_1?s=books&ie=UTF8&qid=1392166163&sr=1-1&keywords=Photovoltaik%3A+Strom+aus+Sonnenlicht+f%C3%BCr+Verbundnetz+und+Inselanlagen
W2YSZ6U7,journalArticle,2017,Hachem-Vermette & MacGregor,Energy Optimized Envelope for Cold Climate Indoor Agricultural Growing Center,Buildings,y,0 Articles / 4 DLI and supplementary light,Lighting_Strategy_and_Control,,,,medium,collection-prior,3,Solar_Radiation_Modelling,https://doi.org/10.3390/buildings7030059
Y2TBEPIN,conferencePaper,2001,Haeberlin,Evolution of Inverters for Grid connected PV-Systems from 1989 to 2000,,,5 Photovoltaics / 5.2 PV components / 5.2.2 Inverters and batteries,PV_Electrical_Design_and_Inverters,,Energy_Storage,,high,content(6),6,Energy_Storage,http://www.pvtest.ch/fileadmin/user_upload/lab1/pv/wr01.pdf
G2N83ZY5,journalArticle,2015,Hagopian et al.,Large-scale plant growth chamber design for elevated pCO2 and δ13C studies,Rapid Commun. Mass Spectrom.,y,2 Controlled Environment Agriculture / 2.1 Greenhouses and Growth chambers | 2 Controlled Environment Agriculture,Greenhouse_Horticulture,,Forest_Damage_and_Herbivory,,high,collection-prior,4,Forest_Damage_and_Herbivory,https://doi.org/10.1002/rcm.7121
N95UUG6B,conferencePaper,2000,Haimbodi et al.,Cu(InAl)Se2 thin films and devices deposited by multisource evaporation [solar cells],,y,5 Photovoltaics / 5.2 PV components / 5.2.1 PV cells and modules,Thin_Film_Solar_Cells,,PV_Cell_and_Module_Technologies,,high,"content-over-collection(PV_Cell_and_Module_Technologies -> Thin_Film_Solar_Cells, 22)",22,PV_Cell_and_Module_Technologies,https://doi.org/10.1109/PVSC.2000.915868
T7ABVXTD,book,2018,Halloran et al.,Edible Insects in Sustainable Food Systems,Springer,y,2 Controlled Environment Agriculture / 2.3 Entoculture,Unsorted,,Agriculture,#needs-topic,medium,collection-prior,3,,
4WVBVWDV,journalArticle,2016,Halloran et al.,Life cycle assessment of edible insects for food protein: a review,Agronomy for Sustainable Development,y,2 Controlled Environment Agriculture / 2.3 Entoculture,Unsorted,,"Climate_Change, Agriculture",#needs-topic,high,manual:edible insects; belongs with the entoculture candidate,6,Climate_Change,https://doi.org/10.1007/s13593-016-0392-8
PZZ9G537,book,1999,Hall et al.,Photosynthesis,Cambridge University Press,,1 Forestry / 1.1 Seedling Performance / 1.1.1 Photosynthesis | 0 Articles / 1 Ligh Spectra and Light Intensity | 2 Controlled Environment Agriculture,Photosynthesis_and_Gas_Exchange,,"Forest_Seedling_Production, Light_Quality_and_Photomorphogenesis",,high,collection-prior,2,,https://books.google.se/books?id=6F7yuf1Sj30C
2L6UE7Y4,report,2013,Hallsby,Plantering av barrträd,,y,1 Forestry,Forest_Regeneration,,Swedish_Forestry,#region/sweden,medium,content-weak(3),3,Swedish_Forestry,http://www.skogsstyrelsen.se/Global/PUBLIKATIONER/Skogsskotselserien/PDF/Plantering%20av%20barrtr%C3%A4d%20130130%20-%20f%C3%B6r%20publicering.pdf
BJFVLBTT,report,2013,Hallsby,Skogsskötselserien nr 3: Plantering av barrträd,,,1 Forestry / 2 Forest regeneration,Forest_Regeneration,,,,high,collection-prior,0,,
2WUYDBG6,journalArticle,1997,Hammer & Hopper,Experimental design,"Plant growth chamber handbook’.(Eds RW Langhans, TW Tibbitts) pp",,7 Statistics,Statistics_and_Data_Analysis,,,,high,content(6),6,Greenhouse_Horticulture,
3MR2PE69,journalArticle,1972,Hammer & Langhans,Experimental design considerations for growth chamber studies,Hortscience,,2 Controlled Environment Agriculture / 2.1 Greenhouses and Growth chambers,Statistics_and_Data_Analysis,,Greenhouse_Horticulture,,medium,"content-over-collection(Greenhouse_Horticulture -> Statistics_and_Data_Analysis, 6)",6,Greenhouse_Horticulture,http://agris.fao.org/agris-search/search.do?recordID=US201302335122
KGWNJS88,journalArticle,2019,Hammond et al.,Dead or dying? Quantifying the point of no return from hydraulic failure in drought-induced tree mortality,New Phytologist,y,0 Articles / 6 Image and color analysis,Photosynthesis_and_Gas_Exchange,,"Greenhouse_Horticulture, Plant_Phenotyping_and_Image_Analysis",,high,manual:hydraulic failure and drought mortality,3,Greenhouse_Horticulture,https://doi.org/10.1111/nph.15922
SBW8YNS9,book,1978,Hanan et al.,Greenhouse Management,Springer Science & Business Media,y,0 Articles / 1 Ligh Spectra and Light Intensity / Light Intensity and gas exchange / G.Ex - Light response curves,Photosynthesis_and_Gas_Exchange,,Photoperiod_and_Dormancy_Induction,,medium,collection-prior,4,Photoperiod_and_Dormancy_Induction,
3775MWKB,journalArticle,2000,Hannerz & Westin,Growth Cessation and Autumn-frost Hardiness in One-year-old  Picea abies  Progenies from Seed Orchards and Natural Stands,Scandinavian Journal of Forest Research,y,0 Articles / 2 Long night treatment,Tree_Breeding_and_Propagation,,"Frost_Hardiness_and_Freezing_Tests, Photoperiod_and_Dormancy_Induction",#species/picea-abies #region/sweden #region/norway #region/nordic,high,"content-over-collection(Photoperiod_and_Dormancy_Induction -> Tree_Breeding_and_Propagation, 9)",9,Frost_Hardiness_and_Freezing_Tests,https://doi.org/10.1080/028275800447931
ER5ERQEB,magazineArticle,2010,Hannerz,"Lektion 13: Val av skogsodlingsmaterial, tall och gran",PLANTaktuellt,,1 Forestry / 2 Forest regeneration,Forest_Regeneration,,,#species/picea-abies #species/pinus-sylvestris,high,collection-prior,0,,
46DJU5L8,magazineArticle,2008,Hannerz,Lektion 6: Energieffektivitet,PLANTaktuellt,,0 Articles / 4 DLI and supplementary light,Lighting_Strategy_and_Control,,,,high,collection-prior,0,,https://www.skogforsk.se/kunskap/kunskapsbanken/2015/plantskolan-energieffektivitet/
SLG7EG5X,journalArticle,1993,Hansen & Eriksen,The effect of photosynthetic photon flux density on development of frost hardiness in top and roots of  Larix leptolepis  seedlings,Scandinavian Journal of Forest Research,y,0 Articles / 2 Long night treatment,Frost_Hardiness_and_Freezing_Tests,,"PAR_and_Spectral_Radiation, Photoperiod_and_Dormancy_Induction",#region/nordic,medium,"content-over-collection(Photoperiod_and_Dormancy_Induction -> Frost_Hardiness_and_Freezing_Tests, 6)",6,PAR_and_Spectral_Radiation,https://doi.org/10.1080/02827589309382770
8E4NXSIA,journalArticle,2012,Hansen et al.,Effect of time scale on analysis of PV system performance,SANDIA Report,y,5 Photovoltaics / 5.4 PV Performance and Monitoring,PV_System_Performance,,,#project/msc-thesis/4-2,high,content(8),8,Power_Systems_and_Grid_Integration,http://citeseerx.ist.psu.edu/viewdoc/download?doi=10.1.1.476.9215&rep=rep1&type=pdf
XX69HXKY,journalArticle,2016,Harbick & Albright,Comparison of energy consumption: greenhouses and plant factories,Acta Horticulturae,,0 Articles / 4 DLI and supplementary light / 01 DLI / Supplementary light control | 0 Articles / 4 DLI and supplementary light | 0 Articles / 5 Agrivoltacis,Vertical_Farming_and_Urban_Agriculture,,"Greenhouse_Horticulture, Lighting_Strategy_and_Control, Agrivoltaics",,medium,"content-over-collection(Lighting_Strategy_and_Control -> Vertical_Farming_and_Urban_Agriculture, 6)",6,Greenhouse_Horticulture,https://doi.org/10.17660/ActaHortic.2016.1134.38
SHJDZVX2,presentation,2016,,Energy consumption in controlled environments: supplemental lighting and CO2 systems,,,0 Articles / 4 DLI and supplementary light / 01 DLI / Supplementary light control | 0 Articles / 4 DLI and supplementary light,Lighting_Strategy_and_Control,,Greenhouse_Horticulture,,high,content(6),6,,
5KJZALY8,report,2008,Harrell & Slaughter,Introduction to Biostatistics for Biomedical Research,,,7 Statistics,Statistics_and_Data_Analysis,,,,high,collection-prior,2,,http://biostat.mc.vanderbilt.edu/wiki/pub/Main/ClinStat/ci2.biostat1.pdf
PDHRX8ZM,journalArticle,1998,Hassika & Berbigier,Annual cycle of photosynthetically active radiation in maritime pine forest,Agricultural and Forest Meteorology,y,0 Articles / 4 DLI and supplementary light / 01 DLI / Supplementary light control,PAR_and_Spectral_Radiation,,"Greenhouse_Horticulture, Lighting_Strategy_and_Control",,medium,"content-over-collection(Lighting_Strategy_and_Control -> PAR_and_Spectral_Radiation, 6)",6,Photosynthesis_and_Gas_Exchange,https://doi.org/10.1016/S0168-1923(98)00054-9
92J3PZN5,journalArticle,1996,Heffner et al.,Pseudoreplication Revisited,Ecology,,7 Statistics,Statistics_and_Data_Analysis,,,,high,content(6),6,,https://doi.org/10.2307/2265754
559RS28D,journalArticle,2006,He et al.,Hybrid photovoltaic and thermal solar-collector designed for natural circulation of water,Appl. Energy,y,5 Photovoltaics / 5.3 PV systems design,PV_Cell_and_Module_Technologies,,"PV_System_Performance, PV_Electrical_Design_and_Inverters",#project/msc-thesis,high,manual:hybrid PV/thermal collector design,4,PV_Cell_and_Module_Technologies,https://doi.org/10.1016/j.apenergy.2005.02.007
VH8J2EV5,journalArticle,1974,Heide,Growth and Dormancy in Norway Spruce Ecotypes ( Picea abies ) I. Interaction of Photoperiod and Temperature,Physiologia Plantarum,y,0 Articles / 5 Agrivoltacis / Energy calculation | 0 Articles / 0 Thesis,Photoperiod_and_Dormancy_Induction,,"Solar_Radiation_Modelling, PAR_and_Spectral_Radiation",#project/thesis #project/light-model #species/picea-abies #region/norway,high,"content-over-collection(PAR_and_Spectral_Radiation -> Photoperiod_and_Dormancy_Induction, 21)",21,Forest_Seedling_Production,https://doi.org/10.1111/j.1399-3054.1974.tb04983.x
89QZSS3W,computerProgram,2010,,CASAnova,,y,0 Articles / 4 DLI and supplementary light,Lighting_Strategy_and_Control,,,#type/tool,high,collection-prior,0,,http://nesa1.uni-siegen.de/index.htm?/softlab/casanova_e.htm
JH25JPXN,conferencePaper,1998,Heins et al.,Regulation of crop growth and development based on environmental factors,,,0 Articles / 4 DLI and supplementary light,Lighting_Strategy_and_Control,,,,medium,collection-prior,2,,
QFE3YCA4,book,2016,Held,Introduction to light emitting diode technology and applications,Auerbach publications,,0 Articles / 4 DLI and supplementary light,Horticultural_Lighting,,Lighting_Strategy_and_Control,,medium,"content-over-collection(Lighting_Strategy_and_Control -> Horticultural_Lighting, 6)",6,,
BUE2Z3XW,journalArticle,2002,Helenius et al.,Effect of drought on growth and mortality of actively growing Norway spruce container seedlings planted in summer,Scandinavian Journal of Forest Research,y,0 Articles / 2 Long night treatment,Forest_Regeneration,,"Frost_Hardiness_and_Freezing_Tests, Photoperiod_and_Dormancy_Induction",#species/picea-abies #region/norway #region/nordic,high,manual:drought on summer-planted seedlings,2,PV_System_Performance,https://doi.org/10.1080/028275802753742882
6CCIE64C,journalArticle,2004,Helenius et al.,Effect of thawing duration and temperature on field performance of frozen-stored Norway spruce container seedlings,Silva Fennica,,0 Articles / 2 Long night treatment,Forest_Seedling_Production,,"Frost_Hardiness_and_Freezing_Tests, Photoperiod_and_Dormancy_Induction",#species/picea-abies #region/norway,medium,"content-over-collection(Photoperiod_and_Dormancy_Induction -> Forest_Seedling_Production, 6)",6,PV_System_Performance,https://doi.org/10.14214/sf.421
4X7Q23NR,book,2004,Hellqvist & Lindström,Praktisk plantering av miniplantor - resultat efter två år i fält : Uppdrag Holmen AB,Högskolan Dalarna,y,0 Articles / 2 Long night treatment,Forest_Seedling_Production,,"Frost_Hardiness_and_Freezing_Tests, Photoperiod_and_Dormancy_Induction",,high,manual:miniplant field trial results,0,,http://urn.kb.se/resolve?urn=urn:nbn:se:du-1867
ZW6U844C,conferencePaper,2008,Hemming et al.,"Diffuse greenhouse covering materials-material technology, measurements and evaluation of optical properties",,,0 Articles / 5 Agrivoltacis / Energy calculation,Greenhouse_Horticulture,,"Solar_Radiation_Modelling, PAR_and_Spectral_Radiation",#project/light-model,high,"content-over-collection(PAR_and_Spectral_Radiation -> Greenhouse_Horticulture, 10)",10,,
94M4KJ97,book,2005,Hemming et al.,"Diffuus licht : het effect van lichtverstrooiende kasdekmaterialen op kasklimaat, lichtdoordringing en gewasgroei",Agrotechnology & Food Innovations,y,0 Articles / 5 Agrivoltacis / Energy calculation,Greenhouse_Horticulture,,"Solar_Radiation_Modelling, PAR_and_Spectral_Radiation",#project/light-model,high,manual:diffuse-light cover materials,0,,https://research.wur.nl/en/publications/diffuus-licht-het-effect-van-lichtverstrooiende-kasdekmaterialen-
37J9D3RF,conferencePaper,2013,Hemming et al.,"Material technology of diffuse greenhouse covering materials-influence on light transmission, light scattering and light spectrum",,,0 Articles / 5 Agrivoltacis / Energy calculation,Greenhouse_Horticulture,,"Light_Quality_and_Photomorphogenesis, Solar_Radiation_Modelling, PAR_and_Spectral_Radiation",,high,"content-over-collection(PAR_and_Spectral_Radiation -> Greenhouse_Horticulture, 10)",10,Light_Quality_and_Photomorphogenesis,
5QE6K33F,book,2015,Hense,"PV-Anlagen - Fehler erkennen und bewerten: Begutachtung, Wartung und Service","TÜV Media GmbH, Köln",,5 Photovoltaics,PV_Degradation_and_Reliability,,,,high,content(6),6,,
29EMMB7R,webpage,2006,Herbert Glarner,Length of Day and Twilight,,y,0 Articles / 4 DLI and supplementary light / 06 Data,Unsorted,,,#needs-topic,low,no-signal,0,,http://www.gandraxa.com/length_of_day.xml
9DIJLNIG,report,1979,Hermann et al.,Testing the vigor of coniferous planting stock,,,1 Forestry / 1.1 Seedling Performance,Forest_Seedling_Production,,,,high,collection-prior,0,,http://ir.library.oregonstate.edu/xmlui/handle/1957/8123
X5TWF59I,journalArticle,2014,Hernández & Kubota,Growth and morphological response of cucumber seedlings to supplemental red and blue photon flux ratios under varied solar daily light integrals,Scientia Horticulturae,y,0 Articles / 1 Ligh Spectra and Light Intensity / Light Intensity and gas exchange / DLI,Lighting_Strategy_and_Control,,Light_Quality_and_Photomorphogenesis,,high,content(13),13,Light_Quality_and_Photomorphogenesis,https://doi.org/10.1016/j.scienta.2014.04.035
6QBFS789,bookSection,2017,Hernandez & Kubota,Light Quality and Photomorphogenensis,Light Management in Controlled Environments,y,0 Articles / 1 Ligh Spectra and Light Intensity / Light spectra and field trial,Light_Quality_and_Photomorphogenesis,,Forest_Seedling_Production,,high,content(12),12,Greenhouse_Horticulture,
69T7U93D,journalArticle,2016,Hernández & Kubota,Physiological responses of cucumber seedlings under different blue and red photon flux ratios using LEDs,Environmental and Experimental Botany,y,0 Articles / 1 Ligh Spectra and Light Intensity / Light spectra and field trial,Light_Quality_and_Photomorphogenesis,,"Horticultural_Lighting, Forest_Seedling_Production",,high,content(9),9,Horticultural_Lighting,https://doi.org/10.1016/j.envexpbot.2015.04.001
D7BRTWAV,conferencePaper,2015,Hernandez Velasco & Pamidi,Climate control in the production of forest plants : using photovoltaics to power an innovative forestry incubator,Ostbayerisches Technologie-Transfer-Institut (Verlag),y,2 Controlled Environment Agriculture / 2.4 Zephyr Project | 6 Thesis / Own publications,Forest_Seedling_Production,,Horticultural_Lighting,#project/zephyr #project/own-publications,medium,collection-prior,3,,http://du.diva-portal.org/smash/record.jsf?aq2=%5B%5B%5D%5D&c=14&af=%5B%5D&searchType=SIMPLE&query=&language=en&pid=diva2%3A905209&aq=%5B%5B%7B%22personId%22%3A%22mhv+OR+0000-0001-6805-2112%22%7D%5D%5D&sf=all&aqe=%5B%5D&sortOrder=author_sort_asc&onlyFullText=false&noOfRows=50&dswid=-8369
NTHR354U,conferencePaper,2013,Hernandez Velasco et al.,Comparison of partial shading losses in free field PV-plants with different array configurations,,y,6 Thesis / Own publications,PV_Shading_and_Mismatch,,,#project/own-publications,high,content(18),18,,https://doi.org/10.4229/28thEUPVSEC2013-5BV.7.35
64UZ73E8,conferencePaper,2014,Hernandez Velasco & Mattsson,Cultivation of forest regeneration materials under artificial radiant sources—effects of light intensity on energy consumption and seedling development,,y,2 Controlled Environment Agriculture / 2.4 Zephyr Project | 6 Thesis / Own publications,Forest_Seedling_Production,,Horticultural_Lighting,#project/zephyr #project/own-publications,medium,collection-prior,4,Forest_Seedling_Production,http://du.diva-portal.org/smash/record.jsf?aq2=%5B%5B%5D%5D&c=10&af=%5B%5D&searchType=SIMPLE&query=&language=en&pid=diva2%3A764942&aq=%5B%5B%7B%22personId%22%3A%22mhv+OR+0000-0001-6805-2112%22%7D%5D%5D&sf=all&aqe=%5B%5D&sortOrder=author_sort_asc&onlyFullText=false&noOfRows=50&dswid=564
GE7RZ8ND,journalArticle,2021,Hernandez Velasco,Enabling Year-round Cultivation in the Nordics - Agrivoltaics and Adaptive LED Lighting Control of Daily Light Integral,,y,,Lighting_Strategy_and_Control,,Horticultural_Lighting,#region/nordic,high,content(19),19,Horticultural_Lighting,https://doi.org/10.20944/preprints202109.0367.v1
8V9M9F5H,conferencePaper,2014,Hernandez Velasco & Mattsson,Energy efficiency in intensified production of forest regeneration materials – design of a photovoltaic system for sustainably powering an innovative forestry i,,y,2 Controlled Environment Agriculture / 2.4 Zephyr Project | 6 Thesis / Own publications,Forest_Seedling_Production,,"Climate_Change, Horticultural_Lighting",#project/zephyr #project/own-publications,medium,collection-prior,4,Climate_Change,http://du.diva-portal.org/smash/record.jsf?aq2=%5B%5B%5D%5D&c=7&af=%5B%5D&searchType=SIMPLE&query=&language=en&pid=diva2%3A764946&aq=%5B%5B%7B%22personId%22%3A%22mhv+OR+0000-0001-6805-2112%22%7D%5D%5D&sf=all&aqe=%5B%5D&sortOrder=author_sort_asc&onlyFullText=false&noOfRows=50&dswid=-7949
CKSNENCV,journalArticle,2019,Hernandez Velasco & Mattsson,Light quality and intensity of light-emitting diodes during pre-cultivation of  Picea abies  (L.) Karst. and  Pinus sylvestris  L. seedlings – impact on growth ,Scandinavian Journal of Forest Research,y,0 Articles / 4 DLI and supplementary light / 03 LED seedling cultivation | 0 Articles / 1 Ligh Spectra and Light Intensity,Forest_Seedling_Production,,"Horticultural_Lighting, Light_Quality_and_Photomorphogenesis",#species/picea-abies #species/pinus-sylvestris #region/nordic,high,"content-over-collection(Horticultural_Lighting -> Forest_Seedling_Production, 15)",15,Horticultural_Lighting,https://doi.org/10.1080/02827581.2019.1578404
XDX8FA77,journalArticle,2020,Hernandez Velasco & Mattsson,Light Shock Stress after Outdoor Sunlight Exposure in Seedlings of  Picea abies  (L.) Karst. and  Pinus sylvestris  L. Pre-Cultivated under LEDs—Possible Mitiga,Forests,y,0 Articles / 3 Light shock,Horticultural_Lighting,,"Photoinhibition_and_Light_Stress, Photosynthesis_and_Gas_Exchange",#species/picea-abies #species/pinus-sylvestris #region/nordic,high,"content-over-collection(Photoinhibition_and_Light_Stress -> Horticultural_Lighting, 9)",9,Photoinhibition_and_Light_Stress,https://doi.org/10.3390/f11030354
M7HZ62Q4,conferencePaper,2014,Hernandez Velasco & Mattsson,Long night treatment for induction of cold hardiness using artificial lights : effects of photoperiod on seedling storabilityand energy consumption,,y,2 Controlled Environment Agriculture / 2.4 Zephyr Project | 6 Thesis / Own publications,Photoperiod_and_Dormancy_Induction,,"Forest_Seedling_Production, Horticultural_Lighting",#project/zephyr #project/own-publications #region/nordic,high,"content-over-collection(Forest_Seedling_Production -> Photoperiod_and_Dormancy_Induction, 12)",12,Forest_Seedling_Production,http://du.diva-portal.org/smash/record.jsf?aq2=%5B%5B%5D%5D&c=8&af=%5B%5D&searchType=SIMPLE&query=&language=en&pid=diva2%3A764944&aq=%5B%5B%7B%22personId%22%3A%22mhv+OR+0000-0001-6805-2112%22%7D%5D%5D&sf=all&aqe=%5B%5D&sortOrder=author_sort_asc&onlyFullText=false&noOfRows=50&dswid=4773
KUM6DWT6,conferencePaper,2014,Hernandez Velasco & Kotilainen,New technology for pre-cultivation of forest seedlings under LED lamps – modification of light conditions to mitigate light shock stress after transplanting to ,,y,2 Controlled Environment Agriculture / 2.4 Zephyr Project | 6 Thesis / Own publications,Horticultural_Lighting,,Forest_Seedling_Production,#project/zephyr #project/own-publications,high,"content-over-collection(Forest_Seedling_Production -> Horticultural_Lighting, 12)",12,Forest_Seedling_Production,http://du.diva-portal.org/smash/record.jsf?aq2=%5B%5B%5D%5D&c=4&af=%5B%5D&searchType=SIMPLE&query=&language=en&pid=diva2%3A764947&aq=%5B%5B%7B%22personId%22%3A%22mhv%22%7D%5D%5D&sf=all&aqe=%5B%5D&sortOrder=author_sort_asc&onlyFullText=false&noOfRows=50&dswid=7822
6X5Y8JIQ,conferencePaper,2014,Hernandez Velasco & Mattsson,Nuevas tecnologías para el pre-cultivo de plantas forestales - diseño de una incubadora sustentable para minimizar el impacto ambiental,,y,2 Controlled Environment Agriculture / 2.4 Zephyr Project | 6 Thesis / Own publications,Forest_Seedling_Production,,Horticultural_Lighting,#project/zephyr #project/own-publications,high,collection-prior,0,,http://du.diva-portal.org/smash/record.jsf?aq2=%5B%5B%5D%5D&c=9&af=%5B%5D&searchType=SIMPLE&query=&language=en&pid=diva2%3A764949&aq=%5B%5B%7B%22personId%22%3A%22mhv+OR+0000-0001-6805-2112%22%7D%5D%5D&sf=all&aqe=%5B%5D&sortOrder=author_sort_asc&onlyFullText=false&noOfRows=50&dswid=-864
6ST73NQ3,conferencePaper,2015,Hernandez Velasco & Mattsson,Outdoor performance of forest seedlings pre-cultivated under artificial lights : effects of the light spectra used for pre-cultivation on the future establishme,,y,2 Controlled Environment Agriculture / 2.4 Zephyr Project | 6 Thesis / Own publications,Forest_Seedling_Production,,"PV_System_Performance, Horticultural_Lighting",#project/zephyr #project/own-publications,high,content(9),9,PV_System_Performance,http://du.diva-portal.org/smash/record.jsf?aq2=%5B%5B%5D%5D&c=6&af=%5B%5D&searchType=SIMPLE&query=&language=en&pid=diva2%3A905215&aq=%5B%5B%7B%22personId%22%3A%22mhv+OR+0000-0001-6805-2112%22%7D%5D%5D&sf=all&aqe=%5B%5D&sortOrder=author_sort_asc&onlyFullText=false&noOfRows=50&dswid=1034
YDHSFSET,thesis,2012,Hernandez Velasco,Performance Evaluation of Different PV-Array Configurations under Weak Light Conditions and Partial Shadings,,y,2 Controlled Environment Agriculture / 2.4 Zephyr Project | 5 Photovoltaics / 5.0 TÜV Mustergutachten | 6 Thesis / Own publications,PV_Shading_and_Mismatch,,"Horticultural_Lighting, Forest_Seedling_Production, Solar_Radiation_Modelling",#project/zephyr #project/own-publications,high,"content-over-collection(Forest_Seedling_Production -> PV_Shading_and_Mismatch, 18)",18,PV_System_Performance,http://du.diva-portal.org/smash/record.jsf?aq2=%5B%5B%5D%5D&c=2&af=%5B%5D&searchType=SIMPLE&query=&language=en&pid=diva2%3A764930&aq=%5B%5B%7B%22personId%22%3A%22mhv+OR+0000-0001-6805-2112%22%7D%5D%5D&sf=all&aqe=%5B%5D&sortOrder=author_sort_asc&onlyFullText=false&noOfRows=50&dswid=-8216
V4ZXFU6L,conferencePaper,2014,Hernandez Velasco & Mattsson,A silvicultural practice to facilitate forest restoration : a new seedling cultivation technology for regeneration establishment,"The Commonwealth Forestry Association, www.cfa-international.org",y,2 Controlled Environment Agriculture / 2.4 Zephyr Project | 6 Thesis / Own publications,Forest_Regeneration,,"Climate_Change, Horticultural_Lighting, Forest_Seedling_Production",#project/zephyr #project/own-publications,high,"content-over-collection(Forest_Seedling_Production -> Forest_Regeneration, 16)",16,Climate_Change,http://du.diva-portal.org/smash/record.jsf?pid=diva2%3A764941&dswid=4683
RXS22G9F,conferencePaper,2016,Hernandez Velasco & Mattsson,Swedish experiences and visions on the production of containerized seedlings,,y,2 Controlled Environment Agriculture / 2.4 Zephyr Project | 6 Thesis / Own publications,Forest_Seedling_Production,,Horticultural_Lighting,#project/zephyr #project/own-publications #region/sweden,high,content(8),8,,http://du.diva-portal.org/smash/record.jsf?aq2=%5B%5B%5D%5D&c=12&af=%5B%5D&searchType=SIMPLE&query=&language=en&pid=diva2%3A925537&aq=%5B%5B%7B%22personId%22%3A%22mhv+OR+0000-0001-6805-2112%22%7D%5D%5D&sf=all&aqe=%5B%5D&sortOrder=author_sort_asc&onlyFullText=false&noOfRows=50&dswid=-3303
FGGGRURM,journalArticle,2020,Hernandez Velasco,Treatments for induction of cold hardiness in  Picea abies  (L.) Karst. and  Pinus sylvestris  L. seedlings pre-cultivated under light-emitting diodes – impact ,Scandinavian Journal of Forest Research,y,,Frost_Hardiness_and_Freezing_Tests,,Forest_Seedling_Production,#species/picea-abies #species/pinus-sylvestris #region/nordic,high,content(16),16,Forest_Seedling_Production,https://doi.org/10.1080/02827581.2020.1718199
B72IY295,conferencePaper,2016,Hernandez Velasco et al.,Using Hybrid Solar Photovoltaic + Combined Heat and Power Systems (PV+CHP) to Enable Industrial Scale Indoor Plant Cultivation: a Feasibility Study,,y,,Vertical_Farming_and_Urban_Agriculture,,PV_Degradation_and_Reliability,,high,"manual:subject is powering indoor cultivation, not grid penetration",4,PV_Degradation_and_Reliability,http://urn.kb.se/resolve?urn=urn:nbn:se:uu:diva-450716
Z5YIBBH4,conferencePaper,2014,Hernandez Velasco et al.,Weak light performance efficiency in installed PV-arrays of different module technologies,,y,6 Thesis / Own publications,PV_Cell_and_Module_Technologies,,PV_Shading_and_Mismatch,#project/own-publications,high,content(9),9,PV_Shading_and_Mismatch,https://doi.org/10.4229/EUPVSEC20142014-5DO.12.2
ZSQX7LIM,conferencePaper,2014,Hernandez Velasco & Pamidi,The ZEPHYR concept and the energetic autonomy,,y,2 Controlled Environment Agriculture / 2.4 Zephyr Project | 6 Thesis / Own publications,Forest_Seedling_Production,,Horticultural_Lighting,#project/zephyr #project/own-publications,medium,collection-prior,3,,http://du.diva-portal.org/smash/record.jsf?aq2=%5B%5B%5D%5D&c=13&af=%5B%5D&searchType=SIMPLE&query=&language=en&pid=diva2%3A764950&aq=%5B%5B%7B%22personId%22%3A%22mhv+OR+0000-0001-6805-2112%22%7D%5D%5D&sf=all&aqe=%5B%5D&sortOrder=author_sort_asc&onlyFullText=false&noOfRows=50&dswid=-8171
3RD8ZTF9,conferencePaper,1996,Herrmann & Wiesner,Current-Voltage translation Procedure for PV Generators in the German 1000 Roofs-Programme,TÜV Rheinland,,5 Photovoltaics / 5.4 PV Performance and Monitoring,PV_System_Performance,,,#project/msc-thesis/4-2,high,collection-prior,0,,
3Z3GHCBY,journalArticle,2000,Hersbach,Decomposition of the Continuous Ranked Probability Score for Ensemble Prediction Systems,Weather and Forecasting,y,7 Statistics,Statistics_and_Data_Analysis,,PV_Forecasting_and_Ramp_Control,,medium,collection-prior,3,PV_Forecasting_and_Ramp_Control,https://doi.org/10.1175/1520-0434(2000)015<0559:DOTCRP>2.0.CO;2
D5N4LMRM,journalArticle,2020,Hersbach et al.,The ERA5 global reanalysis,Quarterly Journal of the Royal Meteorological Society,,0 Articles / 4 DLI and supplementary light / 05 Greenhouse energy,Greenhouse_Horticulture,,"Solar_and_Weather_Data, Lighting_Strategy_and_Control",,medium,collection-prior,3,Solar_and_Weather_Data,https://doi.org/10.1002/qj.3803
96TJHKMH,journalArticle,2018,Hersbach et al.,ERA5 hourly data on single levels from 1979 to present,Copernicus Climate Change Service (C3S) Climate Data Store (CDS),,0 Articles / 4 DLI and supplementary light / 05 Greenhouse energy,Greenhouse_Horticulture,,"Solar_and_Weather_Data, Lighting_Strategy_and_Control",,medium,collection-prior,3,Solar_and_Weather_Data,https://doi.org/10.24381/cds.adbb2d47
B4BKRANY,journalArticle,2016,Hertwich et al.,"Green Energy Choices: The benefits, risks, and trade-offs of low-carbon technologies for electricity production",,,5 Photovoltaics / 5.11 LCA,Energy_Transition_and_Scenarios,,PV_Economics_and_LCA,,high,"manual:low-carbon technology trade-offs, not PV economics",0,,
MZ23DV5H,journalArticle,2020,Heun et al.,The Energy and Exergy of Light with Application to Societal Exergy Analysis,Energies,y,,Horticultural_Lighting,,Radiometry_and_Photometry,,high,content(6),6,Radiometry_and_Photometry,https://doi.org/10.3390/en13205489
JF6XMCSV,bookSection,1997,Hicklenton & Heins,Temperature,Plant Growth Chamber Handbook,,0 Articles / 2 Long night treatment,Greenhouse_Horticulture,,"Frost_Hardiness_and_Freezing_Tests, Photoperiod_and_Dormancy_Induction",,high,manual:growth chamber temperature control,2,,
5AN59PXA,webpage,,,HIKO V-93,,y,6 Thesis / Material and equipment used,Forest_Seedling_Production,,,#project/thesis,high,content(6),6,,http://www.bccab.com/Produkt-Growing-Systems-eng.php?sd_esp_1_pid=32
67RDEWXY,webpage,,,Historical Market Data,,y,,Electricity_Markets_and_Prices,,,,medium,content-weak(3),3,,https://www.nordpoolgroup.com/historical-market-data/
WQ3YUJID,journalArticle,1996,Hoddinott & Scott,The influence of light quality and carbon dioxide enrichment on the growth and physiology of seedlings of three conifer species. I. Growth responses,Can. J. Bot.,y,0 Articles / 1 Ligh Spectra and Light Intensity / Light spectra and field trial / R:FR | 0 Articles / 1 Ligh Spectra and Light Intensity / Light spectra and field trial | 0 Articles / 1 Ligh Spectra and Light Intensity | 1 Forestry / 1.1 Seedling Performance | 3 Photobiology / Spectra,Light_Quality_and_Photomorphogenesis,,Forest_Seedling_Production,,high,content(9),9,Forest_Seedling_Production,https://doi.org/10.1139/b96-048
EVIFZNAZ,journalArticle,2012,Hoekstra & Mekonnen,The water footprint of humanity,Proc. Natl. Acad. Sci. U. S. A.,y,2 Controlled Environment Agriculture / 2.2 Vertical Farming | 4 Energy / Water and population | 2 Controlled Environment Agriculture | 4 Energy,Agriculture,,Vertical_Farming_and_Urban_Agriculture,,medium,"content-over-collection(Vertical_Farming_and_Urban_Agriculture -> Agriculture, 6)",6,,https://doi.org/10.1073/pnas.1109936109
JRQARFP2,webpage,2014,Hofmann et al.,Improved Synthesis of Global Irradiance with One-Minute Resolution for PV System Simulations,,y,0 Articles / 4 DLI and supplementary light / 01 DLI / Supplementary light control,Solar_Radiation_Modelling,,"Statistics_and_Data_Analysis, Greenhouse_Horticulture, Lighting_Strategy_and_Control",,medium,"content-over-collection(Lighting_Strategy_and_Control -> Solar_Radiation_Modelling, 7)",7,Statistics_and_Data_Analysis,https://www.hindawi.com/journals/ijp/2014/808509/
XZEVYKK8,journalArticle,2010,Hogewoning et al.,An artificial solar spectrum substantially alters plant development compared with usual climate room irradiance spectra,J. Exp. Bot.,y,3 Photobiology / Spectra,Light_Quality_and_Photomorphogenesis,,Solar_Radiation_Modelling,,medium,collection-prior,5,Solar_Radiation_Modelling,https://doi.org/10.1093/jxb/erq005
ESIQXKFC,journalArticle,2012,Hogewoning et al.,Photosynthetic Quantum Yield Dynamics: From Photosystems to Leaves,Plant Cell,y,1 Forestry / 1.1 Seedling Performance / 1.1.1 Photosynthesis,Photosynthesis_and_Gas_Exchange,,"Light_Quality_and_Photomorphogenesis, Forest_Seedling_Production",,high,content(6),6,Light_Quality_and_Photomorphogenesis,https://doi.org/10.1105/tpc.112.097972
LED6BCUI,report,2012,Hoke et al.,Maximum Photovoltaic Penetration Levels on Typical Distribution Feeders: Preprint,,,5 Photovoltaics / 5.10 PV ramp control,Power_Systems_and_Grid_Integration,,"Energy_Storage, PV_Forecasting_and_Ramp_Control",,high,"content-over-collection(PV_Forecasting_and_Ramp_Control -> Power_Systems_and_Grid_Integration, 12)",12,,
SSU2Y72J,journalArticle,1975,Holmes & Smith,The function of phytochrome in plants growing in the natural environment,Nature,,0 Articles / 1 Ligh Spectra and Light Intensity / Light spectra and field trial / R:FR | 0 Articles / 1 Ligh Spectra and Light Intensity / Light spectra and field trial,Light_Quality_and_Photomorphogenesis,,,,high,content(6),6,,
4JB8MV4G,journalArticle,2018,Holmgren et al.,pvlib python: a python package for modeling solar energy systems,Journal of Open Source Software,y,0 Articles / 5 Agrivoltacis / Energy calculation,PV_Modelling_Tools,,"Solar_Radiation_Modelling, PAR_and_Spectral_Radiation",#project/light-model,medium,"content-over-collection(PAR_and_Spectral_Radiation -> PV_Modelling_Tools, 6)",6,,https://doi.org/10.21105/joss.00884
J8XNA8GS,book,1999,Hopkins,Introduction to plant physiology,John Wiley and Sons,,0 Articles / 1 Ligh Spectra and Light Intensity / Light Intensity and gas exchange,Photosynthesis_and_Gas_Exchange,,Light_Quality_and_Photomorphogenesis,,high,collection-prior,0,,
7QNF8RE6,journalArticle,1999,Hoque & Remus,Natural UV-screening mechanisms of Norway spruce ( Picea abies  [L.] Karst.) needles,Photochemistry and Photobiology,y,0 Articles / 3 Light shock,Photoinhibition_and_Light_Stress,,"PAR_and_Spectral_Radiation, Photosynthesis_and_Gas_Exchange",#species/picea-abies #region/norway,medium,collection-prior,3,PAR_and_Spectral_Radiation,https://doi.org/10.1111/j.1751-1097.1999.tb03272.x
EHRW2V8L,journalArticle,2005,Horton & Ruban,Molecular design of the photosystem II light-harvesting antenna: photosynthesis and photoprotection,J. Exp. Bot.,y,3 Photobiology / Spectra,Photoinhibition_and_Light_Stress,,Light_Quality_and_Photomorphogenesis,,high,"content-over-collection(Light_Quality_and_Photomorphogenesis -> Photoinhibition_and_Light_Stress, 12)",12,Photosynthesis_and_Gas_Exchange,https://doi.org/10.1093/jxb/eri023
R7GH6B56,journalArticle,1983,Howell et al.,Relationship of photosynthetically active radiation to shortwave radiation in the San Joaquin Valley,Agricultural Meteorology,y,,PAR_and_Spectral_Radiation,,,,high,content(6),6,Photosynthesis_and_Gas_Exchange,https://doi.org/10.1016/0002-1571(83)90005-5
TJZI9Y97,conferencePaper,2000,Huang et al.,"A comparative study of chemical-bath-deposited CdS, (Cd,Zn)S, ZnS, and In(OH)xSy buffer layer for CIGS-based solar cells",,y,5 Photovoltaics / 5.2 PV components / 5.2.1 PV cells and modules,Thin_Film_Solar_Cells,,PV_Cell_and_Module_Technologies,,high,"content-over-collection(PV_Cell_and_Module_Technologies -> Thin_Film_Solar_Cells, 11)",11,PV_Cell_and_Module_Technologies,https://doi.org/10.1109/PVSC.2000.915961
3ZZRQEE4,journalArticle,2013,Huang et al.,The Effect of Sputtering Parameters on the Film Properties of Molybdenum Back Contact for CIGS Solar Cells,Int. J. Photoenergy,y,5 Photovoltaics / 5.2 PV components / 5.2.1 PV cells and modules,Thin_Film_Solar_Cells,,PV_Cell_and_Module_Technologies,,high,"content-over-collection(PV_Cell_and_Module_Technologies -> Thin_Film_Solar_Cells, 18)",18,PV_Cell_and_Module_Technologies,https://doi.org/10.1155/2013/390824
FRXH4VYG,report,2018,Hughes,Vertical Farming: does the economic model work?,,,2 Controlled Environment Agriculture / 2.2 Vertical Farming,Vertical_Farming_and_Urban_Agriculture,,,,high,content(6),6,,https://www.nuffieldinternational.org/live/Report/UK/2017/sarah-hughes
4T9D7IAX,journalArticle,2013,Huld et al.,Data sets for energy rating of photovoltaic modules,Solar Energy,y,5 Photovoltaics / 5.4 PV Performance and Monitoring,PV_System_Performance,,PV_Standards_and_Measurement,#project/msc-thesis/4-2,high,content(7),7,PV_Standards_and_Measurement,https://doi.org/10.1016/j.solener.2013.04.014
QTAQWCVT,journalArticle,2015,Huld & Amillo,"Estimating PV Module Performance over Large Geographical Regions: The Role of Irradiance, Air Temperature, Wind Speed and Solar Spectrum",Energies,y,0 Articles / 5 Agrivoltacis / Energy calculation,PV_System_Performance,,"PV_Cell_and_Module_Technologies, Solar_Radiation_Modelling, PAR_and_Spectral_Radiation",,high,manual:regional PV module performance,4,PV_Cell_and_Module_Technologies,https://doi.org/10.3390/en8065159
8AUA4JCL,journalArticle,2010,Huld et al.,The European PV System Monitoring Guidelines – Summary and Implementation,"25th European Photovoltaic Solar Energy Conference and Exhibition / 5th World Conference on Photovoltaic Energy Conversion, 6-10 September 2010, Valencia, Spain",y,5 Photovoltaics / 5.4 PV Performance and Monitoring,PV_System_Performance,,Power_Systems_and_Grid_Integration,#project/msc-thesis/4-2,high,collection-prior,4,Power_Systems_and_Grid_Integration,https://doi.org/10.4229/25thEUPVSEC2010-5BV.4.31
DGIW8CMF,journalArticle,2012,Huld et al.,A new solar radiation database for estimating PV performance in Europe and Africa,Solar Energy,y,0 Articles / 4 DLI and supplementary light / 05 Greenhouse energy | 0 Articles / 4 DLI and supplementary light / 06 Data | 0 Articles / 5 Agrivoltacis / Energy calculation | 0 Articles / 0 Thesis | 4 Energy / 4.1 Solar Radiation | 5 Photovoltaics / 5.0 TÜV Mustergutachten | 4 Energy,Solar_and_Weather_Data,,"Solar_Radiation_Modelling, Lighting_Strategy_and_Control, Greenhouse_Horticulture",#project/thesis #project/light-model #project/msc-thesis,high,"content-over-collection(Greenhouse_Horticulture -> Solar_and_Weather_Data, 9)",9,Solar_Radiation_Modelling,https://doi.org/10.1016/j.solener.2012.03.006
YQDC7XFW,journalArticle,2016,Huld et al.,Photovoltaic energy rating data sets for Europe,Solar Energy,y,5 Photovoltaics / 5.4 PV Performance and Monitoring,PV_Standards_and_Measurement,,PV_System_Performance,#project/msc-thesis/4-2,medium,"content-over-collection(PV_System_Performance -> PV_Standards_and_Measurement, 8)",8,Solar_Radiation_Modelling,https://doi.org/10.1016/j.solener.2016.03.071
M6D5G9MW,journalArticle,2011,Huld et al.,A power-rating model for crystalline silicon PV modules,Sol. Energy Mater. Sol. Cells,y,5 Photovoltaics / 5.4 PV Performance and Monitoring,PV_Cell_and_Module_Technologies,,"PV_Standards_and_Measurement, PV_System_Performance",#project/msc-thesis/4-2,medium,"content-over-collection(PV_System_Performance -> PV_Cell_and_Module_Technologies, 6)",6,PV_Standards_and_Measurement,https://doi.org/10.1016/j.solmat.2011.07.026
PCLBM2SJ,journalArticle,2017,Huld,PVMAPS: Software tools and data for the estimation of solar radiation and photovoltaic module performance over large geographical areas,Solar Energy,y,0 Articles / 4 DLI and supplementary light / 06 Data | 5 Photovoltaics / 5.6 PV software,PV_Modelling_Tools,,,,medium,collection-prior,4,PV_System_Performance,https://doi.org/10.1016/j.solener.2016.12.014
Q8AS85XN,bookSection,2006,Huner et al.,Photoprotection of Photosystem II: Reaction center quenching versus antenna quenching,"Photoprotection, Photoinhibition, Gene Regulation, and Environment",y,0 Articles / 3 Light shock | 3 Photobiology / Spectra,Photoinhibition_and_Light_Stress,,"Photosynthesis_and_Gas_Exchange, Light_Quality_and_Photomorphogenesis",#species/pinus-sylvestris,high,content(12),12,Photosynthesis_and_Gas_Exchange,http://link.springer.com/chapter/10.1007/1-4020-3579-9_11
D95HV9WL,bookSection,2003,Huner et al.,"Photostasis in Plants, Green Algae and Cyanobacteria: The Role of Light Harvesting Antenna Complexes",Light-Harvesting Antennas in Photosynthesis,y,3 Photobiology / Spectra,Photoinhibition_and_Light_Stress,,"Frost_Hardiness_and_Freezing_Tests, Light_Quality_and_Photomorphogenesis",,medium,"content-over-collection(Light_Quality_and_Photomorphogenesis -> Photoinhibition_and_Light_Stress, 6)",6,Frost_Hardiness_and_Freezing_Tests,http://link.springer.com/chapter/10.1007/978-94-017-2087-8_14
LTLPPVTR,journalArticle,1993,Huner et al.,"Photosynthesis, photoinhibition and low temperature acclimation in cold tolerant plants",Photosynthesis Research,y,0 Articles / 3 Light shock,Frost_Hardiness_and_Freezing_Tests,,"Photoinhibition_and_Light_Stress, Photosynthesis_and_Gas_Exchange",,high,"content-over-collection(Photoinhibition_and_Light_Stress -> Frost_Hardiness_and_Freezing_Tests, 11)",11,Photoinhibition_and_Light_Stress,https://doi.org/10.1007/BF02185436
MZYED2JM,journalArticle,1984,Hurlbert,Pseudoreplication and the Design of Ecological Field Experiments,Ecological Monographs,y,7 Statistics,Statistics_and_Data_Analysis,,,,high,content(13),13,,https://doi.org/10.2307/1942661
FHJFMFGC,journalArticle,2019,Hurt et al.,Supplemental But Not Photoperiodic Lighting Increased Seedling Quality and Reduced Production Time of Annual Bedding Plants,HortScience,,0 Articles / 4 DLI and supplementary light / 01 DLI / Supplementary light control | 0 Articles / 4 DLI and supplementary light / 03 LED seedling cultivation / 3.1 Importance of LEDs | 0 Articles / 1 Ligh Spectra and Light Intensity,Forest_Seedling_Production,,"Photoperiod_and_Dormancy_Induction, Greenhouse_Horticulture, Lighting_Strategy_and_Control",,medium,"content-over-collection(Lighting_Strategy_and_Control -> Forest_Seedling_Production, 8)",8,Photoperiod_and_Dormancy_Induction,https://doi.org/10.21273/HORTSCI13664-18
87PE5PCC,journalArticle,2012,Hutchinson et al.,Photosynthetic Daily Light Integral During Root Development Influences Subsequent Growth and Development of Several Herbaceous Annual Bedding Plants,HortScience,,0 Articles / 1 Ligh Spectra and Light Intensity / Light Intensity and gas exchange / DLI,Lighting_Strategy_and_Control,,,,high,content(10),10,Photosynthesis_and_Gas_Exchange,https://doi.org/10.21273/HORTSCI.47.7.856
85DUS7F8,journalArticle,2011,Hüve et al.,"When it is too hot for photosynthesis: heat-induced instability of photosynthesis in relation to respiratory burst, cell permeability changes and H2O2 formation","Plant, Cell & Environment",y,0 Articles / 0 Thesis,Chlorophyll_Fluorescence,,,#project/thesis #project/msc-thesis,medium,content-weak(5),5,Photosynthesis_and_Gas_Exchange,https://doi.org/10.1111/j.1365-3040.2010.02229.x
I6XTBRKV,journalArticle,2012,Ibáñez et al.,Composition Control and Thermoelectric Properties of Quaternary Chalcogenide Nanocrystals: The Case of Stannite Cu2CdSnSe4,Chem. Mater.,y,5 Photovoltaics / 5.2 PV components / 5.2.1 PV cells and modules,Thin_Film_Solar_Cells,,PV_Cell_and_Module_Technologies,,high,"content-over-collection(PV_Cell_and_Module_Technologies -> Thin_Film_Solar_Cells, 22)",22,,https://doi.org/10.1021/cm2031812
WRL2AAHP,report,2015,Ibáñez et al.,Resumen del anteproyecto de Bases del Mercado Eléctrico,,,5 Photovoltaics / 5.1 PV general data / 5.1.1 PV-Mexico,Electricity_Markets_and_Prices,,PV_System_Performance,#region/mexico #project/msc-thesis/4-13,high,manual:Mexican electricity market rules,0,,https://www.pwc.com/mx/es/industrias/energia/archivo/2015-03-anteproyecto-mercado.pdf
PFKJSH8N,journalArticle,2001,Ibaraki & Kurata,Automation of somatic embryo production,"Plant Cell, Tissue and Organ Culture",y,0 Articles / 6 Image and color analysis / Image analysis and Phenotyping | 1 Forestry / 3 Somatic embryos,Tree_Breeding_and_Propagation,,Plant_Phenotyping_and_Image_Analysis,,medium,"content-over-collection(Plant_Phenotyping_and_Image_Analysis -> Tree_Breeding_and_Propagation, 6)",6,Plant_Phenotyping_and_Image_Analysis,https://doi.org/10.1023/A:1010636525315
QYXYI58F,bookSection,1999,Ibaraki,Image Analysis for Sorting Somatic Embryos,Somatic Embryogenesis in Woody Plants: Volume 4,y,0 Articles / 6 Image and color analysis / Image analysis and Phenotyping | 1 Forestry / 3 Somatic embryos,Plant_Phenotyping_and_Image_Analysis,,Tree_Breeding_and_Propagation,,high,content(6),6,Tree_Breeding_and_Propagation,https://doi.org/10.1007/978-94-017-3032-7_7
562E5RYI,bookSection,1995,Ibaraki et al.,SOMES2: Image-Analysis-Based Somatic Embryo Sorter,"Current Issues in Plant Molecular and Cellular Biology: Proceedings of the VIIIth International Congress on Plant Tissue and Cell Culture, Florence, Italy, 12–17 June, 1994",y,0 Articles / 6 Image and color analysis / Image analysis and Phenotyping | 1 Forestry / 3 Somatic embryos,Tree_Breeding_and_Propagation,,Plant_Phenotyping_and_Image_Analysis,,medium,"content-over-collection(Plant_Phenotyping_and_Image_Analysis -> Tree_Breeding_and_Propagation, 6)",6,Plant_Phenotyping_and_Image_Analysis,https://doi.org/10.1007/978-94-011-0307-7_94
KRELH9WW,document,2009,IEC 60891,Photovoltaic devices - Procedures for temperature and irradiance corrections to measured I-V characteristics,,,5 Photovoltaics / 5.3 PV systems design / 5.3.1 PV Standards | 5 Photovoltaics / 5.0 TÜV Mustergutachten,PV_Standards_and_Measurement,,Solar_Radiation_Modelling,#project/msc-thesis/4-1 #project/msc-thesis,high,content(6),6,Solar_Radiation_Modelling,
JVDTSWGN,document,2017,IEC 60904-1-1,Photovoltaic devices - Part 1-1: Measurement of current-voltage characteristics of multi-junction photovoltaic (PV) devices,,y,5 Photovoltaics / 5.3 PV systems design / 5.3.1 PV Standards | 5 Photovoltaics / 5.0 TÜV Mustergutachten,PV_Standards_and_Measurement,,Solar_Radiation_Modelling,#project/msc-thesis/4-1,high,content(9),9,,
SXUTQD2M,report,2020,IEC 60904-1:2020,Photovoltaic devices - Part 1: Measurement of photovoltaic current-voltage characteristics,,,6 Thesis / Material and equipment used,PV_Standards_and_Measurement,,,#project/thesis,high,content(6),6,,https://webstore.iec.ch/publication/32004
Q82PGK3K,document,2009,IEC 60904-10,Photovoltaic devices - Part 10: Methods of linearity measurement,,,5 Photovoltaics / 5.3 PV systems design / 5.3.1 PV Standards,PV_Standards_and_Measurement,,,#project/msc-thesis/4-1 #project/msc-thesis,high,collection-prior,0,,
6E36Z9E5,document,2008,IEC 60904-3,Photovoltaic devices - Part 3: Measurement principles for terrestrial photovoltaic (PV) solar devices with reference spectral irradiance data,,,5 Photovoltaics / 5.3 PV systems design / 5.3.1 PV Standards,PV_Standards_and_Measurement,,Solar_Radiation_Modelling,#project/msc-thesis/4-1 #project/msc-thesis,high,manual:IEC 60904-3 measurement principles,6,Solar_Radiation_Modelling,
PCF7FZVI,document,2011,IEC 60904-5,Photovoltaic devices - Part 5: Determination of the equivalent cell temperature (ECT) of photovoltaic (PV) devices by the open-circuit voltage method,,,5 Photovoltaics / 5.3 PV systems design / 5.3.1 PV Standards,PV_Standards_and_Measurement,,,#project/msc-thesis/4-1 #project/msc-thesis,high,collection-prior,0,,
IKTHRMYD,document,2008,IEC 60904-7,Photovoltaic devices - Part 7: Computation of the spectral mismatch correction for measurements of photovoltaic devices,,,5 Photovoltaics / 5.3 PV systems design / 5.3.1 PV Standards,PV_Standards_and_Measurement,,,#project/msc-thesis/4-1 #project/msc-thesis,high,manual:IEC 60904-7 is a measurement standard,6,PV_Standards_and_Measurement,
GYDXAPZA,journalArticle,2005,IEC 61215,Crystalline silicon terrestrial photovoltaic (PV) modules – Design qualification and type approval,,,5 Photovoltaics / 5.3 PV systems design / 5.3.1 PV Standards,PV_Cell_and_Module_Technologies,,PV_Standards_and_Measurement,#project/msc-thesis/4-1,medium,"content-over-collection(PV_Standards_and_Measurement -> PV_Cell_and_Module_Technologies, 6)",6,,
DFDRR7WW,journalArticle,2005,IEC 61427,Secondary cells and batteries for photovoltaic energy systems (PVES) – General requirements and methods of test,,,5 Photovoltaics / 5.3 PV systems design / 5.3.1 PV Standards,Energy_Storage,,PV_Standards_and_Measurement,#project/msc-thesis/4-1,medium,"content-over-collection(PV_Standards_and_Measurement -> Energy_Storage, 6)",6,,
3XPSSUI9,document,1998,IEC 61724,"Photovoltaic system performance monitoring – Guidelines for measurement, data exchange and analysis",,,5 Photovoltaics / 5.3 PV systems design / 5.3.1 PV Standards,PV_System_Performance,,PV_Standards_and_Measurement,#project/msc-thesis/4-1 #project/msc-thesis/4-2,medium,"content-over-collection(PV_Standards_and_Measurement -> PV_System_Performance, 6)",6,,
P6W9AA7D,journalArticle,1995,IEC 61829,Crystalline silicon photovoltaic (PV) array - On-site measurement of I-V characteristics,,,5 Photovoltaics / 5.3 PV systems design / 5.3.1 PV Standards,PV_Cell_and_Module_Technologies,,PV_Standards_and_Measurement,#project/msc-thesis/4-1 #project/msc-thesis,medium,"content-over-collection(PV_Standards_and_Measurement -> PV_Cell_and_Module_Technologies, 6)",6,PV_Standards_and_Measurement,
BSVZESFI,document,2011,IEC 61853-1,Photovoltaic (PV) module performance testing and energy rating - Part 1: Irradiance and temperature performance measurements and power rating,,,5 Photovoltaics / 5.3 PV systems design / 5.3.1 PV Standards | 5 Photovoltaics / 5.0 TÜV Mustergutachten,PV_Standards_and_Measurement,,Solar_Radiation_Modelling,#project/msc-thesis/4-1,high,content(6),6,Solar_Radiation_Modelling,https://webstore.iec.ch/publication/6035
SMFF5IM5,journalArticle,2009,IEC 62446,"Grid connected photovoltaic systems - Minimum requirements for system documentation, commissioning tests and inspection",,,5 Photovoltaics / 5.3 PV systems design / 5.3.1 PV Standards,PV_Standards_and_Measurement,,,#project/msc-thesis/4-1 #project/msc-thesis,high,collection-prior,0,,
GGQXDHHH,journalArticle,2004,,"IEEE Standard Letter Symbols for Units of Measurement (SI Units, Customary Inch-Pound Units, and Certain Other Units)",IEEE Std 260.1-2004 (Revision of IEEE Std 260.1-1993),y,5 Photovoltaics / 5.3 PV systems design / 5.3.1 PV Standards,Radiometry_and_Photometry,,PV_Standards_and_Measurement,#project/msc-thesis/4-1,medium,"content-over-collection(PV_Standards_and_Measurement -> Radiometry_and_Photometry, 6)",6,,https://doi.org/10.1109/IEEESTD.2004.94618
F4MQ3L3M,book,2008,IESNA Testing Procedures Committee et al.,IES approved method for the electrical and photometric measurements of solid-state lighting products,Illuminating Engineering Society,,3 Photobiology / LED for Plants,Radiometry_and_Photometry,,"Horticultural_Lighting, Light_Quality_and_Photomorphogenesis",,medium,"content-over-collection(Horticultural_Lighting -> Radiometry_and_Photometry, 6)",6,Horticultural_Lighting,
XT2TK2UC,journalArticle,2004,Igawa et al.,Models of sky radiance distribution and sky luminance distribution,Solar Energy,y,0 Articles / 5 Agrivoltacis / Energy calculation,Solar_Radiation_Modelling,,PAR_and_Spectral_Radiation,,high,manual:sky radiance and luminance distribution models,5,,https://doi.org/10.1016/j.solener.2004.04.016
8LSSHZZX,report,2010,IMT Solar,Standard Test Conditions (STC) in the Photovoltaic(PV) Industry,,,5 Photovoltaics / 5.3 PV systems design / 5.3.1 PV Standards,PV_Standards_and_Measurement,,,#project/msc-thesis/4-1 #project/msc-thesis,high,content(10),10,,http://www.imtsolar.com/public/files/IMT%20Solar_STC%20for%20PV%20APP%20NOTE.pdf
I6QWKGSZ,report,2011,Ineichen,Global irradiance on tilted and oriented planes: model validations,,y,5 Photovoltaics / 5.0 TÜV Mustergutachten | 5 Photovoltaics / 5.4 PV Performance and Monitoring,Solar_Radiation_Modelling,,PV_System_Performance,,high,content(7),7,,https://archive-ouverte.unige.ch/unige:23519
P8GN2ZMU,journalArticle,2018,Ineichen,High Turbidity Solis Clear Sky Model: Development and Validation,Remote Sensing,y,0 Articles / 4 DLI and supplementary light / 01 DLI / Supplementary light control,Solar_Radiation_Modelling,,"Remote_Sensing, Greenhouse_Horticulture, Lighting_Strategy_and_Control",,medium,"content-over-collection(Lighting_Strategy_and_Control -> Solar_Radiation_Modelling, 8)",8,Remote_Sensing,https://doi.org/10.3390/rs10030435
IAYEK9EG,journalArticle,2011,Instituto para la Diversificacion y Ahorro de la Energía,Instalaciones de Energía Solar Fotovoltaica - Pliego de Condiciones Técnicas de Instalaciones Conectadas a Red,,y,5 Photovoltaics / 5.3 PV systems design,PV_Electrical_Design_and_Inverters,,PV_System_Performance,#project/msc-thesis,high,collection-prior,0,,http://www.idae.es/index.php/mod.documentos/mem.descarga?file=/documentos_5654_FV_pliego_condiciones_tecnicas_instalaciones_conectadas_a_red_C20_Julio_2011_3498eaaf.pdf
RMBFUMGJ,report,2015,International Finance Corporation IFC,Utility-Scale Solar Photovoltaic Power Plants: A Project Developer’s Guide,,y,5 Photovoltaics / 5.3 PV systems design,Site_Layout_and_Civil_Design,,"PV_System_Performance, PV_Electrical_Design_and_Inverters",,high,manual:IFC utility-scale developer guide,3,,https://www.ifc.org/wps/wcm/connect/f05d3e00498e0841bb6fbbe54d141794/IFC+Solar+Report_Web+_08+05.pdf?MOD=AJPERES
P26435V2,report,2015,International Finance Corporation,Utility-Scale Solar Photovoltaic Power Plants: A Project Developer’s Guide,,,5 Photovoltaics / 5.4 PV Performance and Monitoring,Site_Layout_and_Civil_Design,,PV_System_Performance,#project/msc-thesis/4-2,high,manual:duplicate IFC developer guide,0,,https://www.ifc.org/wps/wcm/connect/f05d3e00498e0841bb6fbbe54d141794/IFC+Solar+Report_Web+_08+05.pdf?MOD=AJPERES
F5PB6CBD,document,2004,International Organization for Standardization,ISO 15469:2004  - Spatial distribution of daylight - CIE standard general sky,International Organization for Standardization,y,0 Articles / 5 Agrivoltacis / Energy calculation,Radiometry_and_Photometry,,"Solar_Radiation_Modelling, PAR_and_Spectral_Radiation",#project/light-model,medium,"content-over-collection(PAR_and_Spectral_Radiation -> Radiometry_and_Photometry, 6)",6,,/produkter/metrologi-och-matning-fysikaliska-fenomen/optik-och-optisk-matning/farg-och-ljusmatning/iso154692004/
CDMKG2S3,document,2019,International Organization for Standardization,ISO 80000-2:2019 Quantities and units — Part 2: Mathematics,International Organization for Standardization,y,0 Articles / 5 Agrivoltacis / Energy calculation,Radiometry_and_Photometry,,"Solar_Radiation_Modelling, PAR_and_Spectral_Radiation",,high,manual:ISO 80000-2 quantities and units,0,,https://www.iso.org/cms/render/live/en/sites/isoorg/contents/data/standard/06/49/64973.html
PHZ4E58X,bookSection,1983,Iqbal,Chapter 11 - Solar radiation incident on tilted planes on the Earth's surface,An Introduction to Solar Radiation,y,0 Articles / 5 Agrivoltacis / Energy calculation,Solar_Radiation_Modelling,,PAR_and_Spectral_Radiation,#project/light-model,high,"content-over-collection(PAR_and_Spectral_Radiation -> Solar_Radiation_Modelling, 10)",10,,http://www.sciencedirect.com/science/article/pii/B9780123737502500161
WTTSJQQL,bookSection,1983,Iqbal,Chapter 1 - Sun–Earth astronomical relationships,An Introduction to Solar Radiation,y,0 Articles / 5 Agrivoltacis / Energy calculation,Solar_Radiation_Modelling,,PAR_and_Spectral_Radiation,,medium,"content-over-collection(PAR_and_Spectral_Radiation -> Solar_Radiation_Modelling, 8)",8,,http://www.sciencedirect.com/science/article/pii/B9780123737502500069
XISJB62T,report,2015,IRENA,"Renewable Energy Prospects: Mexico, REmap 2030 analysis",,,5 Photovoltaics / 5.1 PV general data / 5.1.1 PV-Mexico,Electricity_Markets_and_Prices,,PV_System_Performance,#region/mexico #project/msc-thesis/4-13,high,manual:IRENA REmap scenario for Mexico,0,,www.irena.org/remap
X65YZP9Y,journalArticle,2011,Ishaque et al.,Modeling and simulation of photovoltaic (PV) system during partial shading based on a two-diode model,Simulation Modelling Practice and Theory,y,5 Photovoltaics / 5.5 PV Losses / 5.5.2 Shading losses,PV_Shading_and_Mismatch,,PV_System_Performance,,high,content(6),6,PV_System_Performance,https://doi.org/10.1016/j.simpat.2011.04.005
B4MT4W4E,report,2007,ISO 21348-2007 (EN),Space environment (natural and artificial) — Process for determining solar irradiances,,,0 Articles / 4 DLI and supplementary light / 01 DLI / Supplementary light control | 5 Photovoltaics / 5.3 PV systems design / 5.3.1 PV Standards | 3 Photobiology / Spectra,Lighting_Strategy_and_Control,,"Greenhouse_Horticulture, PV_Standards_and_Measurement, Light_Quality_and_Photomorphogenesis",#project/msc-thesis/4-1,medium,collection-prior,4,,
ESN5T69D,journalArticle,2006,Izaguirre et al.,Remote sensing of future competitors: impacts on plant defenses,Proc. Natl. Acad. Sci. U. S. A.,y,3 Photobiology / Spectra,Light_Quality_and_Photomorphogenesis,,Remote_Sensing,,high,content(8),8,Remote_Sensing,https://doi.org/10.1073/pnas.0509805103
2LWHYDS9,journalArticle,2009,Jackson,Plant responses to photoperiod,New Phytologist,y,,Photoperiod_and_Dormancy_Induction,,,,high,content(14),14,,https://doi.org/10.1111/j.1469-8137.2008.02681.x
TLSHUHNL,journalArticle,2000,Jacovides et al.,Spectral Solar Irradiance And Some Optical Properties For Various Polluted Atmospheres,Solar Energy,y,,Solar_Radiation_Modelling,,PAR_and_Spectral_Radiation,,medium,content-weak(4),4,PAR_and_Spectral_Radiation,https://doi.org/10.1016/S0038-092X(00)00062-1
EGCBGK8V,journalArticle,1997,Jacovides et al.,Urban aerosol and clear skies spectra for global and diffuse photosynthetically active radiation,Agricultural and Forest Meteorology,y,,PAR_and_Spectral_Radiation,,,,high,content(6),6,Photosynthesis_and_Gas_Exchange,https://doi.org/10.1016/S0168-1923(97)00031-2
UCAEW66S,bookSection,2003,Jahn et al.,"3-2 - Performance, Reliability and User Experience",Practical Handbook of Photovoltaics,,5 Photovoltaics / 5.4 PV Performance and Monitoring,PV_Degradation_and_Reliability,,PV_System_Performance,#project/msc-thesis/4-2,medium,"content-over-collection(PV_System_Performance -> PV_Degradation_and_Reliability, 6)",6,PV_System_Performance,http://www.sciencedirect.com/science/article/pii/B9781856173902500325
P4XXYUDA,journalArticle,2000,Jahn et al.,Analysis of photovoltaic systems,Available at http://www. iea-pvps-task2. org/public/download/Report IEA PVPS,,5 Photovoltaics / 5.4 PV Performance and Monitoring,PV_System_Performance,,,#project/msc-thesis/4-2,high,collection-prior,0,,
YGQQNMPP,conferencePaper,2011,Jahn et al.,Energieerträge von Dünnschicht-Module - Stärken und Schwächen,,,5 Photovoltaics / 5.4 PV Performance and Monitoring,PV_System_Performance,,,#project/msc-thesis/4-2,high,collection-prior,0,,
HGKP2L7G,conferencePaper,2012,Jahn et al.,Final Results of High Precision Indoor and Outdoor Performance Characterization of Various Thin-Film PV Module Technologies,,y,5 Photovoltaics / 5.4 PV Performance and Monitoring,PV_Cell_and_Module_Technologies,,PV_System_Performance,#project/msc-thesis/4-2,high,"content-over-collection(PV_System_Performance -> PV_Cell_and_Module_Technologies, 18)",18,PV_System_Performance,
M3FVWL3T,conferencePaper,2000,Jahn et al.,International Energy Agency PVPS Task 2: Analysis of the operational performance of the IEA Database PV systems,Citeseer,,5 Photovoltaics / 5.4 PV Performance and Monitoring,PV_System_Performance,,,#project/msc-thesis/4-2,high,collection-prior,2,,
XYXYBPML,report,2016,Jahn et al.,Minimizing Technical Risks in Photovoltaic Projects - Recommendations for Minimizing Technical Risks of PV Project Development and PV Plant Operation,,,5 Photovoltaics / 5.4 PV Performance and Monitoring,PV_System_Performance,,,#project/msc-thesis/4-2,high,collection-prior,0,,http://www.solarbankability.org/fileadmin/sites/www/files/documents/Solar_Bankability_D1.2_2.2_MitigationMeasures_Final_Version.pdf
SLKEKB2W,journalArticle,2004,Jahn & Nasse,Operational performance of grid-connected PV systems on buildings in Germany,Prog. Photovoltaics Res. Appl.,y,5 Photovoltaics / 5.4 PV Performance and Monitoring,PV_System_Performance,,PV_Degradation_and_Reliability,#project/msc-thesis/4-2,high,content(10),10,PV_Degradation_and_Reliability,https://doi.org/10.1002/pip.550
CGM7GHG2,journalArticle,2004,Jakobsson,Statistical presentation and analysis of ordinal data in nursing research,Scand. J. Caring Sci.,y,7 Statistics,Statistics_and_Data_Analysis,,,#region/nordic,high,collection-prior,2,,https://doi.org/10.1111/j.1471-6712.2004.00305.x
I5PPYSJK,book,2015,Janick,"Horticultural Reviews, Volume 43",John Wiley & Sons,y,,Unsorted,,,#needs-topic,low,no-signal,0,,
MFS6UI2W,book,2007,Jansson & Josefsson,Modelling of surface global radiation and CIE-weighted UV-radiation for the period 1980-2000,SMHI,,3 Photobiology / UV,Radiometry_and_Photometry,,Light_Quality_and_Photomorphogenesis,,medium,"content-over-collection(Light_Quality_and_Photomorphogenesis -> Radiometry_and_Photometry, 6)",6,,
82ZMMWM4,journalArticle,2008,JCGM 100,Evaluation of measurement data — Guide to the expression of uncertainty in measurement (GUM),,,7 Statistics,Statistics_and_Data_Analysis,,,,medium,collection-prior,4,,
ME57MKNS,journalArticle,2007,Jean-Jacques B. Dubois et al.,Optimizing the Statistical Estimation of the Parameters of the Farquhar-von Caemmerer-Berry Model of Photosynthesis,New Phytol.,y,1 Forestry / 1.1 Seedling Performance / 1.1.1 Photosynthesis | 1 Forestry / 1.1 Seedling Performance / 1.1.2 Gas Ex. and Ch. F.,Photosynthesis_and_Gas_Exchange,,Forest_Seedling_Production,,high,content(7),7,Statistics_and_Data_Analysis,http://www.jstor.org/stable/4627174
LJCZNDAN,conferencePaper,2018,Jenkins & Schaap,Forest ecosystem services,,,,Swedish_Forestry,,,,medium,content-weak(4),4,,
GYMQ7CEQ,journalArticle,1995,Jenkins et al.,Plant responses to UV and blue light: biochemical and genetic approaches,Plant Science,y,0 Articles / 3 Light shock,Light_Quality_and_Photomorphogenesis,,"Photosynthesis_and_Gas_Exchange, Photoinhibition_and_Light_Stress",,high,"content-over-collection(Photoinhibition_and_Light_Stress -> Light_Quality_and_Photomorphogenesis, 11)",11,Tree_Breeding_and_Propagation,https://doi.org/10.1016/0168-9452(95)04260-1
W3EX3BJV,journalArticle,2013,Jia et al.,"Decreased Photochemical Efficiency of Photosystem II following Sunlight Exposure of Shade-Grown Leaves of Avocado: Because of, or in Spite of, Two Kinetically D",Plant Physiology,y,0 Articles / 3 Light shock,Photoinhibition_and_Light_Stress,,"PAR_and_Spectral_Radiation, Photosynthesis_and_Gas_Exchange",,high,content(12),12,PAR_and_Spectral_Radiation,https://doi.org/10.1104/pp.112.209692
W334C323,journalArticle,1999,Ji et al.,Compatibility testing of fluorescent lamp and ballast systems,IEEE Transactions on Industry Applications,y,0 Articles / 4 DLI and supplementary light / 07 other,Horticultural_Lighting,,Lighting_Strategy_and_Control,,medium,"content-over-collection(Lighting_Strategy_and_Control -> Horticultural_Lighting, 6)",6,PV_System_Performance,https://doi.org/10.1109/28.806038
6V9RNZ2S,journalArticle,2019,Jin et al.,New satellite-based estimates show significant trends in spring phenology and complex sensitivities to temperature and precipitation at northern European latitu,International Journal of Biometeorology,y,,Frost_Hardiness_and_Freezing_Tests,Phenology and Thermal Time,PAR_and_Spectral_Radiation,#needs-topic,medium,content-weak(4),4,PAR_and_Spectral_Radiation,https://doi.org/10.1007/s00484-019-01690-5
WT2U7WEK,journalArticle,1994,Jobidon,Light threshold for optimal black spruce ( Picea mariana ) seedling growth and development under brush competition,Can. J. For. Res.,y,0 Articles / 1 Ligh Spectra and Light Intensity / Light Intensity and gas exchange | 0 Articles / 1 Ligh Spectra and Light Intensity,Photosynthesis_and_Gas_Exchange,,Light_Quality_and_Photomorphogenesis,,medium,collection-prior,3,Forest_Seedling_Production,https://doi.org/10.1139/x94-211
QEIVCLYC,journalArticle,2003,Jobidon et al.,Net effect of competing vegetation on selected environmental conditions and performance of four spruce seedling stock sizes after eight years in Québec (Canada),Ann. For. Sci.,y,0 Articles / 1 Ligh Spectra and Light Intensity / Light spectra and field trial | 0 Articles / 1 Ligh Spectra and Light Intensity | 1 Forestry / 1.1 Seedling Performance,Light_Quality_and_Photomorphogenesis,,Forest_Seedling_Production,,medium,collection-prior,2,PV_System_Performance,https://doi.org/10.1051/forest:2003063
MJBQ8AE9,journalArticle,2015,Johansson et al.,"Early performance of  Pinus sylvestris  and  Picea abies  – a comparison between seedling size, species, and geographic location of the planting site",Scandinavian Journal of Forest Research,y,0 Articles / 2 Long night treatment | 1 Forestry / 1.1 Seedling Performance,Forest_Seedling_Production,,"Forest_Damage_and_Herbivory, Frost_Hardiness_and_Freezing_Tests, Photoperiod_and_Dormancy_Induction",#species/picea-abies #species/pinus-sylvestris #region/sweden #region/norway #region/nordic,high,manual:seedling size and early performance,5,Forest_Damage_and_Herbivory,https://doi.org/10.1080/02827581.2014.987808
87UTK8A2,journalArticle,1988,Johnsen et al.,Root growth potential and shoot activity of northern and southern provenances of 1–0 eastern white pine seedlings grown in a Virginia nursery,Canadian journal of forest research,,1 Forestry / 1.1 Seedling Performance / 1.1.3 RGC,Forest_Seedling_Production,,"Tree_Breeding_and_Propagation, Forest_Regeneration",,high,content(14),14,Tree_Breeding_and_Propagation,
82QFFKFX,report,2003,Johnson,Farm Energy Audit Report,,,0 Articles / 4 DLI and supplementary light | 2 Controlled Environment Agriculture / 2.1 Greenhouses and Growth chambers | 2 Controlled Environment Agriculture,Lighting_Strategy_and_Control,,Greenhouse_Horticulture,,high,collection-prior,0,,http://www.cornellcea.com/attachments/CEAGreenhouseEnergyAudit.pdf
KY9GMB4U,journalArticle,2015,Jones & Koptur,"Quantity over quality: light intensity, but not red/far-red ratio, affects extrafloral nectar production in Senna mexicana var. chapmanii",Ecol. Evol.,y,3 Photobiology / Spectra,Light_Quality_and_Photomorphogenesis,,Forest_Damage_and_Herbivory,#region/mexico,high,content(6),6,Forest_Damage_and_Herbivory,https://doi.org/10.1002/ece3.1644
7EKH3PXT,journalArticle,2006,Joosen et al.,"Correlating gene expression to physiological parameters and environmental conditions during cold acclimation of  Pinus sylvestris , identification of molecular ",Tree Physiology,y,0 Articles / 2 Long night treatment,Frost_Hardiness_and_Freezing_Tests,,"Tree_Breeding_and_Propagation, Photoperiod_and_Dormancy_Induction",#species/pinus-sylvestris,high,"content-over-collection(Photoperiod_and_Dormancy_Induction -> Frost_Hardiness_and_Freezing_Tests, 9)",9,Tree_Breeding_and_Propagation,
NFT4V6JA,journalArticle,2016,Jordan et al.,Compendium of photovoltaic degradation rates,Prog. Photovoltaics Res. Appl.,y,5 Photovoltaics / 5.5 PV Losses / 5.5.3 Degradation,PV_Degradation_and_Reliability,,PV_Cell_and_Module_Technologies,,high,content(11),11,PV_Cell_and_Module_Technologies,https://doi.org/10.1002/pip.2744
AR9FGVME,journalArticle,2019,Jürkenbeck et al.,Sustainability Matters: Consumer Acceptance of Different Vertical Farming Systems,Sustainability,y,2 Controlled Environment Agriculture / 2.2 Vertical Farming,Vertical_Farming_and_Urban_Agriculture,,,,high,content(9),9,Agriculture,https://doi.org/10.3390/su11154052
N2Q3LHQM,webpage,2012,juwi Holding AG,juwi Group,,,5 Photovoltaics / 5.3 PV systems design,PV_Electrical_Design_and_Inverters,,PV_System_Performance,#project/msc-thesis,high,collection-prior,0,,http://www.juwi.de/ueber_uns.html
RK46XP6L,webpage,2013,juwi Holding AG,Windenergie im Wald - Forstwirtschaft und Stromproduktion,,,4 Energy / 1.4 Wind energy in forest,Energy_Transition_and_Scenarios,,Swedish_Forestry,,high,collection-prior,0,,http://www.juwi.de/startseite/projektentwicklung/windenergie/windenergie_im_wald.html
6XL75F5K,journalArticle,2015,Kabrick et al.,"Effect of initial seedling size, understory competition, and overstory density on the survival and growth of  Pinus echinata  seedlings underplanted in hardwood",New Forests,y,0 Articles / 1 Ligh Spectra and Light Intensity / Light spectra and field trial,Light_Quality_and_Photomorphogenesis,,Forest_Seedling_Production,,medium,collection-prior,2,Statistics_and_Data_Analysis,https://doi.org/10.1007/s11056-015-9487-3
AMCB9BBR,journalArticle,2012,Kadowaki et al.,Effects of greenhouse photovoltaic array shading on Welsh onion growth,Biosystems Eng.,y,0 Articles / 5 Agrivoltacis / Solar Greenhouse | 0 Articles / 4 DLI and supplementary light | 2 Controlled Environment Agriculture / 2.1 Greenhouses and Growth chambers | 2 Controlled Environment Agriculture,PV_Greenhouses,,"Greenhouse_Horticulture, Agrivoltaics, Lighting_Strategy_and_Control",,high,content(9),9,Greenhouse_Horticulture,https://doi.org/10.1016/j.biosystemseng.2011.12.006
2U8DJQ8B,book,2009,Kalogirou,Solar Energy Engineering: Processes and Systems,Academic Press,y,5 Photovoltaics / 5.3 PV systems design,PV_Cell_and_Module_Technologies,,"PV_System_Performance, PV_Electrical_Design_and_Inverters",#project/msc-thesis,high,"manual:solar energy engineering, device-led",3,PV_Cell_and_Module_Technologies,http://books.google.de/books?id=B_E33NK7-YkC
32XGD8J9,journalArticle,2008,Kampstra,Beanplot: A Boxplot Alternative for Visual Comparison of Distributions,Journal of Statistical Software,,7 Statistics,Statistics_and_Data_Analysis,,,,high,collection-prior,1,,https://doi.org/10.18637/jss.v028.c01
J8IS44JI,journalArticle,2013,Kännaste et al.,Odors of Norway spruce ( Picea abies  L.) seedlings: differences due to age and chemotype,Trees,,0 Articles / 1 Ligh Spectra and Light Intensity / Light Intensity and gas exchange | 0 Articles / 2 Long night treatment,Photosynthesis_and_Gas_Exchange,,"Light_Quality_and_Photomorphogenesis, Photoperiod_and_Dormancy_Induction",#species/picea-abies #region/norway,medium,collection-prior,2,,
9P88X4NP,journalArticle,2007,Karatepe et al.,Development of a suitable model for characterizing photovoltaic arrays with shaded solar cells,Solar Energy,y,5 Photovoltaics / 5.5 PV Losses / 5.5.2 Shading losses,PV_Shading_and_Mismatch,,,,medium,collection-prior,4,PV_Shading_and_Mismatch,https://doi.org/10.1016/j.solener.2006.12.001
C86K34X6,conferencePaper,2011,Karavadi & Balog,Novel non-flat photovoltaic module geometries and implications to power conversion,,y,5 Photovoltaics / 5 - PV modules,PV_Cell_and_Module_Technologies,,Building_Integrated_PV,,medium,collection-prior,4,Building_Integrated_PV,https://doi.org/10.1109/ECCE.2011.6063742
94BWASTT,conferencePaper,2020,Karin & Jain,Visual characterization of anti-reflective coating on solar module glass,IEEE,,5 Photovoltaics / 5.12 PV health risks / Reflection,Permitting_and_Environmental_Assessment,,,,high,collection-prior,0,,
L4LEHM29,journalArticle,2005,Karlsson & Nilsson,The effects of scarification and shelterwood treatments on naturally regenerated seedlings in southern Sweden,Forest Ecology and Management,y,1 Forestry / 2 Forest regeneration,Forest_Regeneration,,,#project/course-reading #species/picea-abies #species/pinus-sylvestris #species/betula #region/sweden #region/norway,high,content(18),18,Forest_Seedling_Production,https://doi.org/10.1016/j.foreco.2004.10.046
8DKAQGKA,book,2001,Karlsson,Natural regeneration of broadleaved tree species in southern Sweden: effects of silvicultural treatments and seed dispersal from surrounding stands,Swedisch University of Agricultural Sciences,,1 Forestry / 2 Forest regeneration,Forest_Regeneration,,,#project/course-reading #region/sweden,high,content(14),14,,
RBYFZNTI,journalArticle,2002,Karlsson et al.,"Natural Regeneration in Clear-cuts: Effects of Scarification, Slash Removal and Clear-cut Age",Scandinavian Journal of Forest Research,y,1 Forestry / 2 Forest regeneration,Forest_Regeneration,,,#project/course-reading #species/picea-abies #species/pinus-sylvestris #species/betula #region/sweden #region/norway #region/nordic,high,content(17),17,Forest_Seedling_Production,https://doi.org/10.1080/028275802753626773
4EN9SNJA,report,2017,Karlsson et al.,Skogsskötselserien nr 4: Naturlig föryngring av tall och gran,,,1 Forestry / 2 Forest regeneration,Forest_Regeneration,,,#species/picea-abies #species/pinus-sylvestris,high,content(6),6,,
2TL4MEM6,journalArticle,1989,Kasten & Young,Revised optical air mass tables and approximation formula,Appl. Opt.,,4 Energy,Unsorted,,,#needs-topic,low,no-signal,0,,https://doi.org/10.1364/AO.28.004735
S7FMSIQK,journalArticle,1980,Kasten & Czeplak,Solar and terrestrial radiation dependent on the amount and type of cloud,Solar Energy,y,0 Articles / 5 Agrivoltacis / Energy calculation,Solar_Radiation_Modelling,,PAR_and_Spectral_Radiation,,high,manual:radiation versus cloud amount and type,2,Solar_Radiation_Modelling,https://doi.org/10.1016/0038-092X(80)90391-6
APTYNS7G,journalArticle,2015,Katagiri et al.,Design and construction of an inexpensive homemade plant growth chamber,PLoS One,y,0 Articles / 6 Image and color analysis | 2 Controlled Environment Agriculture / 2.1 Greenhouses and Growth chambers | 2 Controlled Environment Agriculture,Greenhouse_Horticulture,,"Horticultural_Lighting, Plant_Phenotyping_and_Image_Analysis",,high,manual:homemade growth chamber,4,Horticultural_Lighting,https://doi.org/10.1371/journal.pone.0126826
BILCYEUD,journalArticle,2021,Katzin et al.,Energy savings in greenhouses by transition from high-pressure sodium to LED lighting,Applied Energy,y,0 Articles / 4 DLI and supplementary light / 05 Greenhouse energy | 0 Articles / 5 Agrivoltacis / Energy calculation,Horticultural_Lighting,,"Greenhouse_Horticulture, Lighting_Strategy_and_Control, PAR_and_Spectral_Radiation",#region/sweden,high,"content-over-collection(Greenhouse_Horticulture -> Horticultural_Lighting, 9)",9,Greenhouse_Horticulture,https://doi.org/10.1016/j.apenergy.2020.116019
EC8L84X5,journalArticle,2020,Katzin et al.,GreenLight – An open source model for greenhouses with supplemental lighting: Evaluation of heat requirements under LED and HPS lamps,Biosystems Engineering,y,0 Articles / 4 DLI and supplementary light / 05 Greenhouse energy | 0 Articles / 5 Agrivoltacis / Energy calculation | 0 Articles / 4 DLI and supplementary light,Horticultural_Lighting,,"Greenhouse_Horticulture, Lighting_Strategy_and_Control, PAR_and_Spectral_Radiation",,high,"content-over-collection(Greenhouse_Horticulture -> Horticultural_Lighting, 15)",15,Greenhouse_Horticulture,https://doi.org/10.1016/j.biosystemseng.2020.03.010
PBAPGNC5,bookSection,1971,Keitz,Non-Point Sources,Light Calculations and Measurements: An introduction to the system of quantities and units in light-technology and to photometry,y,0 Articles / 1 Ligh Spectra and Light Intensity / Light Intensity and gas exchange,Photosynthesis_and_Gas_Exchange,,Light_Quality_and_Photomorphogenesis,,medium,collection-prior,3,Horticultural_Lighting,https://doi.org/10.1007/978-1-349-00012-8_9
IGDG94R3,journalArticle,2013,Kendal et al.,Quantifying Plant Colour and Colour Difference as Perceived by Humans Using Digital Images,PLOS ONE,y,0 Articles / 6 Image and color analysis / Image analysis and Phenotyping,Plant_Phenotyping_and_Image_Analysis,,,,medium,collection-prior,3,,https://doi.org/10.1371/journal.pone.0072296
W2AR7ZQ3,journalArticle,1992,Kershaw & Larsen,A rapid technique for recording and measuring the leaf area of conifer needle samples,Tree Physiology,y,0 Articles / 6 Image and color analysis / Image analysis and Phenotyping,Plant_Phenotyping_and_Image_Analysis,,,,high,collection-prior,0,,https://doi.org/10.1093/treephys/11.4.411
GGSSHNWU,journalArticle,2001,Kessler et al.,"Baseline Cu(In,Ga)Se2 device production: Control and statistical significance",Sol. Energy Mater. Sol. Cells,y,5 Photovoltaics / 5.2 PV components / 5.2.1 PV cells and modules,Thin_Film_Solar_Cells,,PV_Cell_and_Module_Technologies,,high,"content-over-collection(PV_Cell_and_Module_Technologies -> Thin_Film_Solar_Cells, 16)",16,PV_Cell_and_Module_Technologies,https://doi.org/10.1016/S0927-0248(00)00264-6
2DCSCW6I,journalArticle,2015,Kettle et al.,"Three dimensional corrugated organic photovoltaics for building integration; improving the efficiency, oblique angle and diffuse performance of solar cells",Energy & Environmental Science,,5 Photovoltaics / 5 - PV modules,PV_Cell_and_Module_Technologies,,,,high,content(10),10,PV_System_Performance,https://doi.org/10.1039/C5EE02162F
9Z29MKZA,thesis,2020,Kheirkhah,Spatial and Seasonal Variation of Albedo Exhibited by Different Land Cover Across Sweden,,y,5 Photovoltaics / 5.5 PV Losses / 5.5.7 Albedo,Bifacial_PV_and_Albedo,,PV_in_Nordic_Climates,#region/sweden,high,content(6),6,PV_in_Nordic_Climates,https://cms.it.gu.se/infoglueDeliverWorking/digitalAssets/1788/1788134_taybeh.pdf
XHEHX9UK,conferencePaper,2010,Kiefer et al.,A degradation analysis of PV power plants,,y,5 Photovoltaics / 5.5 PV Losses / 5.5.3 Degradation,PV_Degradation_and_Reliability,,PV_Standards_and_Measurement,,high,content(6),6,PV_Standards_and_Measurement,https://doi.org/10.4229/25thEUPVSEC2010-5BV.4.26
CIHS2GAT,journalArticle,2013,Kim et al.,Fabrication of CuInTe2 and CuInTe2–xSex Ternary Gradient Quantum Dots and Their Application to Solar Cells,ACS Nano,y,5 Photovoltaics / 5.2 PV components / 5.2.1 PV cells and modules,Thin_Film_Solar_Cells,,PV_Cell_and_Module_Technologies,,medium,"content-over-collection(PV_Cell_and_Module_Technologies -> Thin_Film_Solar_Cells, 6)",6,PV_Cell_and_Module_Technologies,
LHHC65TF,conferencePaper,2007,Kim et al.,Fabrication of flexible CIGS solar cell on stainless steel substrate by co-evaporation process,Trans Tech Publ,,5 Photovoltaics / 5.2 PV components / 5.2.1 PV cells and modules,Thin_Film_Solar_Cells,,PV_Cell_and_Module_Technologies,,high,manual:flexible CIGS on stainless steel,10,Thin_Film_Solar_Cells,
EJBSH9UH,conferencePaper,2002,King et al.,Analysis of factors influencing the annual energy production of photovoltaic systems,,y,5 Photovoltaics / 5.4 PV Performance and Monitoring,PV_System_Performance,,PV_Cell_and_Module_Technologies,#project/msc-thesis/4-2,medium,collection-prior,3,PV_Cell_and_Module_Technologies,https://doi.org/10.1109/PVSC.2002.1190861
RBHHN5PW,conferencePaper,1997,King et al.,Measuring solar spectral and angle-of-incidence effects on photovoltaic modules and solar irradiance sensors,,y,5 Photovoltaics / 5.5 PV Losses / 5.5.1 Angular losses,PV_System_Performance,,Solar_Radiation_Modelling,,medium,collection-prior,4,PV_System_Performance,https://doi.org/10.1109/PVSC.1997.654283
N772CY4N,journalArticle,2004,King et al.,Photovoltaic array performance model,,y,5 Photovoltaics / 5.4 PV Performance and Monitoring,PV_System_Performance,,,#project/msc-thesis/4-2,high,collection-prior,2,Forest_Seedling_Production,http://photovoltaics.sandia.gov/docs/PDF/King%20SAND.pdf
32DNEWBG,conferencePaper,1997,King et al.,"Temperature coefficients for PV modules and arrays: measurement methods, difficulties, and results",,,5 Photovoltaics / 5.4 PV Performance and Monitoring,PV_System_Performance,,,#project/msc-thesis/4-2,medium,collection-prior,2,Power_Systems_and_Grid_Integration,https://doi.org/10.1109/PVSC.1997.654300
J97KPHZP,journalArticle,1999,Kittas et al.,Influence of Covering Material and Shading on the Spectral Distribution of Light in Greenhouses,Journal of Agricultural Engineering Research,y,0 Articles / 5 Agrivoltacis / Energy calculation | 0 Articles / 4 DLI and supplementary light,Light_Quality_and_Photomorphogenesis,,"PAR_and_Spectral_Radiation, Solar_Radiation_Modelling, Lighting_Strategy_and_Control",#project/light-model,high,"content-over-collection(PAR_and_Spectral_Radiation -> Light_Quality_and_Photomorphogenesis, 15)",15,PAR_and_Spectral_Radiation,https://doi.org/10.1006/jaer.1999.0420
JP3EUWDI,journalArticle,2000,Kittler & Danda,Determination of sky types from global illuminance,International Journal of Lighting Research and Technology,y,0 Articles / 5 Agrivoltacis / Energy calculation,Solar_Radiation_Modelling,,PAR_and_Spectral_Radiation,,high,manual:sky type determination from illuminance,3,,https://doi.org/10.1177/096032710003200402
XAEI3IPF,journalArticle,2005,Kjaer et al.,A review of single-phase grid-connected inverters for photovoltaic modules,IEEE Trans. Ind. Appl.,y,5 Photovoltaics / 5.2 PV components / 5.2.2 Inverters and batteries,PV_Electrical_Design_and_Inverters,,Energy_Storage,,high,content(8),8,Energy_Storage,https://doi.org/10.1109/TIA.2005.853371
LKII83D7,journalArticle,1993,Klenk et al.,A model for the successful growth of polycrystalline films of CuInSe2 by multisource physical vacuum evaporation,Adv. Mater.,,5 Photovoltaics / 5.2 PV components / 5.2.1 PV cells and modules,Thin_Film_Solar_Cells,,PV_Cell_and_Module_Technologies,,high,"content-over-collection(PV_Cell_and_Module_Technologies -> Thin_Film_Solar_Cells, 20)",20,PV_Cell_and_Module_Technologies,https://doi.org/10.1002/adma.19930050209
QK256U5Q,journalArticle,2015,Klise & Balfour,A Best Practice for Developing Availability Guarantee Language in Photovoltaic (PV) O&M Agreements,SAND2015-10223,y,5 Photovoltaics / 5.4 PV Performance and Monitoring,PV_System_Performance,,,#project/msc-thesis/4-2,high,collection-prior,0,,http://prod.sandia.gov/techlib/access-control.cgi/2015/1510223.pdf
PJ5963BI,conferencePaper,2016,Klise et al.,"PV system ""Availability"" as a reliability metric - Improving standards, contract language and performance models",,y,7 Statistics,PV_Degradation_and_Reliability,,"PV_Electrical_Design_and_Inverters, Statistics_and_Data_Analysis",,medium,"content-over-collection(Statistics_and_Data_Analysis -> PV_Degradation_and_Reliability, 6)",6,PV_Electrical_Design_and_Inverters,https://doi.org/10.1109/PVSC.2016.7749918
8M9NNFFB,webpage,2007,Koistinen,Vegetation in Europe,,,2 Controlled Environment Agriculture,Unsorted,,,#needs-topic,low,no-signal,0,,https://commons.wikimedia.org/wiki/File:Vegetation_Europe.png
8E6RPX36,journalArticle,2006,Kolari et al.,Forest floor vegetation plays an important role in photosynthetic production of boreal forests,For. Ecol. Manage.,y,1 Forestry / 1.1 Seedling Performance / 1.1.2 Gas Ex. and Ch. F.,Photosynthesis_and_Gas_Exchange,,Chlorophyll_Fluorescence,#species/pinus-sylvestris #region/finland,high,content(8),8,Radiometry_and_Photometry,https://doi.org/10.1016/j.foreco.2005.10.021
DLIZAR55,journalArticle,2015,Kölling et al.,A whole-plant chamber system for parallel gas exchange measurements of Arabidopsis and other herbaceous species,Plant Methods,y,1 Forestry / 1.1 Seedling Performance / 1.1.2 Gas Ex. and Ch. F.,Photosynthesis_and_Gas_Exchange,,"Plant_Carbon_and_Water_Relations, Chlorophyll_Fluorescence",,high,content(9),9,Plant_Carbon_and_Water_Relations,https://doi.org/10.1186/s13007-015-0089-z
XIIE2JMV,book,2008,Konrad,Planung von Photovoltaik-Anlagen: Grundlagen und Projektierung,Vieweg+Teubner Verlag,,5 Photovoltaics / 5.3 PV systems design,PV_Electrical_Design_and_Inverters,,PV_System_Performance,#project/msc-thesis,high,collection-prior,0,,http://www.amazon.de/dp/3834805866
GFPCF2N5,journalArticle,2011,Kopp & Lean,"A new, lower value of total solar irradiance: Evidence and climate significance",Geophysical Research Letters,y,,Solar_Radiation_Modelling,,Radiometry_and_Photometry,,medium,content-weak(4),4,Radiometry_and_Photometry,https://doi.org/10.1029/2010GL045777
MZL9H7IS,journalArticle,2014,Kopsell et al.,Sprouting Broccoli Accumulate Higher Concentrations of Nutritionally Important Metabolites under Narrow-band Light-emitting Diode Lighting,Journal of the American Society for Horticultural Science,y,0 Articles / 1 Ligh Spectra and Light Intensity / Light spectra and field trial,Horticultural_Lighting,,"Light_Quality_and_Photomorphogenesis, Forest_Seedling_Production",,high,"content-over-collection(Light_Quality_and_Photomorphogenesis -> Horticultural_Lighting, 9)",9,Light_Quality_and_Photomorphogenesis,http://journal.ashspublications.org/content/139/4/469
LGMTMK5C,journalArticle,2002,Korczynski et al.,Mapping Monthly Distribution of Daily Light Integrals across the Contiguous United States,HortTechnology,y,0 Articles / 1 Ligh Spectra and Light Intensity / Light Intensity and gas exchange / DLI | 0 Articles / 1 Ligh Spectra and Light Intensity / Light Intensity and gas exchange | 0 Articles / 4 DLI and supplementary light / 01 DLI | 0 Articles / 5 Agrivoltacis / Energy calculation,Lighting_Strategy_and_Control,,"PAR_and_Spectral_Radiation, Photosynthesis_and_Gas_Exchange",#project/light-model,high,content(10),10,PAR_and_Spectral_Radiation,http://horttech.ashspublications.org/content/12/1/12
NJXBUDWC,conferencePaper,1985,Koski,The timing of hardening and dehardening of forest trees,ISHS,,0 Articles / 2 Long night treatment,Frost_Hardiness_and_Freezing_Tests,,Photoperiod_and_Dormancy_Induction,,medium,"content-over-collection(Photoperiod_and_Dormancy_Induction -> Frost_Hardiness_and_Freezing_Tests, 6)",6,,http://agris.fao.org/agris-search/search.do?recordID=NL870378688
32ZPIZD2,journalArticle,2001,Kostina et al.,"Growth, structure, stomatal responses and secondary metabolites of birch seedlings (Betula pendula) under elevated UV-B radiation in the field",Trees,y,0 Articles / 3 Light shock,Photoinhibition_and_Light_Stress,,"Horticultural_Lighting, Photosynthesis_and_Gas_Exchange",#species/betula,medium,collection-prior,4,Horticultural_Lighting,https://doi.org/10.1007/s00468-001-0129-3
8Q6PYSPI,journalArticle,2011,Kostopoulou et al.,Effect of mini-plug container depth on root and shoot growth of four forest tree species during early developmental stages,Turk. J. Agric. For.,,0 Articles / 1 Ligh Spectra and Light Intensity | 0 Articles / 2 Long night treatment | 1 Forestry / 1.1 Seedling Performance | 1 Forestry,Forest_Seedling_Production,,"Horticultural_Lighting, Light_Quality_and_Photomorphogenesis, Photoperiod_and_Dormancy_Induction",,medium,"content-over-collection(Light_Quality_and_Photomorphogenesis -> Forest_Seedling_Production, 6)",6,,
I6T5IBTJ,journalArticle,2011,Kotilainen et al.,How realistically does outdoor UV-B supplementation with lamps reflect ozone depletion: an assessment of enhancement errors,Photochemistry and Photobiology,y,0 Articles / 3 Light shock,Horticultural_Lighting,,"Light_Quality_and_Photomorphogenesis, Photosynthesis_and_Gas_Exchange, Photoinhibition_and_Light_Stress",#region/finland,medium,"content-over-collection(Photoinhibition_and_Light_Stress -> Horticultural_Lighting, 6)",6,Light_Quality_and_Photomorphogenesis,https://doi.org/10.1111/j.1751-1097.2010.00843.x
CEUZU2R9,journalArticle,2018,Kotilainen et al.,Light quality characterization under climate screens and shade nets for controlled-environment agriculture,PLOS ONE,y,0 Articles / 4 DLI and supplementary light / 05 Greenhouse energy | 0 Articles / 3 Light shock | 0 Articles / 4 DLI and supplementary light,Light_Quality_and_Photomorphogenesis,,"PAR_and_Spectral_Radiation, Lighting_Strategy_and_Control, Greenhouse_Horticulture",,medium,"content-over-collection(Greenhouse_Horticulture -> Light_Quality_and_Photomorphogenesis, 7)",7,PAR_and_Spectral_Radiation,https://doi.org/10.1371/journal.pone.0199628
XTRU65U5,journalArticle,2008,Kotilainen et al.,Metabolite specific effects of solar UV-A and UV-B on alder and birch leaf phenolics,Global Change Biology,y,0 Articles / 3 Light shock,Photoinhibition_and_Light_Stress,,Photosynthesis_and_Gas_Exchange,#species/betula,medium,collection-prior,4,,https://doi.org/10.1111/j.1365-2486.2008.01569.x
4H3VWBD5,journalArticle,2020,Kotilainen et al.,Patterns in the spectral composition of sunlight and biologically meaningful spectral photon ratios as affected by atmospheric factors,Agricultural and Forest Meteorology,y,0 Articles / 4 DLI and supplementary light / 07 other | 0 Articles / 5 Agrivoltacis / Energy calculation | 0 Articles / 1 Ligh Spectra and Light Intensity,Light_Quality_and_Photomorphogenesis,,"Statistics_and_Data_Analysis, Lighting_Strategy_and_Control, PAR_and_Spectral_Radiation",#project/light-model #region/finland,medium,"content-over-collection(Lighting_Strategy_and_Control -> Light_Quality_and_Photomorphogenesis, 7)",7,Statistics_and_Data_Analysis,https://doi.org/10.1016/j.agrformet.2020.108041
RUNKWDQE,thesis,2010,Kotilainen,Solar UV radiation and plant responses: Assessing the methodological problems in research concerning stratospheric ozone depletion,,,0 Articles / 3 Light shock | 3 Photobiology / Spectra,Photoinhibition_and_Light_Stress,,"Photosynthesis_and_Gas_Exchange, Light_Quality_and_Photomorphogenesis",,high,collection-prior,0,,https://jyx.jyu.fi/dspace/bitstream/handle/123456789/23585/9789513939069.pdf?sequence=1
BVYHSWF9,book,1978,Kozai et al.,Light transmission and photosynthesis in greenhouses,Pudoc,,0 Articles / 5 Agrivoltacis / Energy calculation,Greenhouse_Horticulture,,"Solar_Radiation_Modelling, PAR_and_Spectral_Radiation",#project/light-model,high,manual:light transmission in greenhouses,4,Photosynthesis_and_Gas_Exchange,
TVM4GFTY,book,2019,,Plant Factory: An Indoor Vertical Farming System for Efficient Quality Food Production,Academic Press,y,2 Controlled Environment Agriculture / 2.2 Vertical Farming,Vertical_Farming_and_Urban_Agriculture,,Horticultural_Lighting,,high,content(12),12,Horticultural_Lighting,
FCAPECQC,journalArticle,2007,Kozai,"Propagation, grafting and transplant production in closed systems with artificial lighting for commercialization in Japan",Propagation of Ornamental Plants,y,2 Controlled Environment Agriculture / 2.1 Greenhouses and Growth chambers | 2 Controlled Environment Agriculture,Horticultural_Lighting,,Greenhouse_Horticulture,,medium,"content-over-collection(Greenhouse_Horticulture -> Horticultural_Lighting, 8)",8,,https://www.researchgate.net/profile/T_Kozai/publication/237434751_PROPAGATION_GRAFTING_AND_TRANSPLANT_PRODUCTION_IN_CLOSED_SYSTEMS_WITH_ARTIFICIAL_LIGHTING_FOR_COMMERCIALIZATION_IN_JAPAN/links/0f317531289e418095000000.pdf
IQP3QDA3,bookSection,2020,Kozai & Niu,Role of the plant factory with artificial lighting (PFAL) in urban areas,Plant Factory (Second Edition),y,,Vertical_Farming_and_Urban_Agriculture,,,,high,content(6),6,,https://www.sciencedirect.com/science/article/pii/B9780128166918000029
8A88G588,presentation,2015,,Reforma Energética: ¿hacia dónde vamos? Apertura del Sector Hidrocarburos y Mercado Eléctrico Mayorista,,,5 Photovoltaics / 5.1 PV general data / 5.1.1 PV-Mexico,Electricity_Markets_and_Prices,,PV_System_Performance,#region/mexico #project/msc-thesis/4-13,high,"manual:Mexican energy reform, wholesale market",0,,https://www.kpmg.com/MX/es/IssuesAndInsights/ArticlesPublications/Documents/KPMGImagen/2015/09-21-Folleto-MEC.pdf
V8HVFQAU,journalArticle,1944,Kramer & Decker,Relation between light intensity and rate of photosynthesis of Loblolly pine and certain hardwoods,Plant Physiology,,0 Articles / 1 Ligh Spectra and Light Intensity / Light Intensity and gas exchange / G.Ex - Light response curves | 0 Articles / 1 Ligh Spectra and Light Intensity / Light Intensity and gas exchange,Photosynthesis_and_Gas_Exchange,,,,high,collection-prior,2,,https://www.ncbi.nlm.nih.gov/pmc/articles/PMC438160/
6RMECA2B,journalArticle,1995,Krause et al.,High susceptibility to photoinhibition of young leaves of tropical forest trees,Planta,y,0 Articles / 3 Light shock,Photoinhibition_and_Light_Stress,,"Chlorophyll_Fluorescence, Photosynthesis_and_Gas_Exchange",,high,content(12),12,Chlorophyll_Fluorescence,https://doi.org/10.1007/BF00191564
HYRM6JQ5,journalArticle,1996,Krauter & Hanitsch,Actual optical and thermal performance of PV-modules,Sol. Energy Mater. Sol. Cells,y,5 Photovoltaics / 5.5 PV Losses / 5.5.1 Angular losses,PV_System_Performance,,Solar_Radiation_Modelling,,medium,collection-prior,5,PV_System_Performance,https://doi.org/10.1016/0927-0248(95)00143-3
8IICHAPY,conferencePaper,2009,Krauter & Preiss,Comparison of module temperature measurement methods,,y,5 Photovoltaics / 5.4 PV Performance and Monitoring,PV_System_Performance,,,#project/msc-thesis/4-2,medium,collection-prior,3,PV_System_Performance,https://doi.org/10.1109/PVSC.2009.5411669
3AXQQCKZ,webpage,,Kren,"""Power Plant"" Takes On A New Meaning",,y,2 Controlled Environment Agriculture / 2.1 Greenhouses and Growth chambers | 2 Controlled Environment Agriculture,Greenhouse_Horticulture,,,,high,collection-prior,5,,http://machinedesign.com/archive/power-plant-takes-new-meaning
AITK3ET3,journalArticle,1982,Krizek,Guidelines for measuring and reporting environmental conditions in controlled-environment studies,Physiol. Plant.,y,2 Controlled Environment Agriculture / 2.1 Greenhouses and Growth chambers | 2 Controlled Environment Agriculture / 2.2 Vertical Farming | 2 Controlled Environment Agriculture,Greenhouse_Horticulture,,"Statistics_and_Data_Analysis, Vertical_Farming_and_Urban_Agriculture",,medium,collection-prior,3,Statistics_and_Data_Analysis,https://doi.org/10.1111/j.1399-3054.1982.tb00331.x
FN62VXAM,bookSection,1986,Kronenberg & Kendrick,The physiology of action,Photomorphogenesis in plants,y,0 Articles / 1 Ligh Spectra and Light Intensity / Light Intensity and gas exchange,Light_Quality_and_Photomorphogenesis,,Photosynthesis_and_Gas_Exchange,,high,"content-over-collection(Photosynthesis_and_Gas_Exchange -> Light_Quality_and_Photomorphogenesis, 11)",11,,https://link.springer.com/chapter/10.1007/978-94-017-2624-5_6
ZFY984GM,bookSection,1997,Kubota et al.,Recent Advances in Environment Control in Micropropagation,"Plant Production in Closed Ecosystems: The International Symposium on Plant Production in Closed Ecosystems held in Narita, Japan, August 26–29, 1996",y,,Forest_Seedling_Production,,PAR_and_Spectral_Radiation,,medium,content-weak(3),3,PAR_and_Spectral_Radiation,https://doi.org/10.1007/978-94-015-8889-8_10
PYZNFRYR,journalArticle,2002,Kullman,Boreal tree taxa in the central Scandes during the Late-Glacial: implications for Late-Quaternary forest history,Journal of Biogeography,y,0 Articles / 2 Long night treatment,Swedish_Forestry,,"Frost_Hardiness_and_Freezing_Tests, Photoperiod_and_Dormancy_Induction",#species/picea-abies #species/pinus-sylvestris #species/betula #region/sweden #region/norway #region/nordic,high,manual:Late-Glacial boreal forest history,0,,https://doi.org/10.1046/j.1365-2699.2002.00743.x
FKP9RINM,journalArticle,2018,Kurtz et al.,Historical Analysis of Champion Photovoltaic Module Efficiencies,IEEE Journal of Photovoltaics,y,,PV_Cell_and_Module_Technologies,,,,high,content(6),6,,https://doi.org/10.1109/JPHOTOV.2018.2794387
5WEUA54G,report,2013,Kurtz,"Photovoltaic Module Reliability Workshop 2010: February 18-19, 2010",,,5 Photovoltaics / 5.4 PV Performance and Monitoring / 5.4 PV reliability,PV_Degradation_and_Reliability,,PV_Cell_and_Module_Technologies,,high,content(6),6,PV_Cell_and_Module_Technologies,
L9L7AWPD,report,2014,Kurtz,"Photovoltaic Module Reliability Workshop 2014: February 25-26, 2014",,,5 Photovoltaics / 5.4 PV Performance and Monitoring / 5.4 PV reliability,PV_Degradation_and_Reliability,,PV_Cell_and_Module_Technologies,,high,content(6),6,PV_Cell_and_Module_Technologies,https://www.osti.gov/scitech/biblio/1158950
A8R8Z66S,journalArticle,2020,Kusuma et al.,From physics to fixtures to food: current and potential LED efficacy,Horticulture Research,,0 Articles / 4 DLI and supplementary light / 03 LED seedling cultivation / 3.1 Importance of LEDs | 0 Articles / 4 DLI and supplementary light / 04 Cost | 0 Articles / 5 Agrivoltacis / Energy calculation | 0 Articles / 0 Thesis | 0 Articles / 4 DLI and supplementary light,Horticultural_Lighting,,"Lighting_Strategy_and_Control, PAR_and_Spectral_Radiation",#project/thesis #project/light-model #project/msc-thesis,high,content(12),12,,https://doi.org/10.1038/s41438-020-0283-7
NUC5RRJP,conferencePaper,2008,Kuurne et al.,"Sweep time, spectral mismatch and light soaking in thin film module measurement",,y,5 Photovoltaics / 5.2 PV components / 5.2.1 PV cells and modules,Thin_Film_Solar_Cells,,"PV_Shading_and_Mismatch, PV_Cell_and_Module_Technologies",,high,manual:thin-film module measurement artefacts,9,PV_Shading_and_Mismatch,https://doi.org/10.1109/PVSC.2008.4922583
Z9WB2N3X,journalArticle,1999,Kvaalen & Appelgren,"Light Quality Influences Germination, Root Growth and Hypocotyl Elongation in Somatic Embryos but Not in Seedlings of Norway Spruce",In Vitro Cellular & Developmental Biology. Plant,y,0 Articles / 1 Ligh Spectra and Light Intensity / Light spectra and field trial | 0 Articles / 4 DLI and supplementary light | 1 Forestry / 3 Somatic embryos,Light_Quality_and_Photomorphogenesis,,"Tree_Breeding_and_Propagation, Forest_Seedling_Production, Lighting_Strategy_and_Control",#species/picea-abies #region/norway,high,content(10),10,Tree_Breeding_and_Propagation,https://www.jstor.org/stable/4293285
HRGJIMES,journalArticle,1998,Laakso & Huttunen,Effects of the ultraviolet-B radiation (UV-B) on conifers: a review,Environmental Pollution,y,0 Articles / 3 Light shock,Photoinhibition_and_Light_Stress,,"Greenhouse_Horticulture, Photosynthesis_and_Gas_Exchange",,medium,collection-prior,4,Greenhouse_Horticulture,https://doi.org/10.1016/S0269-7491(98)00022-0
PHWBV3QD,journalArticle,2016,Laine et al.,A survey of the Finnish mechanized tree-planting industry in 2013 and its success factors,Silva Fennica,y,0 Articles / 2 Long night treatment,Forest_Regeneration,,"Frost_Hardiness_and_Freezing_Tests, Photoperiod_and_Dormancy_Induction",#region/finland,medium,"content-over-collection(Photoperiod_and_Dormancy_Induction -> Forest_Regeneration, 6)",6,Forest_Seedling_Production,https://doi.org/10.14214/sf.1323
YLMDMJQC,journalArticle,1996,Laisk & Loreto,"Determining photosynthetic parameters from leaf CO 2  exchange and chlorophyll fluorescence (ribulose-1,5-bisphosphate carboxylase/oxygenase specificity factor,",Plant Physiol.,y,0 Articles / 1 Ligh Spectra and Light Intensity / Light Intensity and gas exchange | 1 Forestry / 1.1 Seedling Performance / 1.1.2 Gas Ex. and Ch. F.,Chlorophyll_Fluorescence,,"Photosynthesis_and_Gas_Exchange, Light_Quality_and_Photomorphogenesis",,high,"content-over-collection(Photosynthesis_and_Gas_Exchange -> Chlorophyll_Fluorescence, 10)",10,Photosynthesis_and_Gas_Exchange,http://www.ncbi.nlm.nih.gov/pmc/articles/PMC157790/
SMGYT6RG,report,2001,Landelius et al.,STRÅNG - a system for modelling solar radiation parameters with mesoscale spatial resolution,,,0 Articles / 5 Agrivoltacis / Solar Greenhouse | 0 Articles / 0 Thesis,Solar_and_Weather_Data,,"Solar_Radiation_Modelling, Greenhouse_Horticulture, Agrivoltaics",#project/thesis #project/msc-thesis,medium,"content-over-collection(PV_Greenhouses -> Solar_and_Weather_Data, 6)",6,Solar_Radiation_Modelling,http://strang.smhi.se/
E4T3CCNC,conferencePaper,2010,Landis & Dumroese,Care and Handling of Container Plants From Storage to Outplanting,,,0 Articles / 2 Long night treatment,Forest_Regeneration,,"Forest_Seedling_Production, Frost_Hardiness_and_Freezing_Tests, Photoperiod_and_Dormancy_Induction",,medium,"content-over-collection(Photoperiod_and_Dormancy_Induction -> Forest_Regeneration, 6)",6,Forest_Seedling_Production,
463TABPK,bookSection,2010,Landis et al.,Chapter 1: The Target Plant Concept,"Seedling processing, storage, and outplanting - The Container Tree Nursery Manual",,0 Articles / 4 DLI and supplementary light,Forest_Seedling_Production,,"Forest_Regeneration, Lighting_Strategy_and_Control",,medium,"content-over-collection(Lighting_Strategy_and_Control -> Forest_Seedling_Production, 7)",7,Forest_Regeneration,
4VV4V4FB,bookSection,1992,Landis et al.,Chapter 1: Temperature,Atmospheric environment - The Container Tree Nursery Manual,,0 Articles / 2 Long night treatment,Greenhouse_Horticulture,,"Frost_Hardiness_and_Freezing_Tests, Photoperiod_and_Dormancy_Induction",,high,manual:growth chamber temperature chapter,3,,
Q5EY6BWJ,bookSection,1992,Landis et al.,Chapter 3: Light,Atmospheric environment - The Container Tree Nursery Manual,,0 Articles / 1 Ligh Spectra and Light Intensity / Light Intensity and gas exchange | 0 Articles / 0 Thesis,Photosynthesis_and_Gas_Exchange,,Light_Quality_and_Photomorphogenesis,#project/thesis,medium,collection-prior,3,,
CXKDNG94,bookSection,2010,Landis et al.,Chapter 6: Outplanting,"Seedling processing, storage, and outplanting - The Container Tree Nursery Manual",,0 Articles / 3 Light shock,Forest_Seedling_Production,,"Forest_Regeneration, Photosynthesis_and_Gas_Exchange, Photoinhibition_and_Light_Stress",,high,"content-over-collection(Photoinhibition_and_Light_Stress -> Forest_Seedling_Production, 10)",10,Forest_Regeneration,
N8B8XNHE,journalArticle,2013,Landis,Conditioning Nursery Plants to Promote Hardiness and Dormancy,Forest Nursery Notes,,0 Articles / 2 Long night treatment | 1 Forestry / 1.1 Seedling Performance | 3 Photobiology / Spectra,Forest_Seedling_Production,,"Photoperiod_and_Dormancy_Induction, Frost_Hardiness_and_Freezing_Tests, Light_Quality_and_Photomorphogenesis",,medium,"content-over-collection(Photoperiod_and_Dormancy_Induction -> Forest_Seedling_Production, 6)",6,Photoperiod_and_Dormancy_Induction,
NK2PTWM8,journalArticle,2013,Landis et al.,Light emitting diodes (LED): applications in forest and native plant nurseries,Forest Nursery Notes,,0 Articles / 1 Ligh Spectra and Light Intensity / Light spectra and field trial | 0 Articles / 4 DLI and supplementary light / 03 LED seedling cultivation | 0 Articles / 4 DLI and supplementary light | 3 Photobiology / LED for Plants,Horticultural_Lighting,,"Forest_Seedling_Production, Light_Quality_and_Photomorphogenesis, Lighting_Strategy_and_Control",,medium,"content-over-collection(Light_Quality_and_Photomorphogenesis -> Horticultural_Lighting, 6)",6,Forest_Seedling_Production,
66IQSRCA,journalArticle,2007,Landis,Miniplug transplants: producing large plants quickly,"In: Riley, LE; Dumroese, RK; Landis, TD National Proceedings: Forest and Conservation Nursery Associations-2006. Proceedings RMRS-P-50. Fort Collins, CO: US Department of Agriculture, Forest Service, Rocky Mountain Research Station. p. 46-53",,0 Articles / 2 Long night treatment | 0 Articles / 4 DLI and supplementary light,Forest_Seedling_Production,,"Frost_Hardiness_and_Freezing_Tests, Photoperiod_and_Dormancy_Induction, Lighting_Strategy_and_Control",,high,"content-over-collection(Photoperiod_and_Dormancy_Induction -> Forest_Seedling_Production, 9)",9,,
ZJFQ7VJ6,book,2010,Landis et al.,"Seedling processing, storage, and outplanting - The Container Tree Nursery Manual",USDA Forest Service,,0 Articles / 4 DLI and supplementary light,Forest_Seedling_Production,,"Forest_Regeneration, Lighting_Strategy_and_Control",,high,"content-over-collection(Lighting_Strategy_and_Control -> Forest_Seedling_Production, 14)",14,Forest_Regeneration,
C696VSZB,journalArticle,2011,Landis,The target plant concept-a history and brief overview,"In: Riley, L. E.; Haase, D. L.; Pinto, J. R., tech. coords. National Proceedings: Forest and Conservation Nursery Associations - 2010. Proc. RMRS-P-65. Fort Collins, CO: USDA Forest Service, Rocky Mountain Research Station. p. 61-66.",,0 Articles / 4 DLI and supplementary light,Lighting_Strategy_and_Control,,,,medium,collection-prior,3,,https://www.fs.usda.gov/treesearch/pubs/40170
6FQTI9N2,book,1997,,Plant Growth Chamber Handbook,NC-101 regional committee on Controlled Environment Technology and Use,,0 Articles / 1 Ligh Spectra and Light Intensity / Light spectra and field trial | 2 Controlled Environment Agriculture / 2.1 Greenhouses and Growth chambers | 2 Controlled Environment Agriculture,Light_Quality_and_Photomorphogenesis,,"Forest_Seedling_Production, Greenhouse_Horticulture",,medium,collection-prior,4,,https://books.google.se/books?id=n0FFAQAAIAAJ
II3M9AN9,journalArticle,2001,Langvall et al.,Frost damage to planted Norway spruce seedlings — influence of site preparation and seedling type,Forest Ecology and Management,y,1 Forestry / 2 Forest regeneration,Forest_Regeneration,,Frost_Hardiness_and_Freezing_Tests,#species/picea-abies #region/sweden #region/norway,high,content(9),9,Frost_Hardiness_and_Freezing_Tests,https://doi.org/10.1016/S0378-1127(00)00331-5
SC9JIAMP,book,,Langvall,"Interactions between Near-Ground Temperature and Radiation, Silvicultural Treatments and Frost Damage to Norway Spruce Seedlings",,y,1 Forestry / 2 Forest regeneration,Forest_Regeneration,,Frost_Hardiness_and_Freezing_Tests,#project/course-reading #species/picea-abies #region/norway,high,content(7),7,Frost_Hardiness_and_Freezing_Tests,
3EU4YI86,journalArticle,2018,Lappi & Luoranen,"Testing the differences of LT50, LD50, or ED50",Canadian Journal of Forest Research,,0 Articles / 2 Long night treatment,Frost_Hardiness_and_Freezing_Tests,,Photoperiod_and_Dormancy_Induction,,medium,"content-over-collection(Photoperiod_and_Dormancy_Induction -> Frost_Hardiness_and_Freezing_Tests, 6)",6,,https://doi.org/10.1139/cjfr-2017-0377
6KEM8UHV,journalArticle,2010,Larimore,LED lighting and DC/DC conversion control integrated on One C2000 microcontroller,Texas Instruments Kit Documentation,,0 Articles / 1 Ligh Spectra and Light Intensity / Light Intensity and gas exchange,Horticultural_Lighting,,"Light_Quality_and_Photomorphogenesis, Photosynthesis_and_Gas_Exchange",,medium,"content-over-collection(Photosynthesis_and_Gas_Exchange -> Horticultural_Lighting, 6)",6,,
6YT9R8EN,journalArticle,1975,Larson,Pruning Northern Red Oak Nursery Seedlings: Effects on Root Regeneration and Early Growth,Canadian Journal of Forest Research,y,1 Forestry / 1.1 Seedling Performance / 1.1.3 RGC,Forest_Seedling_Production,,Forest_Regeneration,,high,content(8),8,Forest_Regeneration,https://doi.org/10.1139/x75-052
9QF55LNS,journalArticle,1995,Lassheikki & Mattsson,Potentials for establishment and cultivation of Siberian larch ( Larix sibirica Ledeb. ) in the Nordic countries.,"General Technical Report - Intermountain Research Station, USDA Forest Service",y,0 Articles / 1 Ligh Spectra and Light Intensity / Light spectra and field trial | 1 Forestry / 1.1 Seedling Performance,Light_Quality_and_Photomorphogenesis,,Forest_Seedling_Production,#region/nordic,medium,collection-prior,2,Forest_Seedling_Production,
WHH8QXC6,journalArticle,2022,Lassio et al.,Environmental life cycle-based analysis of fixed and single-axis tracking systems for photovoltaic power plants: A case study in Brazil,Cleaner Engineering and Technology,y,5 Photovoltaics / 5.11 LCA,PV_Economics_and_LCA,,PV_Cell_and_Module_Technologies,,medium,collection-prior,3,PV_Cell_and_Module_Technologies,https://doi.org/10.1016/j.clet.2022.100586
2RRQ9C6V,webpage,,,The Latest On Crop Lighting,,y,0 Articles / 4 DLI and supplementary light / 01 DLI / Supplementary light control,Lighting_Strategy_and_Control,,Greenhouse_Horticulture,,medium,collection-prior,2,,https://www.greenhousecanada.com/structures-equipment/lighting/the-latest-on-crop-lighting-31656
HQ66TINP,journalArticle,1970,Laue,The measurement of solar spectral irradiance at different terrestrial elevations,Solar Energy,y,4 Energy / 4.1 Solar Radiation | 4 Energy,PAR_and_Spectral_Radiation,,"Radiometry_and_Photometry, Solar_Radiation_Modelling",,medium,"content-over-collection(Solar_Radiation_Modelling -> PAR_and_Spectral_Radiation, 6)",6,Radiometry_and_Photometry,https://doi.org/10.1016/0038-092X(70)90006-X
23P7X4GD,journalArticle,1980,Lavender et al.,Evaluation of planting stock quality,NZJ For. Sci,,0 Articles / 1 Ligh Spectra and Light Intensity / Light spectra and field trial | 1 Forestry / 1.1 Seedling Performance,Forest_Seedling_Production,,Light_Quality_and_Photomorphogenesis,,medium,"content-over-collection(Light_Quality_and_Photomorphogenesis -> Forest_Seedling_Production, 6)",6,,
IJ5MK3UD,bookSection,1984,Lavender,Plant Physiology and Nursery Environment: Interactions Affecting Seedling Growth,Forestry Nursery Manual: Production of Bareroot Seedlings,y,0 Articles / 2 Long night treatment,Forest_Seedling_Production,,"Agriculture, Frost_Hardiness_and_Freezing_Tests, Photoperiod_and_Dormancy_Induction",,high,"content-over-collection(Photoperiod_and_Dormancy_Induction -> Forest_Seedling_Production, 11)",11,Agriculture,https://doi.org/10.1007/978-94-009-6110-4_14
L8PPMRQW,journalArticle,1970,Lavender & Hermann,Regulation of the Growth Potential of Douglas Fir Seedlings During Dormancy,New Phytologist,y,1 Forestry / 1.1 Seedling Performance / 1.1.3 RGC,Photoperiod_and_Dormancy_Induction,,"Plant_Carbon_and_Water_Relations, Forest_Regeneration, Forest_Seedling_Production",,high,"content-over-collection(Forest_Seedling_Production -> Photoperiod_and_Dormancy_Induction, 9)",9,Plant_Carbon_and_Water_Relations,https://doi.org/10.1111/j.1469-8137.1970.tb02454.x
DMWGV59F,journalArticle,2010,Lazic,The problem of pseudoreplication in neuroscientific studies: is it affecting your analysis?,BMC Neurosci.,y,7 Statistics,Statistics_and_Data_Analysis,,,,high,content(7),7,,https://doi.org/10.1186/1471-2202-11-5
FXFI62YF,journalArticle,2018,Lee et al.,"An automated, high-throughput plant phenotyping system using machine learning-based plant segmentation and image analysis",PLOS ONE,y,0 Articles / 6 Image and color analysis / Image analysis and Phenotyping,Plant_Phenotyping_and_Image_Analysis,,,,high,content(12),12,,https://doi.org/10.1371/journal.pone.0196615
WYE73JXW,journalArticle,1982,Lee & Rawlings,Design of Experiments in Growth Chambers — Uniformity Trials in the North Carolina State University Phytotron 1,Crop Science,,7 Statistics,Statistics_and_Data_Analysis,,,,medium,collection-prior,4,Agriculture,https://doi.org/10.2135/cropsci1982.0011183X002200030028x
CWCTSWNN,journalArticle,2012,Lee et al.,Prediction of Greenhouse Energy Loads using Building Energy Simulation (BES),Journal of The Korean Society of Agricultural Engineers,y,0 Articles / 5 Agrivoltacis / Energy calculation,Greenhouse_Horticulture,,"Solar_Radiation_Modelling, PAR_and_Spectral_Radiation",#project/light-model,high,"content-over-collection(PAR_and_Spectral_Radiation -> Greenhouse_Horticulture, 13)",13,,https://doi.org/10.5389/KSAE.2012.54.3.113
Y6UK7UUY,report,2015,Leidos Canada Inc et al.,IEC 61853-1: Photovoltaic Module Performance Testing and Energy Rating Assessment for Canada,,,5 Photovoltaics / 5.3 PV systems design / 5.3.1 PV Standards,PV_Standards_and_Measurement,,PV_System_Performance,#project/msc-thesis/4-1 #project/msc-thesis/4-2,high,content(12),12,PV_System_Performance,http://www.sustainabletechnologies.ca/wp/wp-content/uploads/2016/01/IEC61853_FinalReport_Dec2015.pdf
8MLV9GDD,conferencePaper,2005,Lenain,Secondary cells and batteries for photovoltaic energy systems (PVES),,y,5 Photovoltaics / 5.2 PV components / 5.2.2 Inverters and batteries,Energy_Storage,,PV_Electrical_Design_and_Inverters,,medium,"content-over-collection(PV_Electrical_Design_and_Inverters -> Energy_Storage, 6)",6,Power_Systems_and_Grid_Integration,https://doi.org/10.1109/INTLEC.2005.335175
4UEEL4NU,journalArticle,2002,Lennartsson & Ögren,Causes of variation in cold hardiness among fast-growing willows (Salix spp.) with particular reference to their inherent rates of cold hardening,Plant Cell Environ.,y,0 Articles / 2 Long night treatment,Frost_Hardiness_and_Freezing_Tests,,"Chlorophyll_Fluorescence, Photoperiod_and_Dormancy_Induction",,high,"content-over-collection(Photoperiod_and_Dormancy_Induction -> Frost_Hardiness_and_Freezing_Tests, 9)",9,Chlorophyll_Fluorescence,https://doi.org/10.1046/j.1365-3040.2002.00902.x
33W46CVT,journalArticle,2003,Lennartsson & Ögren,Predicting the cold hardiness of willow stems using visible and near-infrared spectra and sugar concentrations,Trees,y,0 Articles / 2 Long night treatment,Frost_Hardiness_and_Freezing_Tests,,"Tree_Breeding_and_Propagation, Photoperiod_and_Dormancy_Induction",,medium,"content-over-collection(Photoperiod_and_Dormancy_Induction -> Frost_Hardiness_and_Freezing_Tests, 6)",6,Tree_Breeding_and_Propagation,https://doi.org/10.1007/s00468-003-0258-y
W6JDGGFF,book,2018,Lenth,"emmeans: Estimated Marginal Means, aka Least-Squares Means",,,7 Statistics,Statistics_and_Data_Analysis,,,,high,content(6),6,,https://CRAN.R-project.org/package=emmeans
BLDUVHY9,computerProgram,2021,,"emmeans: Estimated Marginal Means, aka Least-Squares Means",,y,,Statistics_and_Data_Analysis,,,#type/tool,high,content(7),7,,https://CRAN.R-project.org/package=emmeans
MKETWW4Y,journalArticle,2016,LeoLED-Growlights,A guide to leoLED grow light series,,,6 Thesis / Material and equipment used,Horticultural_Lighting,,,#project/thesis,high,content(12),12,,http://static.inndesign.ch/leoLED_Brochure_2016_EN.pdf
BV4K2ITK,journalArticle,1990,Leverenz & Hinckley,"Shoot structure, leaf area index and productivity of evergreen conifer stands",Tree Physiology,y,0 Articles / 1 Ligh Spectra and Light Intensity / Light Intensity and gas exchange / G.Ex - Light response curves | 0 Articles / 1 Ligh Spectra and Light Intensity / Light Intensity and gas exchange,Photosynthesis_and_Gas_Exchange,,,,medium,collection-prior,3,Light_Quality_and_Photomorphogenesis,https://doi.org/10.1093/treephys/6.2.135
WD3XQTG6,journalArticle,1977,Lewandowska & Jarvis,"Changes in Chlorophyll and Carotenoid Content, Specific Leaf Area and Dry Weight Fraction in Sitka Spruce, in Response to Shading and Season",New Phytologist,y,0 Articles / 2 Long night treatment,Photoperiod_and_Dormancy_Induction,,Frost_Hardiness_and_Freezing_Tests,,medium,collection-prior,3,Radiometry_and_Photometry,https://doi.org/10.1111/j.1469-8137.1977.tb02202.x
8INJHWH5,journalArticle,2007,L’Hirondelle et al.,"Chlorophyll fluorescence, root growth potential, and stomatal conductance as estimates of field performance potential in conifer seedlings",New Forests,y,0 Articles / 1 Ligh Spectra and Light Intensity / Light Intensity and gas exchange | 0 Articles / 2 Long night treatment | 1 Forestry / 1.1 Seedling Performance,Forest_Seedling_Production,,"Chlorophyll_Fluorescence, Light_Quality_and_Photomorphogenesis, Photosynthesis_and_Gas_Exchange",#species/pinus-contorta,high,"content-over-collection(Photosynthesis_and_Gas_Exchange -> Forest_Seedling_Production, 15)",15,Chlorophyll_Fluorescence,https://doi.org/10.1007/s11056-007-9051-x
P37TQ77K,journalArticle,2006,L’Hirondelle et al.,Overwinter Storability of Conifer Planting Stock: Operational Testing of Fall Frost Hardiness,New Forests,y,0 Articles / 2 Long night treatment | 1 Forestry / 1.1 Seedling Performance,Frost_Hardiness_and_Freezing_Tests,,"Forest_Seedling_Production, Photoperiod_and_Dormancy_Induction",#species/pinus-contorta,high,"content-over-collection(Photoperiod_and_Dormancy_Induction -> Frost_Hardiness_and_Freezing_Tests, 15)",15,Forest_Seedling_Production,https://doi.org/10.1007/s11056-006-9005-8
6VL9LTDD,book,2018,Li,Advances in Plant Cold Hardiness,CRC Press,y,0 Articles / 2 Long night treatment,Frost_Hardiness_and_Freezing_Tests,,Photoperiod_and_Dormancy_Induction,,medium,"content-over-collection(Photoperiod_and_Dormancy_Induction -> Frost_Hardiness_and_Freezing_Tests, 6)",6,,https://www.taylorfrancis.com/books/e/9781351069526
C4AUL8BX,journalArticle,2017,Liang et al.,A nondestructive method to estimate the chlorophyll content of Arabidopsis seedlings.,Plant methods,y,3 Photobiology,Plant_Phenotyping_and_Image_Analysis,,,,medium,content-weak(3),3,Forest_Seedling_Production,https://doi.org/10.1186/s13007-017-0174-6
EI8HCG27,journalArticle,2016,Liaros et al.,Technoeconomic evaluation of urban plant factories: The case of basil (Ocimum basilicum),Science of The Total Environment,y,0 Articles / 4 DLI and supplementary light,Vertical_Farming_and_Urban_Agriculture,,"PV_Economics_and_LCA, Lighting_Strategy_and_Control",,high,"content-over-collection(Lighting_Strategy_and_Control -> Vertical_Farming_and_Urban_Agriculture, 12)",12,PV_Economics_and_LCA,https://doi.org/10.1016/j.scitotenv.2016.02.174
4WGG3XW2,conferencePaper,2014,Liberale et al.,Energy harvesting system for wireless body sensor nodes,ieeexplore.ieee.org,y,5 Photovoltaics / 5.3 PV systems design / 5.3.2 mini-PV for indoors,Indoor_PV_and_Energy_Harvesting,,PV_Cell_and_Module_Technologies,,high,"content-over-collection(PV_Cell_and_Module_Technologies -> Indoor_PV_and_Energy_Harvesting, 20)",20,PV_Cell_and_Module_Technologies,https://doi.org/10.1109/BioCAS.2014.6981751
7EVNERSH,journalArticle,1998,Lichtenthaler,The Stress Concept in Plants: An Introduction,Annals of the New York Academy of Sciences,,0 Articles / 3 Light shock,Photoinhibition_and_Light_Stress,,Photosynthesis_and_Gas_Exchange,,high,collection-prior,0,,https://doi.org/10.1111/j.1749-6632.1998.tb08993.x
UHYLHFWF,journalArticle,1996,Lichtenthaler,Vegetation Stress: an Introduction to the Stress Concept in Plants,Journal of Plant Physiology,y,0 Articles / 3 Light shock,Photoinhibition_and_Light_Stress,,"Frost_Hardiness_and_Freezing_Tests, Photosynthesis_and_Gas_Exchange",,medium,collection-prior,5,Frost_Hardiness_and_Freezing_Tests,https://doi.org/10.1016/S0176-1617(96)80287-2
3D9FUN2D,journalArticle,2005,Lin & Todo,The cryptochromes,Genome Biology,y,,Light_Quality_and_Photomorphogenesis,,,,high,content(11),11,,https://doi.org/10.1186/gb-2005-6-5-220
5PQYXDL9,journalArticle,2017,Lindahl et al.,The Swedish forestry model: More of everything?,Forest Policy and Economics,y,,Swedish_Forestry,,,#region/sweden,high,content(8),8,,https://doi.org/10.1016/j.forpol.2015.10.012
9DFLXR9D,journalArticle,2007,Lindgren et al.,Swedish seed orchards for Scots pine and Norway spruce,,y,,Tree_Breeding_and_Propagation,,Plant_Phenotyping_and_Image_Analysis,#species/picea-abies #species/pinus-sylvestris #region/sweden #region/norway,high,content(9),9,Plant_Phenotyping_and_Image_Analysis,
IJEZ3JLV,report,2002,Lindstad,"A comparative study of forestry in Finland, Norway, Sweden, and the United States, with special emphasis on policy measures for nonindustrial private forests in",,y,,Swedish_Forestry,,,#region/sweden #region/norway #region/finland,high,content(6),6,,https://www.fs.usda.gov/treesearch/pubs/4143
BESHFTAB,journalArticle,2013,Lindström,An all-sputtering process and equipment for CIGS solar cells,Vakuum in Forschung und Praxis,y,5 Photovoltaics / 5.2 PV components / 5.2.1 PV cells and modules,Thin_Film_Solar_Cells,,PV_Cell_and_Module_Technologies,#region/sweden,high,manual:all-sputtering CIGS process,10,Thin_Film_Solar_Cells,https://doi.org/10.1002/vipr.201300534
EC8GJPQT,conferencePaper,1993,Lindström & Mattsson,Cultivation of containerized seedlings in Sweden-systems for frost protection and methods to detect root injuries,,,0 Articles / 2 Long night treatment,Forest_Seedling_Production,,"Frost_Hardiness_and_Freezing_Tests, Photoperiod_and_Dormancy_Induction",#region/sweden,medium,"content-over-collection(Photoperiod_and_Dormancy_Induction -> Forest_Seedling_Production, 8)",8,,
3ZFYNFT3,journalArticle,1996,Lindström & Håkansson,EC-metoden-ett sätt att bestämma skogsplantors lagringsbarhet [The EC-method-a way to assess storability of forest tree seedlings],"Garpenberg: Swedish University of Agricultural Sciences, Department of Forest Yield Research Report",,0 Articles / 2 Long night treatment,Forest_Seedling_Production,,"Frost_Hardiness_and_Freezing_Tests, Photoperiod_and_Dormancy_Induction",#region/sweden,medium,"content-over-collection(Photoperiod_and_Dormancy_Induction -> Forest_Seedling_Production, 8)",8,,
UXRRGQQP,journalArticle,1989,Lindström & Mattsson,Equipment for freezing roots and its use to test cold resistance of young and mature roots of  Picea abies  seedlings,Scand. J. For. Res.,,0 Articles / 2 Long night treatment,Frost_Hardiness_and_Freezing_Tests,,Photoperiod_and_Dormancy_Induction,#species/picea-abies,high,manual:root freezing equipment and testing,2,,
EUQ689NW,journalArticle,1986,Lindström,Freezing temperatures in the root zone—effects on growth of containerized  Pinus sylvestris  and  Picea abies  seedlings,Scand. J. For. Res.,,0 Articles / 2 Long night treatment,Frost_Hardiness_and_Freezing_Tests,,Photoperiod_and_Dormancy_Induction,#species/picea-abies #species/pinus-sylvestris,high,manual:root-zone freezing temperatures,2,,
5R6DYIRN,magazineArticle,2010,Lindström,"Lektion 12: Odling, lagring och plantering av miniplantor",PLANTaktuellt,,0 Articles / 2 Long night treatment,Forest_Seedling_Production,,"Frost_Hardiness_and_Freezing_Tests, Photoperiod_and_Dormancy_Induction",,high,"manual:miniplant culture, storage and planting",0,,https://www.skogskunskap.se/skota-barrskog/foryngra/plantering/odla-plantor---plantskolan/
STRKW2EX,conferencePaper,2005,Lindström et al.,Mini seedlings : a new forest regeneration system,Ontario Forest Research Institute,y,0 Articles / 2 Long night treatment | 0 Articles / 4 DLI and supplementary light | 1 Forestry / 1.1 Seedling Performance,Forest_Regeneration,,"Forest_Seedling_Production, Frost_Hardiness_and_Freezing_Tests, Photoperiod_and_Dormancy_Induction",#region/sweden,medium,"content-over-collection(Photoperiod_and_Dormancy_Induction -> Forest_Regeneration, 7)",7,Forest_Seedling_Production,
VE6WHYFE,journalArticle,1986,Lindström,Outdoor winter storage of container stock on raised pallets—effects on root zone temperatures and seedling growth,Scandinavian Journal of Forest Research,y,0 Articles / 2 Long night treatment,Frost_Hardiness_and_Freezing_Tests,,"PV_in_Nordic_Climates, Photoperiod_and_Dormancy_Induction",#species/picea-abies #species/pinus-sylvestris #region/norway #region/nordic,high,manual:outdoor winter storage root temperatures,5,PV_in_Nordic_Climates,https://doi.org/10.1080/02827588609382399
UMWYMSDQ,book,2004,Lindström et al.,Resultat från fältförsök med miniplantor 2003 samt återinventering av äldre försök,Högskolan Dalarna,y,0 Articles / 2 Long night treatment,Forest_Seedling_Production,,"Frost_Hardiness_and_Freezing_Tests, Photoperiod_and_Dormancy_Induction",,high,manual:miniplant field trials,0,,http://urn.kb.se/resolve?urn=urn:nbn:se:du-1869
U9WQCGRD,journalArticle,1994,Lindström & Stattin,"Root freezing tolerance and vitality of Norway spruce and Scots pine seedlings; influence of storage duration, storage temperature, and prestorage root freezing",Can. J. For. Res.,,0 Articles / 2 Long night treatment,Frost_Hardiness_and_Freezing_Tests,,Photoperiod_and_Dormancy_Induction,#species/picea-abies #species/pinus-sylvestris #region/norway,medium,"content-over-collection(Photoperiod_and_Dormancy_Induction -> Frost_Hardiness_and_Freezing_Tests, 6)",6,Forest_Seedling_Production,
DLTST7KF,journalArticle,1987,Lindström & Nyström,"Seasonal variation in root hardiness of container-grown Scots pine, Norway spruce, and lodgepole pine seedlings",Can. J. For. Res.,,0 Articles / 2 Long night treatment,Frost_Hardiness_and_Freezing_Tests,,Photoperiod_and_Dormancy_Induction,#species/picea-abies #species/pinus-sylvestris #species/pinus-contorta #region/norway,high,manual:seasonal root hardiness,2,,
D69XWCBT,journalArticle,2014,Lindström et al.,Storability measures of Norway spruce and Scots pine seedlings and assessment of post-storage vitality by measuring shoot electrolyte leakage,Scand. J. For. Res.,y,0 Articles / 2 Long night treatment,Forest_Seedling_Production,,"Frost_Hardiness_and_Freezing_Tests, Photoperiod_and_Dormancy_Induction",#species/picea-abies #species/pinus-sylvestris #region/norway,high,"content-over-collection(Photoperiod_and_Dormancy_Induction -> Forest_Seedling_Production, 17)",17,Frost_Hardiness_and_Freezing_Tests,https://doi.org/10.1080/02827581.2014.977340
6ADPW8LY,report,2010,Lindström & Stattin,Vinterlagring av miniplantor i frys : vintern 06/07 och 07/08,,y,0 Articles / 2 Long night treatment,Forest_Seedling_Production,,"Frost_Hardiness_and_Freezing_Tests, Photoperiod_and_Dormancy_Induction",,high,manual:winter freezer storage of miniplants,0,,http://urn.kb.se/resolve?urn=urn:nbn:se:du-5304
9Y9E85ZI,journalArticle,2014,Linkosalo et al.,Fluorescence measurements show stronger cold inhibition of photosynthetic light reactions in Scots pine compared to Norway spruce as well as during spring compa,Front. Plant Sci.,y,1 Forestry / 1.1 Seedling Performance / 1.1.2 Gas Ex. and Ch. F.,Photosynthesis_and_Gas_Exchange,,Chlorophyll_Fluorescence,#species/picea-abies #species/pinus-sylvestris #region/norway #region/finland,medium,collection-prior,4,Photosynthesis_and_Gas_Exchange,https://doi.org/10.3389/fpls.2014.00264
UBF6438E,journalArticle,2014,Li et al.,A Review of Imaging Techniques for Plant Phenotyping,"Sensors (Basel, Switzerland)",y,0 Articles / 6 Image and color analysis / Image analysis and Phenotyping,Plant_Phenotyping_and_Image_Analysis,,Remote_Sensing,,high,content(9),9,Remote_Sensing,https://doi.org/10.3390/s141120078
YKHJ8BZ8,journalArticle,2020,Li et al.,Rhizosphere priming effects differ between Norway spruce ( Picea abies ) and Scots pine seedlings cultivated under two levels of light intensity,Soil Biology and Biochemistry,y,0 Articles / 4 DLI and supplementary light,Lighting_Strategy_and_Control,,Horticultural_Lighting,#species/picea-abies #species/pinus-sylvestris #region/norway,medium,collection-prior,4,Horticultural_Lighting,https://doi.org/10.1016/j.soilbio.2020.107788
ATALRH6G,journalArticle,2017,Liu et al.,Novel Low Cost 3D Surface Model Reconstruction System for Plant Phenotyping,Journal of Imaging,y,0 Articles / 6 Image and color analysis / Image analysis and Phenotyping,Plant_Phenotyping_and_Image_Analysis,,Horticultural_Lighting,,high,content(12),12,Horticultural_Lighting,https://doi.org/10.3390/jimaging3030039
G5HM67XL,journalArticle,,Livera et al.,Data processing and quality verification for improved photovoltaic performance and reliability analytics,Progress in Photovoltaics: Research and Applications,y,5 Photovoltaics / 5.9 PV forescasting,PV_Degradation_and_Reliability,,"Statistics_and_Data_Analysis, PV_System_Performance, PV_Forecasting_and_Ramp_Control",,medium,"content-over-collection(PV_Forecasting_and_Ramp_Control -> PV_Degradation_and_Reliability, 8)",8,Statistics_and_Data_Analysis,https://doi.org/10.1002/pip.3349
DJBSVGDH,journalArticle,2012,Löf et al.,Mechanical site preparation for forest restoration,New Forests,y,1 Forestry / 2 Forest regeneration,Forest_Regeneration,,PV_Degradation_and_Reliability,,high,content(15),15,PV_Degradation_and_Reliability,https://doi.org/10.1007/s11056-012-9332-x
UK5V5SBH,journalArticle,2019,Löf et al.,Restoring forests: regeneration and ecosystem function for the future,New Forests,y,1 Forestry,Forest_Regeneration,,Climate_Change,,high,content(11),11,Climate_Change,https://doi.org/10.1007/s11056-019-09713-0
886Y37PV,bookSection,1999,Logan et al.,Acclimation of Photosynthesis to the Environment,Concepts in photobiology: Photosynthesis and photomorphogenesis,y,0 Articles / 3 Light shock,Photoinhibition_and_Light_Stress,,"Frost_Hardiness_and_Freezing_Tests, Photosynthesis_and_Gas_Exchange",,high,content(12),12,Frost_Hardiness_and_Freezing_Tests,https://doi.org/10.1007/978-94-011-4832-0_15
EES7EYP9,webpage,,Logan,Introducing the Concept of DLI to the World,,,,Lighting_Strategy_and_Control,,,,high,content(6),6,,https://fluence.science/science-articles/introducing-the-concept-of-dli-to-the-world/
L7M9YSI3,journalArticle,2003,Long & Bernacchi,"Gas exchange measurements, what can they tell us about the underlying limitations to photosynthesis? Procedures and sources of error",J. Exp. Bot.,y,1 Forestry / 1.1 Seedling Performance / 1.1.2 Gas Ex. and Ch. F.,Photosynthesis_and_Gas_Exchange,,Chlorophyll_Fluorescence,,high,content(16),16,Chlorophyll_Fluorescence,https://doi.org/10.1093/jxb/erg262
YHJDGJ8F,journalArticle,1996,Long et al.,Measurement of leaf and canopy photosynthetic CO 2  exchange in the field,J. Exp. Bot.,y,1 Forestry / 1.1 Seedling Performance / 1.1.2 Gas Ex. and Ch. F.,Photosynthesis_and_Gas_Exchange,,Chlorophyll_Fluorescence,,high,content(7),7,,https://doi.org/10.1093/jxb/47.11.1629
4QBQX2YJ,journalArticle,1994,Long et al.,Photoinhibition of photosynthesis in nature,Annual Review of Plant Physiology and Plant Molecular Biology,,0 Articles / 3 Light shock,Photoinhibition_and_Light_Stress,,Photosynthesis_and_Gas_Exchange,,high,content(6),6,Photosynthesis_and_Gas_Exchange,https://doi.org/10.1146/annurev.pp.45.060194.003221
P4CAW8BH,journalArticle,2020,López-Díaz et al.,The Effect of Different Levels of Shading in a Photovoltaic Greenhouse with a North–South Orientation,Applied Sciences,y,0 Articles / 5 Agrivoltacis,PV_Greenhouses,,"Greenhouse_Horticulture, Agrivoltaics",,medium,"content-over-collection(Agrivoltaics -> PV_Greenhouses, 6)",6,Greenhouse_Horticulture,https://doi.org/10.3390/app10030882
K4C7F3SC,journalArticle,2018,López-Tirado et al.,Trends in evergreen oak suitability from assembled species distribution models: assessing climate change in south-western Europe,New Forests,y,1 Forestry,Climate_Change,,,,high,content(6),6,Statistics_and_Data_Analysis,https://doi.org/10.1007/s11056-018-9629-5
L75FIYFZ,journalArticle,2001,López et al.,Estimation of hourly global photosynthetically active radiation using artificial neural network models,Agricultural and Forest Meteorology,y,0 Articles / 4 DLI and supplementary light / 05 Greenhouse energy,PAR_and_Spectral_Radiation,,"Radiometry_and_Photometry, Lighting_Strategy_and_Control, Greenhouse_Horticulture",,medium,"content-over-collection(Greenhouse_Horticulture -> PAR_and_Spectral_Radiation, 6)",6,Radiometry_and_Photometry,https://doi.org/10.1016/S0168-1923(01)00217-9
W3CIN4NV,book,2017,Lopez & Runkle,Light Management in Controlled Environments,CreateSpace Independent Publishing Platform,y,0 Articles / 1 Ligh Spectra and Light Intensity / Light spectra and field trial,Light_Quality_and_Photomorphogenesis,,Forest_Seedling_Production,,medium,collection-prior,2,,
HY5BYLZG,journalArticle,2008,Lopez & Runkle,Photosynthetic Daily Light Integral during Propagation Influences Rooting and Growth of Cuttings and Subsequent Development of New Guinea Impatiens and Petunia,HortScience,,0 Articles / 4 DLI and supplementary light / 01 DLI,Lighting_Strategy_and_Control,,,,high,content(10),10,Photosynthesis_and_Gas_Exchange,https://doi.org/10.21273/HORTSCI.43.7.2052
G954TRAE,journalArticle,2017,Louwen et al.,Comprehensive characterisation and analysis of PV module performance under real operating conditions,Progress in Photovoltaics: Research and Applications,y,0 Articles / 0 Thesis,PV_System_Performance,,,#project/thesis #project/msc-thesis,high,content(11),11,Light_Quality_and_Photomorphogenesis,https://doi.org/10.1002/pip.2848
X8AESSGW,journalArticle,2009,Luciano et al.,Principal component analysis of colour measurements of patinas and coating systems for outdoor bronze monuments,Journal of Cultural Heritage,y,7 Statistics,Statistics_and_Data_Analysis,,,,high,collection-prior,0,,https://doi.org/10.1016/j.culher.2008.10.004
4X62QHR4,report,2010,Lundahl,On the choice of thesis format and on writing the ”kappa” of a thesis of publications,,,6 Thesis,Reporting_and_Publishing,,,#project/thesis,high,content(6),6,,http://pedagogiskt-arbete.educ.umu.se/@api/deki/files/100/=Monografi_eller_sammanlaggning.pdf
X9X2QSTM,journalArticle,2019,Luoranen et al.,Duration limits on field storage in closed cardboard boxes before planting of Norway spruce and Scots pine container seedlings in different planting seasons,Forests,y,0 Articles / 2 Long night treatment | 0 Articles / 4 DLI and supplementary light,Forest_Seedling_Production,,"Chlorophyll_Fluorescence, Frost_Hardiness_and_Freezing_Tests, Photoperiod_and_Dormancy_Induction",#species/picea-abies #species/pinus-sylvestris #region/norway #region/finland #region/nordic,medium,"content-over-collection(Photoperiod_and_Dormancy_Induction -> Forest_Seedling_Production, 7)",7,Chlorophyll_Fluorescence,https://doi.org/10.3390/f10121126
ITGV38YQ,journalArticle,2005,Luoranen et al.,Extending the planting period of dormant and growing Norway spruce container seedlings to early summer,,,0 Articles / 2 Long night treatment,Forest_Regeneration,,"Frost_Hardiness_and_Freezing_Tests, Photoperiod_and_Dormancy_Induction",#species/picea-abies #region/norway,high,manual:extending the planting period,2,,
XBYJURBZ,journalArticle,2022,Luoranen et al.,Factors affecting winter damage and recovery of newly planted Norway spruce seedlings in boreal forests,Forest Ecology and Management,y,,Forest_Regeneration,,Climate_Change,#species/picea-abies #region/norway #region/finland,medium,content-weak(5),5,Climate_Change,https://doi.org/10.1016/j.foreco.2021.119759
IY9C86YA,journalArticle,2012,Luoranen et al.,"Frost hardiness, carbohydrates and bud morphology of  Picea abies  seedlings after different lengths of freezer storage",Scandinavian Journal of Forest Research,y,0 Articles / 2 Long night treatment | 0 Articles / 4 DLI and supplementary light,Frost_Hardiness_and_Freezing_Tests,,"Plant_Carbon_and_Water_Relations, Photoperiod_and_Dormancy_Induction, Lighting_Strategy_and_Control",#species/picea-abies #region/norway #region/nordic,high,"content-over-collection(Photoperiod_and_Dormancy_Induction -> Frost_Hardiness_and_Freezing_Tests, 10)",10,Plant_Carbon_and_Water_Relations,https://doi.org/10.1080/02827581.2012.666566
A9P7CV62,journalArticle,2018,Luoranen et al.,"Seedling, planting site and weather factors affecting the success of autumn plantings in Norway spruce and Scots pine seedlings",Forest Ecology and Management,y,0 Articles / 4 DLI and supplementary light | 1 Forestry / 1.1 Seedling Performance,Lighting_Strategy_and_Control,,"PV_in_Nordic_Climates, Forest_Seedling_Production",#species/picea-abies #species/pinus-sylvestris #region/norway #region/finland,medium,collection-prior,4,PV_in_Nordic_Climates,https://doi.org/10.1016/j.foreco.2018.03.040
NZY6JENM,book,2003,Luque & Hegedus,Handbook of Photovoltaic Science and Engineering,John Wiley & Sons,y,5 Photovoltaics / 5.2 PV components / 5.2.1 PV cells and modules,PV_Cell_and_Module_Technologies,,PV_System_Performance,,high,collection-prior,5,PV_System_Performance,http://www.amazon.com/Handbook-Photovoltaic-Science-Engineering-Antonio/dp/0471491969/ref=pd_sim_sbs_b_4?ie=UTF8&refRID=0HKZXDAP2NCSGX5PPTQD
VAD39575,thesis,2018,Luthander,Self-Consumption of Photovoltaic Electricity in Residential Buildings,,y,5 Photovoltaics / 5.1 PV general data / 5.1.2 PV-Sweden,Building_Integrated_PV,,PV_in_Nordic_Climates,#region/sweden #project/msc-thesis/4-14,medium,"content-over-collection(PV_in_Nordic_Climates -> Building_Integrated_PV, 6)",6,,http://urn.kb.se/resolve?urn=urn:nbn:se:uu:diva-362819
58WST3UE,book,2010,Lynn,Electricity from Sunlight: An Introduction to Photovoltaics,John Wiley & Sons,,5 Photovoltaics / 5.3 PV systems design,PV_Cell_and_Module_Technologies,,"PV_System_Performance, PV_Electrical_Design_and_Inverters",#project/msc-thesis,high,manual:introduction to photovoltaics,0,,http://www.amazon.de/dp/0470745606
N2KXRX2X,conferencePaper,,MacGregor & Hachem,Cold-Climate Supermarket attached Greenhouse: A Case Study,,,2 Controlled Environment Agriculture / 2.1 Greenhouses and Growth chambers | 2 Controlled Environment Agriculture,Greenhouse_Horticulture,,,,high,collection-prior,4,,http://www.uibcongres.org/imgdb//archivo_dpo25405.pdf
TYWW4LNL,journalArticle,,MacKay,"Information Theory, Inference, and Learning Algorithms",,,7 Statistics,Statistics_and_Data_Analysis,,,,high,collection-prior,0,,
TCGS29UP,conferencePaper,2015,Madon et al.,Energy Yield Estimation of Monofacial and Bifacial Solar Modules,WIP,y,5 Photovoltaics / 5.2 PV components / 5.2.3 Bifacial,PV_System_Performance,,Bifacial_PV_and_Albedo,,medium,"content-over-collection(Bifacial_PV_and_Albedo -> PV_System_Performance, 7)",7,Bifacial_PV_and_Albedo,https://doi.org/10.4229/EUPVSEC20152015-5DO.11.1
JYQW7XRQ,journalArticle,2016,Maghami et al.,Power loss due to soiling on solar panel: A review,Renewable and Sustainable Energy Reviews,,5 Photovoltaics / 5.5 PV Losses / 5.5.6 Soiling and Snow,PV_Degradation_and_Reliability,,PV_in_Nordic_Climates,,medium,"content-over-collection(PV_in_Nordic_Climates -> PV_Degradation_and_Reliability, 6)",6,,
QKJ8R76E,journalArticle,2017,Mahdavian & Wattanapongsakorn,Optimizing Greenhouse Lighting for Advanced Agriculture Based on Real Time Electricity Market Price,Mathematical Problems in Engineering,y,0 Articles / 4 DLI and supplementary light,Lighting_Strategy_and_Control,,Horticultural_Lighting,,medium,collection-prior,4,Horticultural_Lighting,https://doi.org/10.1155/2017/6862038
QZSFNCZV,journalArticle,2017,Makibar et al.,On the relation between battery size and PV power ramp rate limitation,Solar Energy,y,5 Photovoltaics / 5.10 PV ramp control,PV_Forecasting_and_Ramp_Control,,Energy_Storage,,high,content(10),10,Energy_Storage,https://doi.org/10.1016/j.solener.2016.11.039
H3U2RKXX,journalArticle,2017,Malmqvist et al.,Differences in bud burst timing and bud freezing tolerance among interior and coastal seed sources of Douglas fir,Trees,y,0 Articles / 2 Long night treatment,Frost_Hardiness_and_Freezing_Tests,,"Climate_Change, Photoperiod_and_Dormancy_Induction",#species/picea-abies #region/sweden #region/norway #region/nordic,high,"content-over-collection(Photoperiod_and_Dormancy_Induction -> Frost_Hardiness_and_Freezing_Tests, 12)",12,Climate_Change,https://doi.org/10.1007/s00468-017-1603-x
YL6EDVZL,journalArticle,2017,Malmqvist et al.,Storability and freezing tolerance of Douglas fir and Norway spruce seedlings grown in mid-Sweden,Scandinavian Journal of Forest Research,y,0 Articles / 2 Long night treatment,Forest_Seedling_Production,,"Frost_Hardiness_and_Freezing_Tests, Photoperiod_and_Dormancy_Induction",#species/picea-abies #region/sweden #region/norway #region/nordic,high,"content-over-collection(Photoperiod_and_Dormancy_Induction -> Forest_Seedling_Production, 14)",14,Frost_Hardiness_and_Freezing_Tests,https://doi.org/10.1080/02827581.2016.1183704
RCQTH2XF,journalArticle,2022,Ma Lu et al.,Photosynthetically active radiation decomposition models for agrivoltaic systems applications,Solar Energy,y,5 Photovoltaics / 5.3 PV systems design / 5.3.3 Agrivoltaics,Solar_Radiation_Modelling,,Agrivoltaics,#region/sweden,high,"content-over-collection(Agrivoltaics -> Solar_Radiation_Modelling, 14)",14,Agrivoltaics,https://doi.org/10.1016/j.solener.2022.05.046
M6U7S586,conferencePaper,2013,Ma et al.,Molybdenum (Mo) back contacts for CIGS solar cells,,y,5 Photovoltaics / 5.2 PV components / 5.2.1 PV cells and modules,Thin_Film_Solar_Cells,,PV_Cell_and_Module_Technologies,,high,"content-over-collection(PV_Cell_and_Module_Technologies -> Thin_Film_Solar_Cells, 15)",15,PV_Cell_and_Module_Technologies,https://doi.org/10.1117/12.2053498
EEYK9TK5,book,1997,Manaker,"Interior Plantscapes: Installation, Maintenance, and Management",Prentice Hall,y,0 Articles / 1 Ligh Spectra and Light Intensity / Light Intensity and gas exchange,Photosynthesis_and_Gas_Exchange,,Light_Quality_and_Photomorphogenesis,,high,collection-prior,0,,
E6NR9DP7,bookSection,1994,Mancinelli,The physiology of phytochrome action,Photomorphogenesis in Plants,y,,Light_Quality_and_Photomorphogenesis,,,,high,content(14),14,Forest_Seedling_Production,https://doi.org/10.1007/978-94-011-1884-2_10
5VF65IQP,bookSection,2015,Mangiafico,Nested Anova,An R Companion for the Handbook of Biological Statistics,,7 Statistics,Statistics_and_Data_Analysis,,,,high,content(7),7,,https://rcompanion.org/rcompanion/d_07.html
J3RS7C3G,bookSection,2016,Mangiafico,Repeated Measures ANOVA,Summary and Analysis of Extension Program Evaluation in R,,7 Statistics,Statistics_and_Data_Analysis,,,,high,content(12),12,,https://rcompanion.org/handbook/I_09.html
694TU7IJ,bookSection,2016,Mangiafico,What are Least Square Means?,Summary and Analysis of Extension Program Evaluation in R,,7 Statistics,Statistics_and_Data_Analysis,,,,high,collection-prior,0,,https://rcompanion.org/handbook/G_05.html
QUY99UH7,journalArticle,2013,Man et al.,Light-use efficiency and photosynthetic capacity of northern White-cedar ( Thuja occidentalis  l.) cuttings originated from layering and seed,North. J. Appl. For.,,1 Forestry / 1.1 Seedling Performance / 1.1.2 Gas Ex. and Ch. F.,Photosynthesis_and_Gas_Exchange,,Chlorophyll_Fluorescence,,high,content(8),8,,
UUGAPC8Y,journalArticle,2007,Månsson et al.,Quantitative estimates of tree species selectivity by moose (Alces alces) in a forest landscape,Scandinavian Journal of Forest Research,y,1 Forestry / 2 Forest regeneration,Forest_Damage_and_Herbivory,,Forest_Regeneration,#project/course-reading #species/pinus-sylvestris #species/betula #region/nordic,medium,"content-over-collection(Forest_Regeneration -> Forest_Damage_and_Herbivory, 6)",6,Permitting_and_Environmental_Assessment,https://doi.org/10.1080/02827580701515023
WM6WTZRX,journalArticle,2019,Maraveas,Environmental Sustainability of Greenhouse Covering Materials,Sustainability,y,0 Articles / 5 Agrivoltacis / Energy calculation,Greenhouse_Horticulture,,"PAR_and_Spectral_Radiation, Solar_Radiation_Modelling",#project/light-model,high,"content-over-collection(PAR_and_Spectral_Radiation -> Greenhouse_Horticulture, 10)",10,PAR_and_Spectral_Radiation,https://doi.org/10.3390/su11216129
DGEFFFN7,conferencePaper,2005,Marcelis et al.,Quantification of the growth response to light quantity of greenhouse grown crops,,,0 Articles / 1 Ligh Spectra and Light Intensity / Light Intensity and gas exchange,Photosynthesis_and_Gas_Exchange,,Light_Quality_and_Photomorphogenesis,,medium,collection-prior,4,,
V29ZRJHV,journalArticle,2014,Marcos et al.,Storage requirements for PV power ramp-rate control,Solar Energy,y,5 Photovoltaics / 5.10 PV ramp control,PV_Forecasting_and_Ramp_Control,,Energy_Storage,,high,content(10),10,Energy_Storage,https://doi.org/10.1016/j.solener.2013.10.037
DWCYTKIV,journalArticle,2009,Marfo & Dang,Interactive effects of carbon dioxide concentration and light on the morphological and biomass characteristics of black spruce and white spruce seedlings,Botany,,1 Forestry / 1.1 Seedling Performance / 1.1.2 Gas Ex. and Ch. F.,Photosynthesis_and_Gas_Exchange,,Chlorophyll_Fluorescence,,medium,collection-prior,2,Light_Quality_and_Photomorphogenesis,
K6FD625T,journalArticle,2014,Margono et al.,Primary forest cover loss in Indonesia over 2000-2012,Nat. Clim. Chang.,y,4 Energy / Water and population | 1 Forestry | 4 Energy,Unsorted,,"Climate_Change, Agriculture",#needs-topic,medium,collection-prior,3,Greenhouse_Horticulture,https://doi.org/10.1038/nclimate2277
QXG8P76X,conferencePaper,2008,Marion,Comparison of predictive models for photovoltaic module performance,,y,5 Photovoltaics / 5.4 PV Performance and Monitoring,PV_System_Performance,,,#project/msc-thesis/4-2,high,collection-prior,2,Solar_Radiation_Modelling,https://doi.org/10.1109/PVSC.2008.4922586
GVSILHEG,journalArticle,2013,Marion et al.,Measured and modeled photovoltaic system energy losses from snow for Colorado and Wisconsin locations,Solar Energy,y,5 Photovoltaics / 5.5 PV Losses / 5.5.6 Soiling and Snow | 5 Photovoltaics / 5.0 TÜV Mustergutachten,PV_in_Nordic_Climates,,"PV_Degradation_and_Reliability, Solar_Radiation_Modelling",,medium,collection-prior,4,PV_in_Nordic_Climates,https://doi.org/10.1016/j.solener.2013.07.029
DD8Y3Y8M,journalArticle,2014,Marks,Vertical farming growing up in a big way,New Sci.,y,2 Controlled Environment Agriculture / 2.2 Vertical Farming | 2 Controlled Environment Agriculture,Vertical_Farming_and_Urban_Agriculture,,,,high,content(6),6,,https://doi.org/10.1016/S0262-4079(14)60124-X
BKJEZPMI,book,2003,Markvart & Castaner,Practical Handbook of Photovoltaics: Fundamentals and Applications,Elsevier Science & Technology,,5 Photovoltaics / 5.3 PV systems design,PV_Electrical_Design_and_Inverters,,PV_System_Performance,#project/msc-thesis,high,collection-prior,0,,http://www.amazon.de/dp/1856173909
6STVDZU3,book,2004,Markvart & Castaner,"Solar Cells: Materials, Manufacture and Operation",Elsevier Science & Technology,,5 Photovoltaics / 5.2 PV components / 5.2.1 PV cells and modules,PV_Cell_and_Module_Technologies,,,,high,collection-prior,4,,http://www.amazon.de/dp/1856174573
HEIIHR5J,book,2000,,Solar Electricity,Wiley,,5 Photovoltaics / 5.3 PV systems design,PV_Cell_and_Module_Technologies,,"PV_System_Performance, PV_Electrical_Design_and_Inverters",#project/msc-thesis,high,manual:Solar Electricity textbook,0,,http://www.amazon.com/dp/0471988537
T8V4KIWG,journalArticle,2015,Marras et al.,Light needs for seed germination and early development of seedlings in cork oak ( Quercus suber  L.).,"International Conference: Reforestation Challenges, Belgrade, Serbia, 3-6 June 2015. Proceedings",y,0 Articles / 4 DLI and supplementary light / 03 LED seedling cultivation,Horticultural_Lighting,,"Photoperiod_and_Dormancy_Induction, Forest_Seedling_Production",,medium,collection-prior,3,Photoperiod_and_Dormancy_Induction,https://www.cabdirect.org/cabdirect/abstract/20173097273
8LBW4Q2C,conferencePaper,2013,Marras et al.,"ZEPHYR Project: Phase I, Morphogenetic effects of LED lights on seedlings growth",,y,2 Controlled Environment Agriculture / 2.4 Zephyr Project | 3 Photobiology / LED for Plants,Horticultural_Lighting,,Forest_Seedling_Production,#project/zephyr,medium,"content-over-collection(Forest_Seedling_Production -> Horticultural_Lighting, 6)",6,Forest_Seedling_Production,https://doi.org/10.13140/2.1.3452.3523
APKE4XMA,journalArticle,2001,Martin & Ruiz,Calculation of the PV modules angular losses under field conditions by means of an analytical model,Sol. Energy Mater. Sol. Cells,y,5 Photovoltaics / 5.5 PV Losses / 5.5.1 Angular losses,PV_System_Performance,,"PV_Standards_and_Measurement, Solar_Radiation_Modelling",,medium,collection-prior,3,PV_Standards_and_Measurement,https://doi.org/10.1016/S0927-0248(00)00408-6
9N6FRCMN,journalArticle,2014,Martin et al.,Energy at life's origin,Science,,,Unsorted,,,#needs-topic,low,no-signal,0,,https://doi.org/10.1126/science.1251653
XDDYVX62,journalArticle,2019,Martin & Molin,Environmental Assessment of an Urban Vertical Hydroponic Farming System in Sweden,Sustainability,y,0 Articles / 4 DLI and supplementary light,Vertical_Farming_and_Urban_Agriculture,,"PV_Economics_and_LCA, Lighting_Strategy_and_Control",#region/sweden,high,"content-over-collection(Lighting_Strategy_and_Control -> Vertical_Farming_and_Urban_Agriculture, 15)",15,PV_Economics_and_LCA,https://doi.org/10.3390/su11154124
UXG5XGSG,journalArticle,2010,Martínez-Moreno et al.,Experimental model to estimate shading losses on PV arrays,Sol. Energy Mater. Sol. Cells,y,5 Photovoltaics / 5.5 PV Losses / 5.5.2 Shading losses,PV_Shading_and_Mismatch,,,,high,content(9),9,PV_Cell_and_Module_Technologies,https://doi.org/10.1016/j.solmat.2010.07.029
34TSWHA8,book,2009,Martin,"Handbook of Deposition Technologies for Films and Coatings: Science, Applications and Technology",William Andrew,y,5 Photovoltaics / 5.2 PV components / 5.2.1 PV cells and modules,Thin_Film_Solar_Cells,,PV_Cell_and_Module_Technologies,,high,manual:deposition technologies handbook,3,Thin_Film_Solar_Cells,http://books.google.se/books?id=k9mXGyFPFGoC
FZIT4W56,journalArticle,2007,Martz et al.,Effects of ultraviolet (UV) exclusion on the seasonal concentration of photosynthetic and UV-screening pigments in Scots pine needles,Global Change Biology,y,0 Articles / 3 Light shock,Photoinhibition_and_Light_Stress,,Photosynthesis_and_Gas_Exchange,#species/pinus-sylvestris #region/finland,high,collection-prior,5,Photosynthesis_and_Gas_Exchange,https://doi.org/10.1111/j.1365-2486.2006.01275.x
TKK59YBB,journalArticle,2015,Marucci et al.,Analysis of internal shading degree to a prototype of dynamics photovoltaic greenhouse through simulation software,Journal of Agricultural Engineering,,0 Articles / 5 Agrivoltacis / Solar Greenhouse,PV_Greenhouses,,"Greenhouse_Horticulture, Agrivoltaics",,high,content(6),6,Greenhouse_Horticulture,https://doi.org/10.4081/jae.2015.483
6Y28LPVD,journalArticle,2017,Marucci et al.,Analysis of the internal shading in a photovoltaic greenhouse tunnel,Journal of Agricultural Engineering,,0 Articles / 5 Agrivoltacis,PV_Greenhouses,,"Greenhouse_Horticulture, Agrivoltaics",,medium,"content-over-collection(Agrivoltaics -> PV_Greenhouses, 6)",6,Greenhouse_Horticulture,https://doi.org/10.4081/jae.2017.622
ZLABMRKB,journalArticle,2008,Massa et al.,Plant productivity in response to LED lighting,HortScience,y,0 Articles / 4 DLI and supplementary light / 03 LED seedling cultivation / 3.1 Importance of LEDs | 0 Articles / 1 Ligh Spectra and Light Intensity / Light spectra and field trial | 0 Articles / 1 Ligh Spectra and Light Intensity | 2 Controlled Environment Agriculture / 2.2 Vertical Farming,Light_Quality_and_Photomorphogenesis,,"Horticultural_Lighting, Vertical_Farming_and_Urban_Agriculture",,high,"content-over-collection(Horticultural_Lighting -> Light_Quality_and_Photomorphogenesis, 13)",13,Horticultural_Lighting,http://hortsci.ashspublications.org/content/43/7/1951
Q6P8VGWL,bookSection,2010,Mattox,Chapter 6 - Vacuum Evaporation and Vacuum Deposition,Handbook of Physical Vapor Deposition (PVD) Processing (Second Edition),y,5 Photovoltaics / 5.2 PV components / 5.2.1 PV cells and modules,Thin_Film_Solar_Cells,,PV_Cell_and_Module_Technologies,,high,"content-over-collection(PV_Cell_and_Module_Technologies -> Thin_Film_Solar_Cells, 9)",9,Radiometry_and_Photometry,http://www.sciencedirect.com/science/article/pii/B978081552037500006X
UP69SRAV,bookSection,2010,Mattox,Chapter 7 - Physical Sputtering and Sputter Deposition (Sputtering),Handbook of Physical Vapor Deposition (PVD) Processing (Second Edition),y,5 Photovoltaics / 5.2 PV components / 5.2.1 PV cells and modules,Thin_Film_Solar_Cells,,PV_Cell_and_Module_Technologies,,medium,"content-over-collection(PV_Cell_and_Module_Technologies -> Thin_Film_Solar_Cells, 6)",6,Radiometry_and_Photometry,http://www.sciencedirect.com/science/article/pii/B9780815520375000071
QSWX8Z6L,report,2014,Mattson,Greenhouse Lightning,,,2 Controlled Environment Agriculture / 2.1 Greenhouses and Growth chambers | 3 Photobiology / Spectra | 2 Controlled Environment Agriculture,Greenhouse_Horticulture,,Light_Quality_and_Photomorphogenesis,,high,collection-prior,4,,http://www.greenhouse.cornell.edu/structures/factsheets/Greenhouse%20Lighting.pdf
MRHQZNDV,journalArticle,1986,Mattsson & Troeng,Effects of different overwinter storage regimes on shoot growth and net photosynthetic capacity in  Pinus sylvestris  seedlings,Scand. J. For. Res.,,0 Articles / 2 Long night treatment | 1 Forestry / 1.1 Seedling Performance,Photosynthesis_and_Gas_Exchange,,"Frost_Hardiness_and_Freezing_Tests, Photoperiod_and_Dormancy_Induction, Forest_Seedling_Production",#species/pinus-sylvestris,high,"content-over-collection(Photoperiod_and_Dormancy_Induction -> Photosynthesis_and_Gas_Exchange, 11)",11,Frost_Hardiness_and_Freezing_Tests,https://doi.org/10.1080/02827588609382402
X2JFJWYQ,book,1982,Mattsson,Odlingsmiljö: En analys av 80-talets växthus för produktion av skogsplantor,Sveriges Lantbruksuniversitet,,,Greenhouse_Horticulture,,,,high,content(6),6,,
CBMF5DT3,journalArticle,1997,Mattsson,Predicting field performance using seedling quality assessment,New Forests,y,0 Articles / 1 Ligh Spectra and Light Intensity / Light spectra and field trial | 1 Forestry / 1.1 Seedling Performance / 1.1.3 RGC | 0 Articles / 2 Long night treatment | 0 Articles / 4 DLI and supplementary light | 1 Forestry / 1.1 Seedling Performance,Forest_Seedling_Production,,"Chlorophyll_Fluorescence, Light_Quality_and_Photomorphogenesis, Photoperiod_and_Dormancy_Induction",,high,"content-over-collection(Light_Quality_and_Photomorphogenesis -> Forest_Seedling_Production, 15)",15,Chlorophyll_Fluorescence,https://doi.org/10.1023/A:1006590409595
FHSERLT9,journalArticle,2016,Mattsson,Reforestation challenges in Scandinavia,REFORESTA,,0 Articles / 2 Long night treatment,Forest_Regeneration,,"Climate_Change, Frost_Hardiness_and_Freezing_Tests, Photoperiod_and_Dormancy_Induction",#region/nordic,medium,"content-over-collection(Photoperiod_and_Dormancy_Induction -> Forest_Regeneration, 6)",6,Climate_Change,https://doi.org/10.21750/REFOR.1.05.5
B9VSS46Q,journalArticle,2005,Mattsson,Regeneration practices in Scandinavia: State-of-the-art and new trends,The Thin Green Line,,0 Articles / 2 Long night treatment,Forest_Regeneration,,"Frost_Hardiness_and_Freezing_Tests, Photoperiod_and_Dormancy_Induction",#region/nordic,high,manual:Scandinavian regeneration practice,4,,
Z8UZ6TL8,journalArticle,1991,Mattsson,Root growth capacity and field performance of  Pinus sylvestris  and  Picea abies  seedlings,Scand. J. For. Res.,,0 Articles / 1 Ligh Spectra and Light Intensity / Light spectra and field trial | 1 Forestry / 1.1 Seedling Performance / 1.1.3 RGC | 0 Articles / 2 Long night treatment | 0 Articles / 4 DLI and supplementary light | 1 Forestry / 1.1 Seedling Performance,Forest_Seedling_Production,,"Light_Quality_and_Photomorphogenesis, Photoperiod_and_Dormancy_Induction, Lighting_Strategy_and_Control",#species/picea-abies #species/pinus-sylvestris,high,"content-over-collection(Light_Quality_and_Photomorphogenesis -> Forest_Seedling_Production, 12)",12,PV_System_Performance,https://doi.org/10.1080/02827589109382653
CAUNMVS2,bookSection,1998,Mattsson & Lasheikki,"Root growth in Siberian larch ( Larix Sibirica Ledeb. ) seedlings seasonal variations and effects of various growing regimes, prolonged cold storage and soil te","Root Demographics and Their Efficiencies in Sustainable Agriculture, Grasslands and Forest Ecosystems",y,0 Articles / 1 Ligh Spectra and Light Intensity / Light spectra and field trial | 1 Forestry / 1.1 Seedling Performance / 1.1.3 RGC | 1 Forestry / 1.1 Seedling Performance,Forest_Seedling_Production,,Light_Quality_and_Photomorphogenesis,,high,manual:root growth in larch seedlings,6,Forest_Seedling_Production,https://link.springer.com/chapter/10.1007/978-94-011-5270-9_6
WCDL7PI8,journalArticle,1986,Mattsson,Seasonal variation in root growth capacity during cultivation of container grown  Pinus sylvestris  seedlings,Scand. J. For. Res.,,0 Articles / 1 Ligh Spectra and Light Intensity / Light spectra and field trial | 1 Forestry / 1.1 Seedling Performance / 1.1.3 RGC | 0 Articles / 2 Long night treatment | 1 Forestry / 1.1 Seedling Performance,Forest_Seedling_Production,,"Light_Quality_and_Photomorphogenesis, Photoperiod_and_Dormancy_Induction",#species/pinus-sylvestris,medium,"content-over-collection(Light_Quality_and_Photomorphogenesis -> Forest_Seedling_Production, 8)",8,,https://doi.org/10.1080/02827588609382438
VACKE5HZ,journalArticle,2010,Mattsson et al.,Use of innovative technology for the production of high-quality forest regeneration materials,Scand. J. For. Res.,y,0 Articles / 1 Ligh Spectra and Light Intensity | 0 Articles / 4 DLI and supplementary light,Light_Quality_and_Photomorphogenesis,,"Forest_Seedling_Production, Horticultural_Lighting, Lighting_Strategy_and_Control",,medium,collection-prior,4,Forest_Seedling_Production,https://doi.org/10.1080/02827581.2010.485825
HJPE2QVJ,report,2015,Mattsson et al.,ZEPHYR Project – Deliverable D7.6: Articles and peer-reviewed papers,,y,2 Controlled Environment Agriculture / 2.4 Zephyr Project | 6 Thesis / Own publications,Forest_Seedling_Production,,Horticultural_Lighting,#project/zephyr #project/own-publications,high,collection-prior,0,,http://du.diva-portal.org/smash/record.jsf?aq2=%5B%5B%5D%5D&c=15&af=%5B%5D&searchType=SIMPLE&query=&language=en&pid=diva2%3A925567&aq=%5B%5B%7B%22personId%22%3A%22mhv+OR+0000-0001-6805-2112%22%7D%5D%5D&sf=all&aqe=%5B%5D&sortOrder=author_sort_asc&onlyFullText=false&noOfRows=50&dswid=-8919
QQ4KEZ6L,journalArticle,2000,Maxwell & Johnson,Chlorophyll fluorescence—a practical guide,J. Exp. Bot.,y,1 Forestry / 1.1 Seedling Performance / 1.1.2 Gas Ex. and Ch. F.,Chlorophyll_Fluorescence,,Photosynthesis_and_Gas_Exchange,,high,"content-over-collection(Photosynthesis_and_Gas_Exchange -> Chlorophyll_Fluorescence, 10)",10,,https://doi.org/10.1093/jexbot/51.345.659
L7873EA6,journalArticle,1987,McCreary & Duryea,"Predicting field performance of Douglas-fir seedlings: comparison of root growth potential, vigor and plant moisture stress",New Forests,,1 Forestry / 1.1 Seedling Performance / 1.1.3 RGC,Forest_Seedling_Production,,Forest_Regeneration,,high,content(15),15,Forest_Regeneration,
PY2INV97,journalArticle,1978,McCreary et al.,Regulation of Douglas-fir Seedling Growth and Hardiness by Controlling Photoperiod,Forest Science,y,0 Articles / 2 Long night treatment,Photoperiod_and_Dormancy_Induction,,Frost_Hardiness_and_Freezing_Tests,,high,content(9),9,Frost_Hardiness_and_Freezing_Tests,https://doi.org/10.1093/forestscience/24.2.142
UIEFDBXY,journalArticle,1971,McCree,"The action spectrum, absorptance and quantum yield of photosynthesis in crop plants",Agric. Meteorol.,y,0 Articles / 1 Ligh Spectra and Light Intensity / Light spectra and field trial | 3 Photobiology / Spectra,Photosynthesis_and_Gas_Exchange,,"PAR_and_Spectral_Radiation, Forest_Seedling_Production, Light_Quality_and_Photomorphogenesis",,medium,"content-over-collection(Light_Quality_and_Photomorphogenesis -> Photosynthesis_and_Gas_Exchange, 6)",6,PAR_and_Spectral_Radiation,https://doi.org/10.1016/0002-1571(71)90022-7
DXVZ7QB2,journalArticle,1973,McCree,The measurement of photosynthetically active radiation,Solar Energy,y,0 Articles / 1 Ligh Spectra and Light Intensity / Light spectra and field trial | 3 Photobiology / Spectra,PAR_and_Spectral_Radiation,,"Indoor_PV_and_Energy_Harvesting, Forest_Seedling_Production, Light_Quality_and_Photomorphogenesis",,medium,"content-over-collection(Light_Quality_and_Photomorphogenesis -> PAR_and_Spectral_Radiation, 6)",6,Indoor_PV_and_Energy_Harvesting,https://doi.org/10.1016/0038-092X(73)90010-8
8235WT33,bookSection,1981,McCree,Photosynthetically Active Radiation,Physiological Plant Ecology I,,3 Photobiology / Spectra,PAR_and_Spectral_Radiation,,Light_Quality_and_Photomorphogenesis,,medium,"content-over-collection(Light_Quality_and_Photomorphogenesis -> PAR_and_Spectral_Radiation, 6)",6,Photosynthesis_and_Gas_Exchange,http://link.springer.com/chapter/10.1007/978-3-642-68090-8_3
P4YMR3RM,journalArticle,1972,McCree,Test of current definitions of photosynthetically active radiation against leaf photosynthesis data,Agric. Meteorol.,y,3 Photobiology / Spectra,PAR_and_Spectral_Radiation,,"Photosynthesis_and_Gas_Exchange, Light_Quality_and_Photomorphogenesis",,medium,"content-over-collection(Light_Quality_and_Photomorphogenesis -> PAR_and_Spectral_Radiation, 6)",6,Photosynthesis_and_Gas_Exchange,https://doi.org/10.1016/0002-1571(72)90045-3
PA366355,book,2014,McDonald,Handbook of Biological Statistics,Sparky House Publishing,,7 Statistics,Statistics_and_Data_Analysis,,,,high,collection-prior,2,,http://www.biostathandbook.com/HandbookBioStatThird.pdf
9KN94ARJ,bookSection,2003,McDonald,Light and pigments,Photobiology of higher plants,y,0 Articles / 3 Light shock,Photoinhibition_and_Light_Stress,,Photosynthesis_and_Gas_Exchange,,medium,collection-prior,3,Photosynthesis_and_Gas_Exchange,
VDEI3QQT,book,2003,McDonald,Photobiology of higher plants,John Wiley & Sons,y,0 Articles / 3 Light shock,Photoinhibition_and_Light_Stress,,Photosynthesis_and_Gas_Exchange,,medium,collection-prior,3,Photosynthesis_and_Gas_Exchange,
VLPFF3U6,bookSection,2003,McDonald,Photosynthesis - physiological and environmental factors,Photobiology of Higher Plants,y,0 Articles / 3 Light shock,Photoinhibition_and_Light_Stress,,Photosynthesis_and_Gas_Exchange,,medium,collection-prior,3,Photosynthesis_and_Gas_Exchange,
MGPHNUGH,journalArticle,2019,McDonald et al.,Quantifying the colour loss of green field pea (Pisum sativum L.) due to bleaching,PLOS ONE,y,0 Articles / 6 Image and color analysis,Plant_Phenotyping_and_Image_Analysis,,PV_Standards_and_Measurement,,high,collection-prior,5,PV_Standards_and_Measurement,https://doi.org/10.1371/journal.pone.0221523
PCZMKUDY,journalArticle,1992,McKay,Electrolyte leakage from fine roots of conifer seedlings: a rapid index of plant vitality following cold storage,Canadian Journal of Forest Research,y,0 Articles / 2 Long night treatment | 1 Forestry / 1.1 Seedling Performance,Frost_Hardiness_and_Freezing_Tests,,"Forest_Seedling_Production, Photoperiod_and_Dormancy_Induction",,high,"content-over-collection(Photoperiod_and_Dormancy_Induction -> Frost_Hardiness_and_Freezing_Tests, 10)",10,Forest_Seedling_Production,https://doi.org/10.1139/x92-182
7Q72HTFK,journalArticle,2009,McKenzie et al.,UV Radiation: Balancing Risks and Benefits†,Photochemistry and Photobiology,y,0 Articles / 3 Light shock,Photoinhibition_and_Light_Stress,,Photosynthesis_and_Gas_Exchange,,medium,collection-prior,2,Photosynthesis_and_Gas_Exchange,https://doi.org/10.1111/j.1751-1097.2008.00400.x
XWCRISCY,journalArticle,1997,McMaster & Wilhelm,"Growing degree-days: one equation, two interpretations",Agricultural and Forest Meteorology,y,,Frost_Hardiness_and_Freezing_Tests,Phenology and Thermal Time,,#needs-topic,high,content(6),6,Agriculture,https://doi.org/10.1016/S0168-1923(97)00027-0
WANZ4X6B,conferencePaper,1980,McMinn,Root growth capacity and field performance of various types and sizes of white spruce stock following outplanting in the central interior of British Columbia,,,1 Forestry / 1.1 Seedling Performance / 1.1.3 RGC,Forest_Seedling_Production,,Forest_Regeneration,,high,content(16),16,Forest_Regeneration,
EVQ3QBX8,journalArticle,1973,Measures et al.,Variability of Plant Growth Within Controlled-Environment Chambers as Related to Temperature and Light Distribution,Canadian Journal of Plant Science,y,0 Articles / 2 Long night treatment | 7 Statistics / Growth chambers,Greenhouse_Horticulture,,"Frost_Hardiness_and_Freezing_Tests, Photoperiod_and_Dormancy_Induction",,high,manual:growth chamber uniformity,2,,https://doi.org/10.4141/cjps73-038
4EMIZZDA,journalArticle,1980,Mecherikunnel & Richmond,Spectral distribution of solar radiation,NASA STI/Recon Technical Report N,,4 Energy / 4.1 Solar Radiation | 4 Energy,PAR_and_Spectral_Radiation,,Solar_Radiation_Modelling,,medium,"content-over-collection(Solar_Radiation_Modelling -> PAR_and_Spectral_Radiation, 6)",6,Solar_Radiation_Modelling,http://adsabs.harvard.edu/abs/1980STIN...8125028M
YQK7FXPD,book,1976,Meinel,Applied Solar Energy,Addison Wesley Publishing Co.,,4 Energy,Unsorted,,,#needs-topic,low,no-signal,0,,
VAQMQ3EV,journalArticle,2018,Meinen et al.,Growing fresh food on future space missions: Environmental conditions and crop management,Scientia Horticulturae,y,2 Controlled Environment Agriculture / 2.2 Vertical Farming,Vertical_Farming_and_Urban_Agriculture,,,,medium,collection-prior,3,Agriculture,https://doi.org/10.1016/j.scienta.2018.03.002
TBGLIQ5W,journalArticle,2014,Menezes et al.,Estimating the energy consumption and power demand of small power equipment in office buildings,Energy and Buildings,y,5 Photovoltaics,Building_Integrated_PV,,,,high,manual:office plug loads; building energy candidate,1,,https://doi.org/10.1016/j.enbuild.2014.02.011
RIKBCTWK,journalArticle,2009,Merilo et al.,Changes in needle nitrogen partitioning and photosynthesis during 80 years of tree ontogeny in  Picea abies ,Trees,y,1 Forestry / 1.1 Seedling Performance / 1.1.2 Gas Ex. and Ch. F.,Photosynthesis_and_Gas_Exchange,,Chlorophyll_Fluorescence,#species/picea-abies #region/norway,high,collection-prior,2,,https://doi.org/10.1007/s00468-009-0337-9
J49YS2GX,journalArticle,2006,Merkle et al.,Light quality treatments enhance somatic seedling production in three southern pine species,Tree Physiology,y,0 Articles / 4 DLI and supplementary light / 03 LED seedling cultivation,Light_Quality_and_Photomorphogenesis,,"Forest_Seedling_Production, Horticultural_Lighting",,medium,"content-over-collection(Horticultural_Lighting -> Light_Quality_and_Photomorphogenesis, 6)",6,Forest_Seedling_Production,https://doi.org/10.1093/treephys/26.2.187
R3FINTEU,conferencePaper,2012,Mermoud,"Optimization of Row-Arrangement in PV Systems, Shading Loss Evaluations According to Module Positioning and Connexions",,y,5 Photovoltaics / 5.5 PV Losses / 5.5.2 Shading losses,PV_Shading_and_Mismatch,,Bifacial_PV_and_Albedo,,high,content(9),9,Bifacial_PV_and_Albedo,https://doi.org/10.4229/27thEUPVSEC2012-5AV.1.46
EVN8TDRM,conferencePaper,2010,Mermoud & Lejeune,Partial shadings on pv arrays: by-pass diode benefits analysis,,,5 Photovoltaics / 5.5 PV Losses / 5.5.2 Shading losses,PV_Shading_and_Mismatch,,,,high,content(6),6,,http://www.cuepe.ch/html/biblio/pdf/Shadings_Article_Valence2010.pdf
EAFHHMFC,journalArticle,2014,Mermoud & Wittmer,PVSYST 6 - User's Manual,,,5 Photovoltaics / 5.0 TÜV Mustergutachten | 5 Photovoltaics / 5.6 PV software,PV_Modelling_Tools,,"PV_System_Performance, Solar_Radiation_Modelling",,medium,"content-over-collection(Solar_Radiation_Modelling -> PV_Modelling_Tools, 6)",6,,http://www.pvsyst.com/images/pdf/PVsyst_Tutorials.pdf
RJ9T5YV4,journalArticle,2014,Mermoud & Wittmer,A Tool to Optimize the Layout of Ground-Based PV Installations Taking into Account the Economic Boundary Conditions,29th European Photovoltaic Solar Energy Conference and Exhibition,y,5 Photovoltaics / 5.3 PV systems design,Site_Layout_and_Civil_Design,,"PV_System_Performance, PV_Electrical_Design_and_Inverters",,high,manual:ground-based layout optimisation tool,3,PV_System_Performance,https://doi.org/10.4229/EUPVSEC20142014-5DV.3.61
9AD5SEPG,book,2003,Messenger & Ventre,Photovoltaic Systems Engineering,Taylor & Francis,y,5 Photovoltaics / 5.3 PV systems design,PV_Electrical_Design_and_Inverters,,"Building_Integrated_PV, PV_System_Performance",#project/msc-thesis,high,manual:systems engineering textbook,6,Building_Integrated_PV,http://books.google.de/books?id=XiOeYrhyVlEC
PYGHKWUF,webpage,2012,Meteocontrol,Energy & Weather Services,,,4 Energy / 4.1 Solar Radiation | 5 Photovoltaics / 5.6 PV software | 4 Energy,Solar_and_Weather_Data,,"Solar_Radiation_Modelling, PV_Modelling_Tools",,high,manual:Meteocontrol is a weather data service,0,,http://www.meteocontrol.de/
BJAJ5R2T,computerProgram,2016,,MeteoNorm,,y,5 Photovoltaics / 5.0 TÜV Mustergutachten | 6 Thesis / Material and equipment used,Solar_and_Weather_Data,,"PV_System_Performance, Solar_Radiation_Modelling",#project/thesis #type/tool,medium,"content-over-collection(Solar_Radiation_Modelling -> Solar_and_Weather_Data, 6)",6,,http://www.meteonorm.com/en/
79488T2I,report,2017,Meydbray & Dross,PV Module Reliability Scorecard,,y,5 Photovoltaics / 5.4 PV Performance and Monitoring,PV_Degradation_and_Reliability,,PV_System_Performance,#project/msc-thesis/4-2,medium,"content-over-collection(PV_System_Performance -> PV_Degradation_and_Reliability, 6)",6,,https://www.dnvgl.com/https://www.dnvgl.com/news/dnv-gl-releases-2017-pv-module-reliability-scorecard-93447
T7TUNDEM,report,2017,Michiel Van Noord et al.,Snöpåverkan på solelproduktion,,y,5 Photovoltaics / 5.5 PV Losses / 5.5.6 Soiling and Snow,PV_in_Nordic_Climates,,PV_Degradation_and_Reliability,,high,collection-prior,0,,https://energiforsk.se/program/solel/rapporter/snopaverkan-pa-solelproduktion-2017-382/
TKFSWMJP,journalArticle,2021,Michiel van Noord et al.,Snow-Induced PV Loss Modeling Using Production-Data Inferred PV System Models,Energies,y,5 Photovoltaics / 5.5 PV Losses / 5.5.6 Soiling and Snow,PV_in_Nordic_Climates,,PV_Degradation_and_Reliability,#region/sweden,medium,collection-prior,4,PV_Degradation_and_Reliability,https://doi.org/10.3390/en14061574
TDCRP6YX,patent,,,Apparatus for forming thin-film heterojunction solar cells employing materials selected from the class of I-III-VI2 chalcopyrite compounds,,y,5 Photovoltaics / 5.2 PV components / 5.2.1 PV cells and modules,Thin_Film_Solar_Cells,,PV_Cell_and_Module_Technologies,,high,manual:chalcopyrite deposition apparatus patent,10,Thin_Film_Solar_Cells,
Y5A8P3ZD,webpage,,,About MidiFlex | Midiflex,,,1 Forestry / 2 Forest regeneration,Forest_Regeneration,,,,high,collection-prior,0,,http://midiflex.se/index.php?q=en/about-midiflex
WKHPRTAJ,journalArticle,2004,Millar & Anderson,Remedies for pseudoreplication,Fisheries Research,y,7 Statistics,Statistics_and_Data_Analysis,,,,high,content(10),10,,https://doi.org/10.1016/j.fishres.2004.08.016
Y25CLZSU,journalArticle,2001,Miller et al.,Using growing degree days to predict plant stages,"Ag/Extension Communications Coordinator, Communications Services, Montana State University-Bozeman, Bozeman, MO",,,Frost_Hardiness_and_Freezing_Tests,Phenology and Thermal Time,,#needs-topic,high,content(6),6,,
SYTRTIT3,journalArticle,2014,Milner et al.,To feed or not to feed? Evidence of the intended and unintended effects of feeding wild ungulates: Effects of Feeding Ungulates,The Journal of Wildlife Management,y,1 Forestry / 2 Forest regeneration,Forest_Regeneration,,,,high,collection-prior,0,,https://doi.org/10.1002/jwmg.798
7DLWVFBS,journalArticle,2018,Milotta et al.,Munsell Color Specification using ARCA (Automatic Recognition of Color for Archaeology),Journal on Computing and Cultural Heritage,y,0 Articles / 6 Image and color analysis / Image analysis and Phenotyping,Plant_Phenotyping_and_Image_Analysis,,,,high,collection-prior,0,,https://doi.org/10.1145/3216463
J4FI27JQ,journalArticle,2000,Minemoto et al.,Preparation of Zn1−xMgxO films by radio frequency magnetron sputtering,Thin Solid Films,y,5 Photovoltaics / 5.2 PV components / 5.2.1 PV cells and modules,Thin_Film_Solar_Cells,,PV_Cell_and_Module_Technologies,,medium,"content-over-collection(PV_Cell_and_Module_Technologies -> Thin_Film_Solar_Cells, 6)",6,PV_Cell_and_Module_Technologies,https://doi.org/10.1016/S0040-6090(00)01009-9
4ZCYLPL4,journalArticle,2014,Minnaert & Veelaert,A Proposal for Typical Artificial Light Sources for the Characterization of Indoor Photovoltaic Applications,Energies,y,5 Photovoltaics / 5.4 PV Performance and Monitoring,Indoor_PV_and_Energy_Harvesting,,"PV_Cell_and_Module_Technologies, PV_System_Performance",#project/msc-thesis/4-2,high,"content-over-collection(PV_System_Performance -> Indoor_PV_and_Energy_Harvesting, 14)",14,PV_Cell_and_Module_Technologies,https://doi.org/10.3390/en7031500
56PWGZHK,journalArticle,1999,Mitchell et al.,Interspecific and environmentally induced variation in foliar dark respiration among eighteen southeastern deciduous tree species,Tree Physiology,y,0 Articles / 1 Ligh Spectra and Light Intensity / Light Intensity and gas exchange / G.Ex - Light response curves,Photosynthesis_and_Gas_Exchange,,,,high,collection-prior,0,,
B3AJWR6S,journalArticle,2012,Mitchell et al.,LEDs: The future of greenhouse lighting!,Chronica Horticulturae,y,0 Articles / 1 Ligh Spectra and Light Intensity / Light spectra and field trial | 0 Articles / 1 Ligh Spectra and Light Intensity | 3 Photobiology / LED for Plants,Horticultural_Lighting,,"Greenhouse_Horticulture, Forest_Seedling_Production, Light_Quality_and_Photomorphogenesis",,medium,"content-over-collection(Light_Quality_and_Photomorphogenesis -> Horticultural_Lighting, 6)",6,Greenhouse_Horticulture,http://www.actahort.org/chronica/pdf/ch5201.pdf
YGUL7F23,bookSection,2015,Mitchell et al.,Light-emitting diodes in horticulture,Horticultural Reviews,y,0 Articles / 1 Ligh Spectra and Light Intensity / Light Intensity and gas exchange | 0 Articles / 1 Ligh Spectra and Light Intensity / Light spectra and field trial,Light_Quality_and_Photomorphogenesis,,"Horticultural_Lighting, Photosynthesis_and_Gas_Exchange",,high,"content-over-collection(Photosynthesis_and_Gas_Exchange -> Light_Quality_and_Photomorphogenesis, 15)",15,Horticultural_Lighting,
7EG3IXDM,bookSection,2017,Mitchell et al.,Sole-Source Lighting for Controlled Environment Agriculture,Light Management in Controlled Environments,y,,Greenhouse_Horticulture,,,,low,content-faint(2),2,,
6ZG49CN8,journalArticle,2006,Moe et al.,The use of artificial light in year round production of greenhouse crops in Norway,Acta Horticulturae,y,,Lighting_Strategy_and_Control,,Greenhouse_Horticulture,#region/norway,high,content(8),8,Greenhouse_Horticulture,https://doi.org/10.17660/ActaHortic.2006.711.2
BNA9E9DY,journalArticle,1995,Mohammed et al.,Chlorophyll fluorescence: a review of its practical forestry applications and instrumentation,Scand. J. For. Res.,,1 Forestry / 1.1 Seedling Performance / 1.1.2 Gas Ex. and Ch. F. | 0 Articles / 2 Long night treatment,Chlorophyll_Fluorescence,,"Photosynthesis_and_Gas_Exchange, Photoperiod_and_Dormancy_Induction",,high,"content-over-collection(Photosynthesis_and_Gas_Exchange -> Chlorophyll_Fluorescence, 10)",10,,
BDC5V23W,bookSection,1995,Mohr & Schopfer,The Leaf as a Photosynthetic System,Plant Physiology,y,0 Articles / 0 Thesis,Photosynthesis_and_Gas_Exchange,,,#project/thesis #project/msc-thesis,high,manual:the leaf as a photosynthetic system,3,Photosynthesis_and_Gas_Exchange,https://doi.org/10.1007/978-3-642-97570-7_14
PV36PV49,thesis,2013,Mohtavi Heravi,Waste heat heated greenhouses,,y,2 Controlled Environment Agriculture / 2.1 Greenhouses and Growth chambers | 2 Controlled Environment Agriculture / 2.2 Vertical Farming | 2 Controlled Environment Agriculture,Greenhouse_Horticulture,,Vertical_Farming_and_Urban_Agriculture,,high,content(10),10,,http://www.diva-portal.org/smash/record.jsf?pid=diva2%3A679407&dswid=-6818
HQJW6YUM,journalArticle,2018,Moles,Being John Harper: Using evolutionary ideas to improve understanding of global patterns in plant traits,Journal of Ecology,,1 Forestry / 2 Forest regeneration,Forest_Regeneration,,,#project/course-reading,high,collection-prior,0,,https://doi.org/10.1111/1365-2745.12887
74TY7QXK,journalArticle,2004,Moles & Westoby,What do seedlings die from and what are the implications for evolution of seed size?,Oikos,,1 Forestry / 2 Forest regeneration,Forest_Regeneration,,,,medium,collection-prior,2,,https://doi.org/10.1111/j.0030-1299.2004.13101.x
4KB95UF5,report,2018,Molin & Martin,Assessing the energy and environmental performance of vertical hydroponic farming,,y,2 Controlled Environment Agriculture / 2.2 Vertical Farming,Vertical_Farming_and_Urban_Agriculture,,Horticultural_Lighting,#region/sweden,high,content(12),12,Horticultural_Lighting,https://www.ivl.se/sidor/publikationer/publikation.html?id=5552
HMVU645F,journalArticle,2018,Molin et al.,Experimental Yield Study of Bifacial PV Modules in Nordic Conditions,IEEE Journal of Photovoltaics,y,5 Photovoltaics / 5.5 PV Losses / 5.5.7 Albedo,Bifacial_PV_and_Albedo,,PV_in_Nordic_Climates,#region/sweden #region/nordic,high,content(9),9,PV_in_Nordic_Climates,https://doi.org/10.1109/JPHOTOV.2018.2865168
D3PHK23X,report,2018,Molin & Martin,Reviewing the energy and environmental performance of vertical farming systems in urban environments,,y,0 Articles / 4 DLI and supplementary light,Vertical_Farming_and_Urban_Agriculture,,Lighting_Strategy_and_Control,#region/sweden,medium,"content-over-collection(Lighting_Strategy_and_Control -> Vertical_Farming_and_Urban_Agriculture, 6)",6,PV_System_Performance,https://www.ivl.se/download/18.2aa2697816097278807e72d/1522310465773/C298.pdf
M7Q7SZXD,journalArticle,2018,Molin et al.,Simulation of Bifacial PV Modules in Nordic Conditions for Low and High Albedo,35th European Photovoltaic Solar Energy Conference and Exhibition,y,5 Photovoltaics / 5.5 PV Losses / 5.5.7 Albedo,Bifacial_PV_and_Albedo,,PV_in_Nordic_Climates,#region/nordic,high,content(12),12,PV_in_Nordic_Climates,https://doi.org/10.4229/35thEUPVSEC20182018-6BO.8.6
5FM6XVBC,journalArticle,2006,Mølmann et al.,"Effects of red, far-red and blue light in maintaining growth in latitudinal populations of Norway spruce ( Picea abies )","Plant, Cell & Environment",y,0 Articles / 1 Ligh Spectra and Light Intensity / Light spectra and field trial | 0 Articles / 4 DLI and supplementary light / 03 LED seedling cultivation | 0 Articles / 4 DLI and supplementary light,Light_Quality_and_Photomorphogenesis,,"Photoperiod_and_Dormancy_Induction, Forest_Seedling_Production, Horticultural_Lighting",#species/picea-abies #region/norway,high,content(18),18,Photoperiod_and_Dormancy_Induction,https://doi.org/10.1111/j.1365-3040.2005.01408.x
NFHNFFLG,journalArticle,2007,Mondol et al.,The effect of low insolation conditions and inverter oversizing on the long-term performance of a grid-connected photovoltaic system,Prog. Photovoltaics Res. Appl.,y,5 Photovoltaics / 5.2 PV components / 5.2.2 Inverters and batteries,PV_Electrical_Design_and_Inverters,,"Solar_Radiation_Modelling, Energy_Storage",,high,content(12),12,Solar_Radiation_Modelling,https://doi.org/10.1002/pip.742
VWDHC398,journalArticle,2016,Montagnoli et al.,Non-destructive phenotypic analysis of early stage tree seedling growth using an automated stereovision imaging method,Frontiers in Plant Science,y,0 Articles / 1 Ligh Spectra and Light Intensity / Light spectra and field trial | 0 Articles / 4 DLI and supplementary light / 03 LED seedling cultivation | 0 Articles / 6 Image and color analysis / Image analysis and Phenotyping | 2 Controlled Environment Agriculture,Plant_Phenotyping_and_Image_Analysis,,"Forest_Seedling_Production, Light_Quality_and_Photomorphogenesis, Horticultural_Lighting",#species/picea-abies #species/pinus-sylvestris,high,"content-over-collection(Light_Quality_and_Photomorphogenesis -> Plant_Phenotyping_and_Image_Analysis, 15)",15,Forest_Seedling_Production,https://doi.org/10.3389/fpls.2016.01644
S92GTISR,journalArticle,2018,Montagnoli et al.,Tree seedling response to LED spectra: implications for forest restoration,Plant Biosystems - An International Journal Dealing with all Aspects of Plant Biology,y,0 Articles / 1 Ligh Spectra and Light Intensity / Light spectra and field trial / R:FR | 0 Articles / 4 DLI and supplementary light / 03 LED seedling cultivation | 0 Articles / 2 Long night treatment | 0 Articles / 4 DLI and supplementary light,Light_Quality_and_Photomorphogenesis,,"Horticultural_Lighting, Photoperiod_and_Dormancy_Induction, Lighting_Strategy_and_Control",#species/picea-abies #species/pinus-sylvestris,high,content(12),12,Horticultural_Lighting,https://doi.org/10.1080/11263504.2018.1435583
56ICWM7B,journalArticle,1977,Monteith & Moss,Climate and the Efficiency of Crop Production in Britain [and Discussion],"Philosophical Transactions of the Royal Society of London. Series B, Biological Sciences",y,0 Articles / 4 DLI and supplementary light,Lighting_Strategy_and_Control,,,,medium,collection-prior,3,Agriculture,http://www.jstor.org/stable/2417832
896I5LXW,conferencePaper,2011,Montero et al.,Greenhouse engineering: New technologies and approaches,,y,0 Articles / 5 Agrivoltacis / Solar Greenhouse | 0 Articles / 4 DLI and supplementary light | 2 Controlled Environment Agriculture / 2.1 Greenhouses and Growth chambers | 2 Controlled Environment Agriculture,PV_Greenhouses,,"Greenhouse_Horticulture, Agrivoltaics, Lighting_Strategy_and_Control",#region/netherlands,medium,collection-prior,4,Agriculture,http://edepot.wur.nl/169019
V2E6MPJQ,journalArticle,2017,Montero et al.,Productivity of a building-integrated roof top greenhouse in a Mediterranean climate,Agricultural Systems,y,0 Articles / 4 DLI and supplementary light,Building_Integrated_PV,,"Agriculture, Lighting_Strategy_and_Control",,medium,"content-over-collection(Lighting_Strategy_and_Control -> Building_Integrated_PV, 6)",6,Agriculture,https://doi.org/10.1016/j.agsy.2017.08.002
8XE8H8ZW,bookSection,2006,Morales et al.,"Photoinhibition and photoprotection under nutrient deficiencies, drought and salinity","Photoprotection, Photoinhibition, Gene Regulation, and Environment",y,0 Articles / 3 Light shock | 3 Photobiology / Spectra,Photoinhibition_and_Light_Stress,,"Photosynthesis_and_Gas_Exchange, Light_Quality_and_Photomorphogenesis",,high,content(15),15,Photosynthesis_and_Gas_Exchange,http://link.springer.com/chapter/10.1007/1-4020-3579-9_6
5CZJS3P7,journalArticle,1974,Morel & Smith,Relation between total quanta and total energy for aquatic photosynthesis,Limnology and Oceanography,y,0 Articles / 5 Agrivoltacis / Energy calculation | 0 Articles / 4 DLI and supplementary light,PAR_and_Spectral_Radiation,,"Solar_Radiation_Modelling, Lighting_Strategy_and_Control",,high,content(9),9,Photosynthesis_and_Gas_Exchange,https://doi.org/10.4319/lo.1974.19.4.0591
KMD2R4VB,journalArticle,2018,Morgan Pattison et al.,LED lighting efficacy: Status and directions,Comptes Rendus Physique,y,0 Articles / 5 Agrivoltacis / Energy calculation,Horticultural_Lighting,,"Solar_Radiation_Modelling, PAR_and_Spectral_Radiation",,high,"content-over-collection(PAR_and_Spectral_Radiation -> Horticultural_Lighting, 17)",17,PV_System_Performance,https://doi.org/10.1016/j.crhy.2017.10.013
IPDVVIF9,journalArticle,2008,Morrow,LED Lighting in Horticulture,HortScience,y,0 Articles / 1 Ligh Spectra and Light Intensity / Light spectra and field trial | 0 Articles / 4 DLI and supplementary light / 02 Dynamic control | 0 Articles / 1 Ligh Spectra and Light Intensity | 3 Photobiology / LED for Plants,Horticultural_Lighting,,"Lighting_Strategy_and_Control, Forest_Seedling_Production, Light_Quality_and_Photomorphogenesis",,high,"content-over-collection(Light_Quality_and_Photomorphogenesis -> Horticultural_Lighting, 19)",19,Lighting_Strategy_and_Control,https://doi.org/10.21273/HORTSCI.43.7.1947
8J8Z6T7I,journalArticle,1988,Mortensen & Sandvik,Light quality and growth of Norway spruce ( Picea abies  (L.)),New Forests,y,0 Articles / 1 Ligh Spectra and Light Intensity / Light spectra and field trial,Light_Quality_and_Photomorphogenesis,,Forest_Seedling_Production,#species/picea-abies #region/norway,high,content(12),12,Greenhouse_Horticulture,https://doi.org/10.1007/BF00027944
PJ7Y8YJ7,report,2016,Moser et al.,Technical risks in PV projects - Report on technical risks in PV project development and PV plant operation,,,5 Photovoltaics / 5.4 PV Performance and Monitoring,PV_System_Performance,,,#project/msc-thesis/4-2,high,collection-prior,0,,http://www.solarbankability.org/fileadmin/sites/www/files/documents/D1.1_2.1_Technical_risks_in_PV_projects.pdf
8CUSR5MM,journalArticle,2001,Mõttus et al.,Experimental study of ratio of PAR to direct integral solar radiation under cloudless conditions,Agricultural and Forest Meteorology,y,0 Articles / 5 Agrivoltacis / Energy calculation,PAR_and_Spectral_Radiation,,Solar_Radiation_Modelling,#project/light-model,high,content(9),9,Solar_Radiation_Modelling,https://doi.org/10.1016/S0168-1923(01)00269-6
XYEF28C5,journalArticle,2002,Mouget & Tremblin,"Suitability of the Fluorescence Monitoring System (FMS, Hansatech) for measurement of photosynthetic characteristics in algae",Aquat. Bot.,y,1 Forestry / 1.1 Seedling Performance / 1.1.2 Gas Ex. and Ch. F.,Photosynthesis_and_Gas_Exchange,,"PV_System_Performance, Chlorophyll_Fluorescence",,medium,collection-prior,4,PV_System_Performance,https://doi.org/10.1016/S0304-3770(02)00104-3
DKW7GJLC,conferencePaper,2014,Moumouni et al.,"Power ""smoothing"" of a commercial-size photovoltaic system by an energy storage system",,y,5 Photovoltaics / 5.10 PV ramp control,PV_Forecasting_and_Ramp_Control,,Energy_Storage,,high,content(10),10,Energy_Storage,https://doi.org/10.1109/ICHQP.2014.6842838
IB2NZF7C,webpage,,Mow,Research and Analysis Demonstrate the Lack of Impacts of Glare from Photovoltaic Modules,,y,5 Photovoltaics / 5.12 PV health risks / Reflection,Permitting_and_Environmental_Assessment,,,,high,content(6),6,,https://www.nrel.gov/state-local-tribal/blog/posts/research-and-analysis-demonstrate-the-lack-of-impacts-of-glare-from-photovoltaic-modules.html
AFYCLFAJ,journalArticle,2012,Mueller et al.,A New Algorithm for the Satellite-Based Retrieval of Solar Surface Irradiance in Spectral Bands,Remote Sensing,y,0 Articles / 5 Agrivoltacis / Energy calculation,PAR_and_Spectral_Radiation,,"Remote_Sensing, Solar_Radiation_Modelling",,medium,collection-prior,4,Remote_Sensing,https://doi.org/10.3390/rs4030622
BG89IVFB,journalArticle,2021,Müller et al.,"A comparative life cycle assessment of silicon PV modules: Impact of module design, manufacturing location and inventory",Solar Energy Materials and Solar Cells,y,5 Photovoltaics / 5.11 LCA,PV_Cell_and_Module_Technologies,,PV_Economics_and_LCA,,medium,"content-over-collection(PV_Economics_and_LCA -> PV_Cell_and_Module_Technologies, 8)",8,PV_Economics_and_LCA,https://doi.org/10.1016/j.solmat.2021.111277
YSBDZEAN,book,2013,,Best practice for tree breeding in Europe.,Skogforsk,,1 Forestry / 2 Forest regeneration,Forest_Regeneration,,,#project/course-reading,high,collection-prior,0,,
2V4ATMUZ,book,1919,Munsell,A color notation,Munsell color company,,0 Articles / 6 Image and color analysis / Image analysis and Phenotyping | 0 Articles / 6 Image and color analysis / Photobox,Plant_Phenotyping_and_Image_Analysis,,,,high,collection-prior,0,,
KHFQ56B4,journalArticle,2018,Murakami et al.,Energy cost minimization in plant factories considering weather factors using additive Bayesian networks,Journal of International Council on Electrical Engineering,y,0 Articles / 4 DLI and supplementary light,Statistics_and_Data_Analysis,,"Vertical_Farming_and_Urban_Agriculture, Lighting_Strategy_and_Control",,medium,"content-over-collection(Lighting_Strategy_and_Control -> Statistics_and_Data_Analysis, 6)",6,Vertical_Farming_and_Urban_Agriculture,https://doi.org/10.1080/22348972.2018.1477093
22PE5CKU,journalArticle,2013,Murchie & Lawson,Chlorophyll fluorescence analysis: a guide to good practice and understanding some new applications,Journal of Experimental Botany,y,1 Forestry / 1.1 Seedling Performance / 1.1.2 Gas Ex. and Ch. F.,Chlorophyll_Fluorescence,,Photosynthesis_and_Gas_Exchange,,high,"content-over-collection(Photosynthesis_and_Gas_Exchange -> Chlorophyll_Fluorescence, 10)",10,,https://doi.org/10.1093/jxb/ert208
WIGX6D86,journalArticle,2000,Myers,Color Accurate Digital Photography of Artworks,,,0 Articles / 6 Image and color analysis / Image analysis and Phenotyping,Plant_Phenotyping_and_Image_Analysis,,,,high,collection-prior,0,,http://www.rmimaging.com/information/color_accurate_photography.pdf
HD6QJ3CE,journalArticle,2016,Myking et al.,"Historic transfer of forest reproductive material in the Nordic region: drivers, scale and implications",Forestry: An International Journal of Forest Research,y,,Forest_Regeneration,,Horticultural_Lighting,#species/picea-abies #species/pinus-sylvestris #region/sweden #region/norway #region/finland #region/nordic,medium,content-weak(5),5,Horticultural_Lighting,https://doi.org/10.1093/forestry/cpw020
8AHLZEBA,journalArticle,2017,Nadal et al.,Building-integrated rooftop greenhouses: An energy and environmental assessment in the mediterranean context,Applied Energy,y,0 Articles / 4 DLI and supplementary light,Building_Integrated_PV,,"Greenhouse_Horticulture, Lighting_Strategy_and_Control",,high,"content-over-collection(Lighting_Strategy_and_Control -> Building_Integrated_PV, 12)",12,Greenhouse_Horticulture,https://doi.org/10.1016/j.apenergy.2016.11.051
V5LMWBSX,conferencePaper,1990,Nann & Riordan,Solar spectral irradiance under overcast skies [solar cell performance effects],,y,4 Energy / 4.1 Solar Radiation | 4 Energy,PAR_and_Spectral_Radiation,,"PV_Cell_and_Module_Technologies, Solar_Radiation_Modelling",,medium,"content-over-collection(Solar_Radiation_Modelling -> PAR_and_Spectral_Radiation, 6)",6,PV_Cell_and_Module_Technologies,https://doi.org/10.1109/PVSC.1990.111789
QSBBXN9R,webpage,,NASA,Surface meteorology and Solar Energy,,y,4 Energy / 4.1 Solar Radiation | 5 Photovoltaics / 5.0 TÜV Mustergutachten | 4 Energy,Solar_and_Weather_Data,,Solar_Radiation_Modelling,,high,manual:NASA SSE data portal,0,,https://eosweb.larc.nasa.gov/sse/
NEGKZD2Q,webpage,,,Natural Earth - Free vector and raster map data,,,0 Articles / 4 DLI and supplementary light / 06 Data,Global_Datasets_and_Catalogs,,,,high,content(6),6,,https://www.naturalearthdata.com/
5CWPB352,journalArticle,2020,Navidad et al.,Subalpine fir ( Abies laciocarpa ) and Norway spruce ( Picea abies ) seedlings show different growth responses to blue light,Agronomy,y,0 Articles / 4 DLI and supplementary light / 03 LED seedling cultivation | 0 Articles / 1 Ligh Spectra and Light Intensity | 0 Articles / 4 DLI and supplementary light,Light_Quality_and_Photomorphogenesis,,"Horticultural_Lighting, Forest_Seedling_Production, Lighting_Strategy_and_Control",#species/picea-abies #region/norway,high,"content-over-collection(Horticultural_Lighting -> Light_Quality_and_Photomorphogenesis, 11)",11,Horticultural_Lighting,https://doi.org/10.3390/agronomy10050712
ZEESC32E,journalArticle,2015,Nelson & Bugbee,"Analysis of environmental effects on leaf temperature under sunlight, high pressure sodium and light emitting diodes",PLoS One,y,0 Articles / 1 Ligh Spectra and Light Intensity / Light Intensity and gas exchange | 0 Articles / 1 Ligh Spectra and Light Intensity / Light spectra and field trial | 0 Articles / 1 Ligh Spectra and Light Intensity | 0 Articles / 2 Long night treatment | 0 Articles / 4 DLI and supplementary light | 3 Photobiology / LED for Plants | 3 Photobiology / Spectra,Horticultural_Lighting,,"Photosynthesis_and_Gas_Exchange, Light_Quality_and_Photomorphogenesis, Photoperiod_and_Dormancy_Induction",,high,"content-over-collection(Photosynthesis_and_Gas_Exchange -> Horticultural_Lighting, 15)",15,Photosynthesis_and_Gas_Exchange,https://doi.org/10.1371/journal.pone.0138930
F2AVT4GW,journalArticle,2014,Nelson & Bugbee,Economic analysis of greenhouse lighting: Light emitting diodes vs. high intensity discharge fixtures,PLoS One,y,0 Articles / 1 Ligh Spectra and Light Intensity / Light Intensity and gas exchange | 0 Articles / 4 DLI and supplementary light / 04 Cost | 0 Articles / 5 Agrivoltacis / Energy calculation | 0 Articles / 1 Ligh Spectra and Light Intensity | 2 Controlled Environment Agriculture / 2.1 Greenhouses and Growth chambers | 3 Photobiology / LED for Plants | 2 Controlled Environment Agriculture,Horticultural_Lighting,,"Greenhouse_Horticulture, Light_Quality_and_Photomorphogenesis, Photosynthesis_and_Gas_Exchange",,high,"content-over-collection(Photosynthesis_and_Gas_Exchange -> Horticultural_Lighting, 15)",15,Greenhouse_Horticulture,https://doi.org/10.1371/journal.pone.0099010
PTSVFMMS,book,2011,Nelson,Greenhouse Operation and Management,Pearson,y,2 Controlled Environment Agriculture / 2.1 Greenhouses and Growth chambers,Greenhouse_Horticulture,,,,high,collection-prior,4,,
TGBW5Q8L,conferencePaper,2019,Neuhaus et al.,Techno-Economic Analysis of Half-Cell Modules - The Impact of Half-Cells on Module Power and Costs,WIP,y,5 Photovoltaics / 5.2 PV components / 5.2.1 PV cells and modules | 5 Photovoltaics / 5 - PV modules,PV_Economics_and_LCA,,"PV_Degradation_and_Reliability, PV_Cell_and_Module_Technologies",,high,"content-over-collection(PV_Cell_and_Module_Technologies -> PV_Economics_and_LCA, 10)",10,PV_Degradation_and_Reliability,https://doi.org/10.4229/EUPVSEC20192019-4AV.1.20
KYJF54ZB,journalArticle,1986,Neumann,Optical properties and electronic band structure of CuInSe2,Solar Cells,y,5 Photovoltaics / 5.2 PV components / 5.2.1 PV cells and modules,Thin_Film_Solar_Cells,,PV_Cell_and_Module_Technologies,,high,"content-over-collection(PV_Cell_and_Module_Technologies -> Thin_Film_Solar_Cells, 12)",12,PV_Cell_and_Module_Technologies,https://doi.org/10.1016/0379-6787(86)90092-X
ITCDXNH5,journalArticle,1943,Newhall et al.,Final Report of the O.S.A. Subcommittee on the Spacing of the Munsell Colors*,JOSA,y,0 Articles / 6 Image and color analysis / Image analysis and Phenotyping,Plant_Phenotyping_and_Image_Analysis,,,,high,collection-prior,0,,https://doi.org/10.1364/JOSA.33.000385
ZZEEWU5U,patent,,,Dynamic light recipe for horticulture,,,0 Articles / 4 DLI and supplementary light / 01 DLI / Supplementary light control,Lighting_Strategy_and_Control,,Greenhouse_Horticulture,,medium,collection-prior,3,Forest_Seedling_Production,https://patents.google.com/patent/US20160088802A1/en
TJVZ9H2U,journalArticle,2010,Nilsson et al.,Reforestation with planting in northern Europe,Scand. J. For. Res.,y,0 Articles / 1 Ligh Spectra and Light Intensity / Light spectra and field trial | 0 Articles / 0 Thesis | 0 Articles / 1 Ligh Spectra and Light Intensity | 0 Articles / 2 Long night treatment | 0 Articles / 4 DLI and supplementary light | 1 Forestry / 1.1 Seedling Performance | 1 Forestry / 2 Forest regeneration,Forest_Regeneration,,"Forest_Seedling_Production, Light_Quality_and_Photomorphogenesis, Photoperiod_and_Dormancy_Induction",#project/thesis #species/picea-abies #project/course-reading #species/pinus-sylvestris #region/sweden #region/norway #region/finland #region/nordic,high,"content-over-collection(Light_Quality_and_Photomorphogenesis -> Forest_Regeneration, 12)",12,Forest_Seedling_Production,https://doi.org/10.1080/02827581.2010.498384
9YP6J539,report,2014,Nimmermark & Nielsen,"Klimatisering, belysning, bevattning och mekanisering i växthus",,y,2 Controlled Environment Agriculture / 2.1 Greenhouses and Growth chambers | 2 Controlled Environment Agriculture / 2.2 Vertical Farming | 2 Controlled Environment Agriculture,Greenhouse_Horticulture,,"Horticultural_Lighting, Vertical_Farming_and_Urban_Agriculture",#region/finland,high,content(6),6,Horticultural_Lighting,http://pub.epsilon.slu.se/id/eprint/11933
JA6P5WWL,journalArticle,1998,Nishitani et al.,Analysis of temperature and illumination dependencies of CIS cell performance,Sol. Energy Mater. Sol. Cells,y,5 Photovoltaics / 5.2 PV components / 5.2.1 PV cells and modules,Thin_Film_Solar_Cells,,PV_Cell_and_Module_Technologies,,high,"content-over-collection(PV_Cell_and_Module_Technologies -> Thin_Film_Solar_Cells, 11)",11,PV_Cell_and_Module_Technologies,https://doi.org/10.1016/S0927-0248(97)00123-2
5UPBQK2S,webpage,2010,NOAA Earth System Research Laboratory,Solar Geometry Calculator,,y,4 Energy / 4.1 Solar Radiation | 4 Energy,Solar_Radiation_Modelling,,,,high,content(6),6,,http://www.esrl.noaa.gov/gmd/grad/neubrew/SolarCalc.jsp
Q4CYBRLQ,computerProgram,2019,,danforthcenter/plantcv: PlantCV v3.2.0,,y,0 Articles / 6 Image and color analysis / Image analysis and Phenotyping,Plant_Phenotyping_and_Image_Analysis,,,#type/tool,high,content(6),6,Agriculture,https://zenodo.org/record/2587982#.XJIMbShKg2w
FSDDRE43,webpage,2017,Nord Pool AS,Historical Market Data,,,0 Articles / 1 Ligh Spectra and Light Intensity / Light Intensity and gas exchange,Photosynthesis_and_Gas_Exchange,,Light_Quality_and_Photomorphogenesis,,high,collection-prior,0,,http://www.nordpoolspot.com/historical-market-data/
X7LA2IQI,journalArticle,2009,Nørgaard Nielsen & Rasmussen,Frost hardening and dehardening in  Abies procera  and other conifers under differing temperature regimes and warm-spell treatments,Forestry: An International Journal of Forest Research,y,0 Articles / 2 Long night treatment,Frost_Hardiness_and_Freezing_Tests,,"Climate_Change, Photoperiod_and_Dormancy_Induction",,high,"content-over-collection(Photoperiod_and_Dormancy_Induction -> Frost_Hardiness_and_Freezing_Tests, 11)",11,Climate_Change,https://doi.org/10.1093/forestry/cpn048
FUGPX7NN,book,2015,Normark,The art of growing forests - Holmen’s path to sustainable forest management,Holmen Skog,,0 Articles / 2 Long night treatment | 1 Forestry,Swedish_Forestry,,"Frost_Hardiness_and_Freezing_Tests, Photoperiod_and_Dormancy_Induction",,high,manual:Holmen forest management,0,,
ME6DLGGK,journalArticle,2010,Notton et al.,"Optimal sizing of a grid-connected PV system for various PV module technologies and inclinations, inverter efficiency characteristics and locations",Renewable Energy,y,5 Photovoltaics / 5.3 PV systems design,PV_Cell_and_Module_Technologies,,"PV_Electrical_Design_and_Inverters, PV_System_Performance",#project/msc-thesis,high,"content-over-collection(PV_Electrical_Design_and_Inverters -> PV_Cell_and_Module_Technologies, 9)",9,PV_Electrical_Design_and_Inverters,https://doi.org/10.1016/j.renene.2009.07.013
ZPCGIIWX,webpage,,,NREL: SMARTS - About SMARTS,,,4 Energy / 4.1 Solar Radiation | 4 Energy,Solar_Radiation_Modelling,,,,high,collection-prior,0,,http://www.nrel.gov/rredc/smarts/about.html
SWYFMIAC,webpage,,,The NSRDB Data Viewer,,,4 Energy / 4.1 Solar Radiation | 4 Energy,Solar_and_Weather_Data,,Solar_Radiation_Modelling,,high,manual:NSRDB data viewer,0,,https://maps.nrel.gov/nsrdb-viewer/#/?aL=e8KZAu%255Bv%255D%3Dt&bL=groad&cE=0&lR=0&mC=27.566721430409707%2C-87.275390625&zL=4
VN575BWT,report,1963,Nyman,Studies on the germination in seeds of Scots Pine ( Pinus silvestris  L.) with special reference to the light factor,,,0 Articles / 1 Ligh Spectra and Light Intensity / Light spectra and field trial,Light_Quality_and_Photomorphogenesis,,Forest_Seedling_Production,#species/pinus-sylvestris,high,collection-prior,0,,https://pub.epsilon.slu.se/12849/
FL6689KA,journalArticle,2001,Ögren,Effects of climatic warming on cold hardiness of some northern woody plants assessed from simulation experiments,Physiologia Plantarum,y,0 Articles / 2 Long night treatment,Frost_Hardiness_and_Freezing_Tests,,Photoperiod_and_Dormancy_Induction,#species/picea-abies #species/pinus-sylvestris #species/pinus-contorta #region/norway,high,"content-over-collection(Photoperiod_and_Dormancy_Induction -> Frost_Hardiness_and_Freezing_Tests, 12)",12,Forest_Seedling_Production,https://doi.org/10.1034/j.1399-3054.2001.1120110.x
2MLM7AAA,journalArticle,1997,Ögren et al.,Relationship between respiratory depletion of sugars and loss of cold hardiness in coniferous seedlings over-wintering at raised temperatures: indications of di,"Plant, Cell & Environment",y,0 Articles / 2 Long night treatment,Frost_Hardiness_and_Freezing_Tests,,"Plant_Carbon_and_Water_Relations, Photoperiod_and_Dormancy_Induction",#species/picea-abies #species/pinus-sylvestris #species/pinus-contorta #region/sweden #region/norway,medium,"content-over-collection(Photoperiod_and_Dormancy_Induction -> Frost_Hardiness_and_Freezing_Tests, 6)",6,Plant_Carbon_and_Water_Relations,https://doi.org/10.1046/j.1365-3040.1997.d01-56.x
FN9RBEHK,journalArticle,2014,Ohlsson et al.,UV-B exposure of indoor-grown  Picea abies  seedlings causes an epigenetic effect and selective emission of terpenes,Zeitschrift für Naturforschung C,y,0 Articles / 3 Light shock,Photoinhibition_and_Light_Stress,,Photosynthesis_and_Gas_Exchange,#species/picea-abies,medium,collection-prior,4,Forest_Seedling_Production,https://doi.org/10.1515/znc-2013-3-410
IU4R9487,book,2001,Ohring,"Materials Science of Thin Films, Second Edition",Academic Press,y,5 Photovoltaics / 5.2 PV components / 5.2.1 PV cells and modules,Thin_Film_Solar_Cells,,PV_Cell_and_Module_Technologies,,high,manual:materials science of thin films,6,,http://www.amazon.com/Materials-Science-Films-Second-Edition/dp/0125249756
N25DNL87,journalArticle,2020,Ohyama et al.,Resource Utilization Efficiencies in a Closed System with Artificial Lighting during Continuous Lettuce Production,Agronomy,y,0 Articles / 4 DLI and supplementary light,Lighting_Strategy_and_Control,,Permitting_and_Environmental_Assessment,,medium,collection-prior,3,Permitting_and_Environmental_Assessment,https://doi.org/10.3390/agronomy10050723
39PVYB9B,journalArticle,2001,Oksanen,Logic of experiments in ecology: is pseudoreplication a pseudoissue?,Oikos,y,7 Statistics,Statistics_and_Data_Analysis,,,,high,content(7),7,,https://doi.org/10.1034/j.1600-0706.2001.11311.x
53GYUM7P,bookSection,1990,Oldeman,Silvatic mosaics,Forests: Elements of silvology,y,1 Forestry,Forest_Regeneration,,,,high,"manual:silvology; eco-unit development, not PV degradation",3,,https://link.springer.com/chapter/10.1007/978-3-642-75211-7_6
LZ9KEW39,journalArticle,2018,Oliphant & Stoy,An Evaluation of Semiempirical Models for Partitioning Photosynthetically Active Radiation Into Diffuse and Direct Beam Components,Journal of Geophysical Research: Biogeosciences,y,0 Articles / 4 DLI and supplementary light / 01 DLI,PAR_and_Spectral_Radiation,,"Solar_Radiation_Modelling, Lighting_Strategy_and_Control",,medium,"content-over-collection(Lighting_Strategy_and_Control -> PAR_and_Spectral_Radiation, 6)",6,Solar_Radiation_Modelling,https://doi.org/10.1002/2017JG004370
YKVUEGXP,journalArticle,1997,Olseth & Skartveit,Spatial distribution of photosynthetically active radiation over complex topography,Agricultural and Forest Meteorology,y,0 Articles / 5 Agrivoltacis / Energy calculation,PAR_and_Spectral_Radiation,,"Bifacial_PV_and_Albedo, Solar_Radiation_Modelling",#project/light-model,high,content(6),6,Bifacial_PV_and_Albedo,https://doi.org/10.1016/S0168-1923(97)00010-5
UGWHMKCA,report,,,O&M Best Practices Guidelines 3.0,,y,5 Photovoltaics / 5.3 PV systems design,PV_Degradation_and_Reliability,,"PV_System_Performance, PV_Electrical_Design_and_Inverters",,high,manual:SolarPower Europe O&M guidelines,3,,http://www.solarpowereurope.org/om-best-practices-guidelines-3-0/
EH5AENCA,journalArticle,1993,Omi & Eggleston,Photoperiod extension with two types of light sources: effects on growth and development of conifer species,Tree planters' notes (USA),,0 Articles / 4 DLI and supplementary light / 03 LED seedling cultivation | 0 Articles / 4 DLI and supplementary light,Lighting_Strategy_and_Control,,"Photoperiod_and_Dormancy_Induction, Forest_Seedling_Production, Horticultural_Lighting",,medium,"content-over-collection(Horticultural_Lighting -> Lighting_Strategy_and_Control, 6)",6,Photoperiod_and_Dormancy_Induction,https://agris.fao.org/agris-search/search.do?recordID=US9508091
2BS27B6H,journalArticle,2016,Ooms et al.,Photon management for augmented photosynthesis,Nature Communications,y,0 Articles / 1 Ligh Spectra and Light Intensity,Light_Quality_and_Photomorphogenesis,,Horticultural_Lighting,,medium,collection-prior,2,,https://doi.org/10.1038/ncomms12699
272T8ZX6,webpage,2015,OpenAG Initiative,Farming for the Future,,y,2 Controlled Environment Agriculture / 2.2 Vertical Farming | 2 Controlled Environment Agriculture,Vertical_Farming_and_Urban_Agriculture,,,,high,collection-prior,0,,http://openag.media.mit.edu/
95WYG2J6,journalArticle,1999,Örlander & Nilsson,Effect of Reforestation Methods on Pine Weevil (Hylobius abietis) Damage and Seedling Survival,Scandinavian Journal of Forest Research,y,1 Forestry / 2 Forest regeneration,Forest_Regeneration,,Forest_Damage_and_Herbivory,#project/course-reading #species/picea-abies #region/sweden #region/norway #region/nordic,high,content(11),11,Forest_Damage_and_Herbivory,https://doi.org/10.1080/02827589950152665
FC2GE6NH,journalArticle,1990,Örlander et al.,Site preparation: a Swedish overview.,"FRDA Report (Victoria, B.C.)",y,1 Forestry / 2 Forest regeneration,Forest_Regeneration,,,#project/course-reading #region/sweden,high,content(9),9,Forest_Seedling_Production,https://www.cabdirect.org/cabdirect/abstract/19950613985
WFQ4NJ32,bookSection,2006,Osmond & Förster,Photoinhibition: Then and Now,"Photoprotection, Photoinhibition, Gene Regulation, and Environment",y,0 Articles / 3 Light shock | 3 Photobiology / Spectra,Photoinhibition_and_Light_Stress,,"Photosynthesis_and_Gas_Exchange, Light_Quality_and_Photomorphogenesis",,high,content(9),9,Photosynthesis_and_Gas_Exchange,http://link.springer.com/chapter/10.1007/1-4020-3579-9_2
SQ2HWGTN,journalArticle,1986,Osterwald,Translation of device performance measurements to reference conditions,Solar cells,,5 Photovoltaics / 5.4 PV Performance and Monitoring,PV_System_Performance,,,#project/msc-thesis/4-2,high,collection-prior,2,PV_Cell_and_Module_Technologies,
9I5YCMN4,journalArticle,2015,Ouzounis et al.,Spectral Effects of Artificial Light on Plant Physiology and Secondary Metabolism: A Review,HortScience,,0 Articles / 1 Ligh Spectra and Light Intensity / Light spectra and field trial,Light_Quality_and_Photomorphogenesis,,Forest_Seedling_Production,,high,collection-prior,0,,https://doi.org/10.21273/HORTSCI.50.8.1128
PYN3YZSG,book,2010,Pallardy,Physiology of woody plants,Academic Press,,0 Articles / 1 Ligh Spectra and Light Intensity / Light Intensity and gas exchange,Photosynthesis_and_Gas_Exchange,,Light_Quality_and_Photomorphogenesis,,high,collection-prior,0,,
KIT6K6S7,journalArticle,2018,Palm & Eriksson,Residential solar electricity adoption: how households in Sweden search for and use information,"Energy, Sustainability and Society",y,5 Photovoltaics,Building_Integrated_PV,,,#region/sweden,high,content(6),6,,https://doi.org/10.1186/s13705-018-0156-1
6FGMHS5Y,conferencePaper,2014,Pamidi & Hernandez Velasco,Reducing the Impact of Forest Plant Production - Design of a Stand-Alone PV-Hybrid System for Powering an Innovative Forestry Incubator,,y,2 Controlled Environment Agriculture / 2.4 Zephyr Project | 6 Thesis / Own publications,Energy_Storage,,"Horticultural_Lighting, Forest_Seedling_Production",#project/zephyr #project/own-publications,medium,"content-over-collection(Forest_Seedling_Production -> Energy_Storage, 6)",6,Permitting_and_Environmental_Assessment,https://doi.org/10.4229/EUPVSEC20142014-6AV.5.28
8DRZZ85D,report,2013,Pamidi et al.,ZEPHYR Project – Deliverable D2.4: Technical specification for the Power system with solar panels,,y,2 Controlled Environment Agriculture / 2.4 Zephyr Project | 6 Thesis / Own publications,Forest_Seedling_Production,,Horticultural_Lighting,#project/zephyr #project/own-publications,medium,collection-prior,4,,http://du.diva-portal.org/smash/record.jsf?aq2=%5B%5B%5D%5D&c=16&af=%5B%5D&searchType=SIMPLE&query=&language=en&pid=diva2%3A925545&aq=%5B%5B%7B%22personId%22%3A%22mhv+OR+0000-0001-6805-2112%22%7D%5D%5D&sf=all&aqe=%5B%5D&sortOrder=author_sort_asc&onlyFullText=false&noOfRows=50&dswid=-696
NHLI82AA,journalArticle,2014,Pankaew et al.,Estimating hourly variation in photosynthetically active radiation across the UK using MSG SEVIRI data,IOP Conference Series: Earth and Environmental Science,y,0 Articles / 4 DLI and supplementary light / 01 DLI,PAR_and_Spectral_Radiation,,Lighting_Strategy_and_Control,,medium,"content-over-collection(Lighting_Strategy_and_Control -> PAR_and_Spectral_Radiation, 6)",6,Photosynthesis_and_Gas_Exchange,https://doi.org/10.1088/1755-1315/17/1/012069
3RGG8MDS,conferencePaper,2013,Pannuto et al.,M3: A Mm-scale Wireless Energy Harvesting Sensor Platform,ACM,,5 Photovoltaics / 5.3 PV systems design / 5.3.2 mini-PV for indoors,Indoor_PV_and_Energy_Harvesting,,PV_Cell_and_Module_Technologies,,high,"content-over-collection(PV_Cell_and_Module_Technologies -> Indoor_PV_and_Energy_Harvesting, 16)",16,PV_Cell_and_Module_Technologies,
NCN7YI3E,journalArticle,2015,Panova et al.,Scientific basis for large year-round yields of high-quality crop products under artificial lighting,Russian Agricultural Sciences,y,,Agriculture,,,,low,content-faint(2),2,,https://doi.org/10.3103/S1068367415050158
DTDAGTQL,journalArticle,1993,Papaioannou et al.,Relationships of photosynthetically active radiation and shortwave irradiance,Theoretical and Applied Climatology,y,,PAR_and_Spectral_Radiation,,Solar_Radiation_Modelling,,high,content(6),6,Solar_Radiation_Modelling,https://doi.org/10.1007/BF00864910
JWED3VQ8,journalArticle,2021,Paradiso & Proietti,Light-Quality Manipulation to Control Plant Growth and Photomorphogenesis in Greenhouse Horticulture: The State of the Art and the Opportunities of Modern LED S,Journal of Plant Growth Regulation,y,,Horticultural_Lighting,,Light_Quality_and_Photomorphogenesis,,high,content(8),8,Light_Quality_and_Photomorphogenesis,https://doi.org/10.1007/s00344-021-10337-y
EL3DBRLN,journalArticle,2012,Parducci et al.,Glacial Survival of Boreal Trees in Northern Scandinavia,Science,y,0 Articles / 1 Ligh Spectra and Light Intensity / Light Intensity and gas exchange / G.Ex - Light response curves | 0 Articles / 2 Long night treatment,Photosynthesis_and_Gas_Exchange,,Photoperiod_and_Dormancy_Induction,#region/norway #region/nordic,medium,collection-prior,3,,http://www.jstor.org/stable/41508162
HQ9YYZ2S,journalArticle,1999,Partanen & Beuker,Effects of photoperiod and thermal time on the growth rhythm of  Pinus sylvestris  seedlings,Scand. J. For. Res.,y,0 Articles / 2 Long night treatment | 1 Forestry / 1.1 Seedling Performance,Photoperiod_and_Dormancy_Induction,,"Phenology_and_Thermal_Time, Frost_Hardiness_and_Freezing_Tests, Forest_Seedling_Production",#species/pinus-sylvestris #region/sweden #region/finland,high,content(9),9,Phenology_and_Thermal_Time,https://doi.org/10.1080/02827589908540813
RX3N2672,journalArticle,2020,Pascaris et al.,A First Investigation of Agriculture Sector Perspectives on the Opportunities and Barriers for Agrivoltaics,Agronomy,y,0 Articles / 5 Agrivoltacis,Agrivoltaics,,,,high,content(6),6,Agriculture,https://doi.org/10.3390/agronomy10121885
SQQYWH4P,journalArticle,2018,Pattison et al.,"LEDs for photons, physiology and food",Nature,y,0 Articles / 4 DLI and supplementary light / 03 LED seedling cultivation / 3.1 Importance of LEDs | 0 Articles / 4 DLI and supplementary light / 04 Cost | 0 Articles / 5 Agrivoltacis / Energy calculation | 0 Articles / 1 Ligh Spectra and Light Intensity | 0 Articles / 4 DLI and supplementary light,Horticultural_Lighting,,"Lighting_Strategy_and_Control, PAR_and_Spectral_Radiation, Light_Quality_and_Photomorphogenesis",#project/light-model,high,content(8),8,,https://doi.org/10.1038/s41586-018-0706-x
SDY32FVI,journalArticle,2020,Paucek et al.,LED Lighting Systems for Horticulture: Business Growth and Global Distribution,Sustainability,y,0 Articles / 5 Agrivoltacis / Energy calculation,Horticultural_Lighting,,"Vertical_Farming_and_Urban_Agriculture, Solar_Radiation_Modelling, PAR_and_Spectral_Radiation",,high,"content-over-collection(PAR_and_Spectral_Radiation -> Horticultural_Lighting, 15)",15,Vertical_Farming_and_Urban_Agriculture,https://doi.org/10.3390/su12187516
VHSKZUVC,journalArticle,2006,Payne,New and Traditional Methods for the Analysis of Unreplicated Experiments,Crop Science,,7 Statistics,Statistics_and_Data_Analysis,,,,medium,collection-prior,1,,https://doi.org/10.2135/cropsci2006.04.0273
7E6D4RPK,journalArticle,,PCO-Qualitätsmanagement-Gmbh,BC Bewässerungscontainer,,,6 Thesis / Material and equipment used,Forest_Seedling_Production,,,#project/thesis,high,content(6),6,,http://www.bc-container.de/
QNC35ZEC,journalArticle,2009,Pearce,Expanding photovoltaic penetration with residential distributed generation from hybrid solar photovoltaic and combined heat and power systems,Energy,y,0 Articles / 4 DLI and supplementary light,Power_Systems_and_Grid_Integration,,"Energy_Storage, Lighting_Strategy_and_Control",,medium,"content-over-collection(Lighting_Strategy_and_Control -> Power_Systems_and_Grid_Integration, 7)",7,Energy_Storage,https://doi.org/10.1016/j.energy.2009.08.012
5FIAAHXY,bookSection,2000,Pearcy,Acclimation to sun and shade,Photosynthesis: A Comprehensive Treatise,y,0 Articles / 3 Light shock | 3 Photobiology / Spectra,Photoinhibition_and_Light_Stress,,"Photosynthesis_and_Gas_Exchange, Light_Quality_and_Photomorphogenesis",,high,manual:acclimation to sun and shade,6,Photosynthesis_and_Gas_Exchange,http://books.google.se/books?id=dchrR1I_m6kC
QZYXEK82,computerProgram,2021,,sf: Simple Features for R,,y,0 Articles / 4 DLI and supplementary light / 06 Data,R,,Geospatial_Python,#type/tool,high,content(6),6,Geospatial_Python,https://CRAN.R-project.org/package=sf
ELAPLY36,journalArticle,2018,Pebesma,Simple Features for R: Standardized Support for Spatial Vector Data,The R Journal,,0 Articles / 4 DLI and supplementary light / 06 Data,R,,,,high,content(6),6,,https://journal.r-project.org/archive/2018/RJ-2018-009/index.html
NZIJJ6VK,journalArticle,2019,Pennisi et al.,Resource use efficiency of indoor lettuce ( Lactuca sativa L.) cultivation as affected by red:blue ratio provided by LED lighting,Scientific Reports,y,2 Controlled Environment Agriculture / 2.2 Vertical Farming,Horticultural_Lighting,,"Photosynthesis_and_Gas_Exchange, Vertical_Farming_and_Urban_Agriculture",,high,"content-over-collection(Vertical_Farming_and_Urban_Agriculture -> Horticultural_Lighting, 9)",9,Photosynthesis_and_Gas_Exchange,https://doi.org/10.1038/s41598-019-50783-z
IKN86RQN,journalArticle,2019,Pennisi et al.,Unraveling the Role of Red:Blue LED Lights on Resource Use Efficiency and Nutritional Properties of Indoor Grown Sweet Basil,Frontiers in Plant Science,y,2 Controlled Environment Agriculture / 2.2 Vertical Farming,Horticultural_Lighting,,"Photosynthesis_and_Gas_Exchange, Vertical_Farming_and_Urban_Agriculture",,high,"content-over-collection(Vertical_Farming_and_Urban_Agriculture -> Horticultural_Lighting, 9)",9,Photosynthesis_and_Gas_Exchange,https://doi.org/10.3389/fpls.2019.00305
QRYHZUTP,journalArticle,1990,Perala & Alm,Regeneration silviculture of birch: A review,Forest Ecology and Management,y,1 Forestry / 2 Forest regeneration,Forest_Regeneration,,Forest_Damage_and_Herbivory,#species/betula,high,content(18),18,Forest_Damage_and_Herbivory,https://doi.org/10.1016/0378-1127(90)90105-K
FZ7VZ7T6,journalArticle,1990,Perala & Alm,Reproductive ecology of birch: A review,Forest Ecology and Management,y,1 Forestry / 2 Forest regeneration,Forest_Regeneration,,,#species/betula,medium,collection-prior,3,Forest_Regeneration,https://doi.org/10.1016/0378-1127(90)90104-J
GNFFFBIA,journalArticle,2012,Pérez-Alonso et al.,Performance analysis and neural modelling of a greenhouse integrated photovoltaic system,Renewable and Sustainable Energy Reviews,y,0 Articles / 5 Agrivoltacis / Solar Greenhouse | 0 Articles / 5 Agrivoltacis,PV_Greenhouses,,"Greenhouse_Horticulture, Agrivoltaics",,high,content(9),9,Greenhouse_Horticulture,https://doi.org/10.1016/j.rser.2012.04.002
35FA5LIV,journalArticle,2016,Perez-Mora et al.,XEMS13 : An Hybrid-Energy Generation Management System,IEEE eXpress,,0 Articles / 4 DLI and supplementary light,Lighting_Strategy_and_Control,,,,high,collection-prior,0,,
NZVDY55V,journalArticle,1993,Perez et al.,All-weather model for sky luminance distribution—Preliminary configuration and validation,Solar Energy,y,0 Articles / 5 Agrivoltacis / Energy calculation,Solar_Radiation_Modelling,,PAR_and_Spectral_Radiation,,high,manual:all-weather sky luminance model,2,,https://doi.org/10.1016/0038-092X(93)90017-I
PBURNGD7,thesis,2013,Perez de la Mora,Energy Storage for a Grid-Connected PV-System: A Feasibility Study,,y,0 Articles / 4 DLI and supplementary light,Energy_Storage,,Lighting_Strategy_and_Control,,medium,"content-over-collection(Lighting_Strategy_and_Control -> Energy_Storage, 6)",6,,http://www.diva-portal.org/smash/record.jsf?pid=diva2%3A642696&dswid=-7296
TXD3ITLN,journalArticle,1990,Perez et al.,Modeling daylight availability and irradiance components from direct and global irradiance,Solar Energy,y,0 Articles / 5 Agrivoltacis / Energy calculation,Solar_Radiation_Modelling,,PAR_and_Spectral_Radiation,,high,"content-over-collection(PAR_and_Spectral_Radiation -> Solar_Radiation_Modelling, 9)",9,,https://doi.org/10.1016/0038-092X(90)90055-H
U8LQMY86,journalArticle,1987,Perez et al.,A new simplified version of the perez diffuse irradiance model for tilted surfaces,Solar Energy,y,0 Articles / 5 Agrivoltacis / Energy calculation,Solar_Radiation_Modelling,,PAR_and_Spectral_Radiation,,high,"content-over-collection(PAR_and_Spectral_Radiation -> Solar_Radiation_Modelling, 18)",18,PV_System_Performance,https://doi.org/10.1016/S0038-092X(87)80031-2
M2ZFA8EL,report,2010,PERFORMANCE-FP,Guidelines for PV Power Measurement in Industry,,,5 Photovoltaics / 5.3 PV systems design,PV_Standards_and_Measurement,,"PV_System_Performance, PV_Electrical_Design_and_Inverters",#project/msc-thesis,high,manual:PV power measurement guidelines,0,,http://publications.jrc.ec.europa.eu/repository/bitstream/JRC57794/eur-24359-en.pdf
U5SEMU4T,journalArticle,2001,Perks et al.,"Chlorophyll fluorescence characteristics, performance and survival of freshly lifted and cold stored Douglas fir seedlings",Annals of Forest Science,y,0 Articles / 2 Long night treatment,Chlorophyll_Fluorescence,,"Frost_Hardiness_and_Freezing_Tests, Photoperiod_and_Dormancy_Induction",,high,"content-over-collection(Photoperiod_and_Dormancy_Induction -> Chlorophyll_Fluorescence, 10)",10,Forest_Seedling_Production,https://doi.org/10.1051/forest:2001122
GT2DL3FW,journalArticle,2012,Perpiñan Lamigueiro,solaR: Solar radiation and photovoltaic systems with R,J. Stat. Softw.,,5 Photovoltaics / 5.6 PV software,PV_Modelling_Tools,,,,medium,collection-prior,4,,
TGR5LNVM,journalArticle,2006,Perrett & Higgins,A Method for Analyzing Unreplicated Agricultural Experiments,Crop Science,,7 Statistics,Statistics_and_Data_Analysis,,,,medium,collection-prior,1,,https://doi.org/10.2135/cropsci2006.04.0255
U66NBL5L,report,2020,Persson et al.,Förutsättningar för användning av restvärme för växthusodling i Borlänge,,y,,Greenhouse_Horticulture,,,,high,content(12),12,,http://urn.kb.se/resolve?urn=urn:nbn:se:du-34928
XB84RZD9,journalArticle,2005,Petersson et al.,Soil features affecting damage to conifer seedlings by the pine weevil Hylobius abietis,Forestry: An International Journal of Forest Research,y,1 Forestry / 2 Forest regeneration,Forest_Damage_and_Herbivory,,Forest_Regeneration,#project/course-reading #species/picea-abies #region/norway,medium,"content-over-collection(Forest_Regeneration -> Forest_Damage_and_Herbivory, 6)",6,Forest_Seedling_Production,https://doi.org/10.1093/forestry/cpi008
Z3WJK63K,book,2008,Petrova-Koch et al.,High-Efficient Low-Cost Photovoltaics: Recent Developments,Springer,,5 Photovoltaics / 5.2 PV components / 5.2.1 PV cells and modules,PV_Cell_and_Module_Technologies,,,,high,collection-prior,0,,http://www.amazon.de/dp/B001VNCF9O
49VUUQM6,journalArticle,2005,Pettai et al.,Photosynthetic activity of far-red light in green plants,Biochim. Biophys. Acta,y,3 Photobiology / Spectra,Light_Quality_and_Photomorphogenesis,,Chlorophyll_Fluorescence,,high,content(6),6,Chlorophyll_Fluorescence,https://doi.org/10.1016/j.bbabio.2005.05.005
IRX82G46,journalArticle,2008,Pettersson et al.,Mini-seedlings of  Picea abies  are less attacked by  Hylobius abietis  than conventional ones: is plant chemistry the explanation?,Scand. J. For. Res.,,0 Articles / 1 Ligh Spectra and Light Intensity / Light Intensity and gas exchange | 0 Articles / 2 Long night treatment,Forest_Damage_and_Herbivory,,"Light_Quality_and_Photomorphogenesis, Photosynthesis_and_Gas_Exchange, Photoperiod_and_Dormancy_Induction",#species/picea-abies,medium,"content-over-collection(Photosynthesis_and_Gas_Exchange -> Forest_Damage_and_Herbivory, 6)",6,Forest_Seedling_Production,
DZVM5BY9,journalArticle,2017,Phillips,YaRrr! The Pirate’s Guide to R,APS Observer,y,7 Statistics,R,,Statistics_and_Data_Analysis,,medium,"content-over-collection(Statistics_and_Data_Analysis -> R, 6)",6,,https://www.psychologicalscience.org/observer/yarrr-the-pirates-guide-to-r
39XP2PLB,webpage,,,PHOTOPROTECTION of PLANTS via OPTICAL SCREENING,,,0 Articles / 3 Light shock,Photoinhibition_and_Light_Stress,,Photosynthesis_and_Gas_Exchange,,high,content(6),6,,http://photobiology.info/Solovchenko.html
K8SRSNKT,webpage,,,Photosynthesis Concepts,,,1 Forestry / 1.1 Seedling Performance / 1.1.1 Photosynthesis,Photosynthesis_and_Gas_Exchange,,Forest_Seedling_Production,,high,collection-prior,2,,http://hyperphysics.phy-astr.gsu.edu/hbase/biology/psyncon.html
G88PC2M2,journalArticle,2014,Pierik & de Wit,Shade avoidance: phytochrome signalling and other aboveground neighbour detection cues,J. Exp. Bot.,y,0 Articles / 1 Ligh Spectra and Light Intensity,Light_Quality_and_Photomorphogenesis,,Horticultural_Lighting,,high,content(20),20,PV_System_Performance,https://doi.org/10.1093/jxb/ert389
3ZSQM3CB,report,2014,Pineda et al.,Transformación del sector eléctrico mexicano - Implicaciones de la Ley de la Industria Eléctrica y la Ley de la CFE,,,5 Photovoltaics / 5.1 PV general data / 5.1.1 PV-Mexico,Electricity_Markets_and_Prices,,PV_System_Performance,#region/mexico #project/msc-thesis/4-13,high,manual:Mexican electricity sector law,0,,https://www.pwc.com/mx/es/industrias/archivo/2014-08-transformacion-sector-electrico-mexicano.pdf
2XTQXDI6,computerProgram,2021,,nlme: Linear and Nonlinear Mixed Effects Models,,y,7 Statistics,R,,Statistics_and_Data_Analysis,#type/tool,medium,"content-over-collection(Statistics_and_Data_Analysis -> R, 6)",6,Statistics_and_Data_Analysis,https://CRAN.R-project.org/package=nlme
4YAGLRPM,journalArticle,2013,Pinho et al.,Dynamic control of supplemental lighting intensity in a greenhouse environment,Light. Res. Technol.,y,0 Articles / 4 DLI and supplementary light / 01 DLI / Supplementary light control | 0 Articles / 4 DLI and supplementary light / 02 Dynamic control | 0 Articles / 1 Ligh Spectra and Light Intensity | 0 Articles / 4 DLI and supplementary light | 2 Controlled Environment Agriculture,Lighting_Strategy_and_Control,,"Greenhouse_Horticulture, Light_Quality_and_Photomorphogenesis",,high,content(12),12,Greenhouse_Horticulture,https://doi.org/10.1177/1477153512444064
9NBUS9HU,journalArticle,2012,Pinho et al.,Horticultural lighting – present and future challenges,Lighting Research & Technology,y,0 Articles / 4 DLI and supplementary light / 01 DLI / Supplementary light control,Horticultural_Lighting,,"Permitting_and_Environmental_Assessment, Greenhouse_Horticulture, Lighting_Strategy_and_Control",,medium,"content-over-collection(Lighting_Strategy_and_Control -> Horticultural_Lighting, 6)",6,Permitting_and_Environmental_Assessment,https://doi.org/10.1177/1477153511424986
C3SX8JTX,journalArticle,2016,Pinto et al.,Seedling establishment and physiological responses to temporal and spatial soil moisture changes,New Forests,y,1 Forestry / 1.1 Seedling Performance,Photosynthesis_and_Gas_Exchange,,"Forest_Regeneration, Forest_Seedling_Production",,medium,"content-over-collection(Forest_Seedling_Production -> Photosynthesis_and_Gas_Exchange, 6)",6,Forest_Regeneration,https://doi.org/10.1007/s11056-015-9511-7
LYNWMZ7F,journalArticle,1901,Planck,Ueber das Gesetz der Energieverteilung im Normalspectrum,Annalen der Physik,,,Radiometry_and_Photometry,,,,high,content(6),6,,https://doi.org/10.1002/andp.19013090310
YDMGDK3P,webpage,,,Plant Lighting Efficiency and Efficacy: μmols per joule,,y,0 Articles / 1 Ligh Spectra and Light Intensity / Light Intensity and gas exchange / DLI,Horticultural_Lighting,,Lighting_Strategy_and_Control,,medium,"content-over-collection(Lighting_Strategy_and_Control -> Horticultural_Lighting, 6)",6,Lighting_Strategy_and_Control,https://gpnmag.com/article/plant-lighting-efficiency-and-efficacy-%ce%bcmol%c2%b7j-%c2%b9/
3WZ8CU8C,journalArticle,2017,Poel & Runkle,Seedling Growth Is Similar under Supplemental Greenhouse Lighting from High-pressure Sodium Lamps or Light-emitting Diodes,HortScience,y,0 Articles / 1 Ligh Spectra and Light Intensity / Light Intensity and gas exchange | 0 Articles / 1 Ligh Spectra and Light Intensity / Light spectra and field trial,Horticultural_Lighting,,"Greenhouse_Horticulture, Light_Quality_and_Photomorphogenesis, Photosynthesis_and_Gas_Exchange",,high,"content-over-collection(Photosynthesis_and_Gas_Exchange -> Horticultural_Lighting, 15)",15,Greenhouse_Horticulture,https://doi.org/10.21273/HORTSCI11356-16
LK9QJIME,journalArticle,2017,Poel & Runkle,Spectral Effects of Supplemental Greenhouse Radiation on Growth and Flowering of Annual Bedding Plants and Vegetable Transplants,HortScience,y,0 Articles / 1 Ligh Spectra and Light Intensity / Light spectra and field trial,Horticultural_Lighting,,"Light_Quality_and_Photomorphogenesis, Forest_Seedling_Production",,high,"content-over-collection(Light_Quality_and_Photomorphogenesis -> Horticultural_Lighting, 9)",9,Light_Quality_and_Photomorphogenesis,https://doi.org/10.21273/HORTSCI12135-17
GL8XC54P,book,1980,Poincelot,Horticulture: Principles and Practical Applications,Prentice-Hall,y,0 Articles / 4 DLI and supplementary light,Lighting_Strategy_and_Control,,,,medium,collection-prior,1,,
NILUIHPU,journalArticle,2012,Poncet et al.,"Photovoltaic greenhouses, non-sense or a real opportunity for the greenhouse systems?",Acta Horticulturae,,,PV_Greenhouses,,Greenhouse_Horticulture,,high,content(6),6,Greenhouse_Horticulture,https://doi.org/10.17660/ActaHortic.2012.927.7
X5ZJTXBS,journalArticle,2019,Poorter et al.,A meta-analysis of plant responses to light intensity for 70 traits ranging from molecules to whole plant performance,New Phytologist,y,0 Articles / 4 DLI and supplementary light / 01 DLI / Supplementary light control,Lighting_Strategy_and_Control,,"Photosynthesis_and_Gas_Exchange, Greenhouse_Horticulture",,high,collection-prior,5,Photosynthesis_and_Gas_Exchange,https://doi.org/10.1111/nph.15754
GAECHY3V,journalArticle,2016,Poorter et al.,"Pampered inside, pestered outside? Differences and similarities between plants growing in controlled conditions and in the field",New Phytologist,y,0 Articles / 1 Ligh Spectra and Light Intensity / Light Intensity and gas exchange,Photosynthesis_and_Gas_Exchange,,"Lighting_Strategy_and_Control, Light_Quality_and_Photomorphogenesis",,medium,collection-prior,5,Lighting_Strategy_and_Control,https://doi.org/10.1111/nph.14243
CUM7NEH7,journalArticle,2015,Porter et al.,How well do you know your growth chambers? Testing for chamber effect using plant traits,Plant Methods,y,0 Articles / 2 Long night treatment | 7 Statistics,Photosynthesis_and_Gas_Exchange,,"Chlorophyll_Fluorescence, Frost_Hardiness_and_Freezing_Tests, Photoperiod_and_Dormancy_Induction",,high,"content-over-collection(Photoperiod_and_Dormancy_Induction -> Photosynthesis_and_Gas_Exchange, 9)",9,Chlorophyll_Fluorescence,https://doi.org/10.1186/s13007-015-0088-0
DZBELCCX,journalArticle,2004,Potcner & Kowalski,How to analyze a split-plot experiment,Quality Progress,,7 Statistics,Statistics_and_Data_Analysis,,,,high,content(6),6,,
ZENIW9MH,conferencePaper,2003,Poteri,Forest nurseries in Finland,"USDA Forest Service, Rocky Mountain Research Station",,,Forestry_and_Agriculture_Statistics,,,#region/finland,high,content(6),6,,https://rngr.net/publications/proceedings/2002/poteri.pdf
SPC3TM3L,journalArticle,1999,Potter et al.,"Light intensity, gibberellin content and the resolution of shoot growth in Brassica",Planta,y,0 Articles / 1 Ligh Spectra and Light Intensity / Light Intensity and gas exchange,Photosynthesis_and_Gas_Exchange,,Light_Quality_and_Photomorphogenesis,,medium,collection-prior,5,PV_System_Performance,https://doi.org/10.1007/s004250050510
7M6UVSZX,journalArticle,1988,Potvin & Tardif,Sources of Variability and Experimental Designs in Growth Chambers,Functional Ecology,y,7 Statistics,Statistics_and_Data_Analysis,,Greenhouse_Horticulture,,high,content(6),6,Greenhouse_Horticulture,https://doi.org/10.2307/2389472
NAX2N3A7,journalArticle,2014,Poulet et al.,Significant reduction in energy for plant-growth lighting in space using targeted LED lighting and spectral manipulation,Life Sciences in Space Research,y,0 Articles / 4 DLI and supplementary light,Horticultural_Lighting,,"Vertical_Farming_and_Urban_Agriculture, Lighting_Strategy_and_Control",,medium,"content-over-collection(Lighting_Strategy_and_Control -> Horticultural_Lighting, 6)",6,Vertical_Farming_and_Urban_Agriculture,https://doi.org/10.1016/j.lssr.2014.06.002
N2BQ5IDK,journalArticle,,,Power loss due to soiling on solar panel: A review - ScienceDirect,,,5 Photovoltaics / 5.5 PV Losses / 5.5.6 Soiling and Snow,PV_Degradation_and_Reliability,,PV_in_Nordic_Climates,,medium,"content-over-collection(PV_in_Nordic_Climates -> PV_Degradation_and_Reliability, 6)",6,,https://www-sciencedirect-com.ezproxy.its.uu.se/science/article/pii/S1364032116000745
KFMPLH7B,journalArticle,2013,PP-Systems,CIRAS-3 Portable Photosynthesis System - Technical Specification,,,6 Thesis / Material and equipment used,Photosynthesis_and_Gas_Exchange,,,#project/thesis,low,content-faint(2),2,,http://ppsystems.com/wp-content/uploads/EDSCIRAS31.pdf
U6KZXEKX,webpage,,,Products | MiaSolé,,,5 Photovoltaics / 5.2 PV components / 5.2.1 PV cells and modules,Thin_Film_Solar_Cells,,PV_Cell_and_Module_Technologies,,high,manual:CIGS manufacturer product page,0,,http://www.miasole.com/products_ms
FYMXGPEJ,webpage,,,Projektinformation,,y,,Unsorted,,,#needs-topic #region/sweden,low,no-signal,0,,https://www.energimyndigheten.se/forskning-och-innovation/projektdatabas/sokresultat/?registrationnumber=2020-009353
EPW9ISZR,webpage,2012,PVeducation,Spectral Response,,,4 Energy / 4.1 Solar Radiation | 4 Energy,PV_Cell_and_Module_Technologies,,Solar_Radiation_Modelling,,high,manual:spectral response of cells,0,,http://www.pveducation.org/pvcdrom/characterisation/spectral-response
ABMALLRX,webpage,2021,PVGIS © European Communities,JRC Photovoltaic Geographical Information System (PVGIS 5.1),,y,,Solar_and_Weather_Data,,,,high,content(6),6,,https://ec.europa.eu/jrc/en/pvgis
YT3GL2DB,webpage,,,PVMAPS: a software suite for estimating solar radiation and PV performance over geographical regions,,,5 Photovoltaics / 5.6 PV software,PV_Modelling_Tools,,,,medium,collection-prior,4,PV_System_Performance,http://re.jrc.ec.europa.eu/pvmaps/index.html
HJ2CI8HR,webpage,2012,PVsyst-SA,"Characteristics of a PV Module, model description",,,5 Photovoltaics / 5.6 PV software,PV_Modelling_Tools,,,,high,collection-prior,0,,http://files.pvsyst.com/help/index.html
U9ZQ8Q9I,computerProgram,2018,,PVsyst,,y,5 Photovoltaics / 5.0 TÜV Mustergutachten | 5 Photovoltaics / 5.6 PV software,PV_Modelling_Tools,,"PV_System_Performance, Solar_Radiation_Modelling",#type/tool,medium,"content-over-collection(Solar_Radiation_Modelling -> PV_Modelling_Tools, 6)",6,,http://www.pvsyst.com/en/
BFJ3YMGE,webpage,,,"QP D 576 QuickPot, Herkuplast-Kubern",,y,6 Thesis / Material and equipment used,Forest_Seedling_Production,,,#project/thesis,high,content(6),6,,http://www.herkuplast.com/en/program/QuickPot/Danish/QP%2BD%2B576.html
YUR8LCCR,book,1996,Quaschning,Simulation der Abschattungsverluste bei solarelektrischen Systemen,Köster,y,5 Photovoltaics / 5.5 PV Losses / 5.5.2 Shading losses,PV_Shading_and_Mismatch,,,,medium,collection-prior,5,PV_Cell_and_Module_Technologies,http://www.volker-quaschning.de/downloads/abschattungsverluste.pdf
HWUPUPGX,book,2005,Quaschning,Understanding Renewable Energy Systems,Earthscan,,4 Energy / 1.4 Wind energy in forest | 4 Energy,Energy_Transition_and_Scenarios,,Swedish_Forestry,,high,collection-prior,0,,http://www.amazon.de/dp/1844071286
9QPI2VQC,journalArticle,2018,Radetsky,LED and HID horticultural luminaire testing report,"Lighting Research Center, Rensselaer Polytechnic Institute, Troy, NY",,,Horticultural_Lighting,,,,high,content(12),12,,
FP3DPUTR,journalArticle,2007,Radoglou et al.,Appraisal of root leakage as a method for estimation of root viability,Plant Biosystems - An International Journal Dealing with all Aspects of Plant Biology,y,0 Articles / 2 Long night treatment,Frost_Hardiness_and_Freezing_Tests,,"Forest_Seedling_Production, Photoperiod_and_Dormancy_Induction",,medium,"content-over-collection(Photoperiod_and_Dormancy_Induction -> Frost_Hardiness_and_Freezing_Tests, 8)",8,Forest_Seedling_Production,https://doi.org/10.1080/11263500701626143
24ZDIJVT,report,2014,Radoglou et al.,ZEPHYR Project – Deliverable D3.2: Intermediate report on growth tests,,y,2 Controlled Environment Agriculture / 2.4 Zephyr Project | 6 Thesis / Own publications,Forest_Seedling_Production,,Horticultural_Lighting,#project/zephyr #project/own-publications,high,collection-prior,0,,http://du.diva-portal.org/smash/record.jsf?aq2=%5B%5B%5D%5D&c=18&af=%5B%5D&searchType=SIMPLE&query=&language=en&pid=diva2%3A925550&aq=%5B%5B%7B%22personId%22%3A%22mhv+OR+0000-0001-6805-2112%22%7D%5D%5D&sf=all&aqe=%5B%5D&sortOrder=author_sort_asc&onlyFullText=false&noOfRows=50&dswid=3436
ASC5IJ9D,conferencePaper,2015,Radouane et al.,Key Elements in the Design of Bifacial PV Power Plants,WIP,y,5 Photovoltaics / 5.2 PV components / 5.2.3 Bifacial,Bifacial_PV_and_Albedo,,PV_Degradation_and_Reliability,,high,content(6),6,PV_Degradation_and_Reliability,https://doi.org/10.4229/EUPVSEC20152015-5CO.14.4
KG9SERIN,journalArticle,2005,Ralph & Gademann,Rapid light curves: a powerful tool to assess photosynthetic activity,Aquat. Bot.,,1 Forestry / 1.1 Seedling Performance / 1.1.2 Gas Ex. and Ch. F.,Photosynthesis_and_Gas_Exchange,,Chlorophyll_Fluorescence,,high,collection-prior,2,,
JJGYX8ZL,journalArticle,2016,Ranade & García Gil,Application of monochromatic blue light during germination and hypocotyl development improves outplanted Scots pine ( Pinus sylvestris  L.) trees performance,Forest Ecology and Management,y,0 Articles / 4 DLI and supplementary light,Light_Quality_and_Photomorphogenesis,,"Forest_Seedling_Production, Lighting_Strategy_and_Control",#species/pinus-sylvestris,high,"content-over-collection(Lighting_Strategy_and_Control -> Light_Quality_and_Photomorphogenesis, 17)",17,Forest_Seedling_Production,https://doi.org/10.1016/j.foreco.2015.11.034
9QPHFQ3R,journalArticle,2013,Ranade & García-Gil,Ecotypic variation in response to light spectra in Scots pine ( Pinus sylvestris  L.),Tree Physiology,y,0 Articles / 4 DLI and supplementary light,Light_Quality_and_Photomorphogenesis,,Lighting_Strategy_and_Control,#species/pinus-sylvestris,medium,"content-over-collection(Lighting_Strategy_and_Control -> Light_Quality_and_Photomorphogenesis, 6)",6,,https://doi.org/10.1093/treephys/tps131
KUSK9DWY,journalArticle,2015,Randall & Lopez,Comparison of Bedding Plant Seedlings Grown Under Sole-source Light-emitting Diodes (LEDs) and Greenhouse Supplemental Lighting from LEDs and High-pressure Sodi,HortScience,y,0 Articles / 1 Ligh Spectra and Light Intensity / Light Intensity and gas exchange,Horticultural_Lighting,,"Lighting_Strategy_and_Control, Light_Quality_and_Photomorphogenesis, Photosynthesis_and_Gas_Exchange",,high,"content-over-collection(Photosynthesis_and_Gas_Exchange -> Horticultural_Lighting, 14)",14,Lighting_Strategy_and_Control,http://hortsci.ashspublications.org/content/50/5/705
N9IXQ8CA,journalArticle,2014,Randall & Lopez,Comparison of Supplemental Lighting from High-pressure Sodium Lamps and Light-emitting Diodes during Bedding Plant Seedling Production,HortScience,,0 Articles / 1 Ligh Spectra and Light Intensity / Light Intensity and gas exchange,Horticultural_Lighting,,"Lighting_Strategy_and_Control, Light_Quality_and_Photomorphogenesis, Photosynthesis_and_Gas_Exchange",,high,"content-over-collection(Photosynthesis_and_Gas_Exchange -> Horticultural_Lighting, 12)",12,Lighting_Strategy_and_Control,http://hortsci.ashspublications.org/content/49/5/589
2ZWCE5TM,journalArticle,2000,Rascher et al.,Evaluation of instant light-response curves of chlorophyll fluorescence parameters obtained with a portable chlorophyll fluorometer on site in the field,Plant Cell Environ.,y,3 Photobiology / Spectra,Chlorophyll_Fluorescence,,"PAR_and_Spectral_Radiation, Light_Quality_and_Photomorphogenesis",,high,"content-over-collection(Light_Quality_and_Photomorphogenesis -> Chlorophyll_Fluorescence, 10)",10,PAR_and_Spectral_Radiation,https://doi.org/10.1046/j.1365-3040.2000.00650.x
DRGUNMBV,journalArticle,2009,Raugei & Frankl,Life cycle impacts and costs of photovoltaic systems: Current state of the art and future outlooks,Energy,y,5 Photovoltaics / 5.7 PV Repowering,PV_Economics_and_LCA,,Permitting_and_Environmental_Assessment,,high,content(6),6,Permitting_and_Environmental_Assessment,https://doi.org/10.1016/j.energy.2009.01.001
LMHSI3B4,journalArticle,2020,Ravishankar et al.,Achieving Net Zero Energy Greenhouses by Integrating Semitransparent Organic Solar Cells,Joule,y,,PV_Cell_and_Module_Technologies,,Greenhouse_Horticulture,,high,content(7),7,Greenhouse_Horticulture,https://doi.org/10.1016/j.joule.2019.12.018
PEUAQSAT,book,2021,R Core Team,R: A Language and Environment for Statistical Computing,R Foundation for Statistical Computing,,0 Articles / 4 DLI and supplementary light / 06 Data | 7 Statistics,R,,Statistics_and_Data_Analysis,,medium,"content-over-collection(Statistics_and_Data_Analysis -> R, 6)",6,Statistics_and_Data_Analysis,https://www.R-project.org/
SVP6BDR9,journalArticle,2003,Rech et al.,Modification of the Hansatech FMS fluorometer to facilitate measurements with microalgal cultures,Aquat. Bot.,y,1 Forestry / 1.1 Seedling Performance / 1.1.2 Gas Ex. and Ch. F.,Photosynthesis_and_Gas_Exchange,,"Frost_Hardiness_and_Freezing_Tests, Chlorophyll_Fluorescence",,high,collection-prior,4,Frost_Hardiness_and_Freezing_Tests,https://doi.org/10.1016/S0304-3770(03)00076-7
LATSMHMY,journalArticle,2004,Reda & Andreas,Solar position algorithm for solar radiation applications,Solar Energy,y,0 Articles / 5 Agrivoltacis / Energy calculation,Solar_Radiation_Modelling,,PAR_and_Spectral_Radiation,#project/light-model,high,"content-over-collection(PAR_and_Spectral_Radiation -> Solar_Radiation_Modelling, 10)",10,PV_Standards_and_Measurement,https://doi.org/10.1016/j.solener.2003.12.003
JGTCIW7V,book,2011,Reece & Campbell,Campbell Biology,Benjamin Cummings : imprint of Pearson,y,1 Forestry / 1.1 Seedling Performance / 1.1.2 Gas Ex. and Ch. F.,Photosynthesis_and_Gas_Exchange,,Chlorophyll_Fluorescence,,high,collection-prior,0,,http://www.amazon.com/Campbell-Biology-9th-Jane-Reece/dp/0321558235
DWUVL768,report,2014,Regeringen och Regeringskansliet,Skogsbranden i Västmanlands län - lärdomar för framtiden,,y,0 Articles / 3 Light shock,Forest_Damage_and_Herbivory,,"Photosynthesis_and_Gas_Exchange, Photoinhibition_and_Light_Stress",,high,manual:Vastmanland forest fire inquiry,0,,https://www.regeringen.se/rattsliga-dokument/kommittedirektiv/2014/08/dir.-2014116/
F7ECD3BZ,journalArticle,1998,Reich et al.,"Close association of RGR, leaf and root morphology, seed mass and shade tolerance in seedlings of nine boreal tree species grown in high and low light",Functional Ecology,y,0 Articles / 1 Ligh Spectra and Light Intensity / Light Intensity and gas exchange / G.Ex - Light response curves,Photosynthesis_and_Gas_Exchange,,,#species/betula,medium,collection-prior,3,Forest_Seedling_Production,https://doi.org/10.1046/j.1365-2435.1998.00208.x
6IEY8HB3,journalArticle,2009,Reich et al.,Crystalline silicon cell performance at low light intensities,Sol. Energy Mater. Sol. Cells,y,5 Photovoltaics / 5.2 PV components / 5.2.1 PV cells and modules,PV_Cell_and_Module_Technologies,,PV_System_Performance,,high,content(6),6,PV_System_Performance,https://doi.org/10.1016/j.solmat.2009.03.018
CRUDCYCG,journalArticle,1999,Reich et al.,Generality of Leaf Trait Relationships: A Test Across Six Biomes,Ecology,y,0 Articles / 1 Ligh Spectra and Light Intensity / Light Intensity and gas exchange / G.Ex - Light response curves,Photosynthesis_and_Gas_Exchange,,,,high,collection-prior,4,Statistics_and_Data_Analysis,https://doi.org/10.1890/0012-9658(1999)080[1955:GOLTRA]2.0.CO;2
RTW4YU5Z,journalArticle,1992,Reich et al.,"Leaf Life-Span in Relation to Leaf, Plant, and Stand Characteristics among Diverse Ecosystems",Ecological Monographs,y,0 Articles / 1 Ligh Spectra and Light Intensity / Light Intensity and gas exchange / G.Ex - Light response curves,Photosynthesis_and_Gas_Exchange,,,,high,collection-prior,4,Statistics_and_Data_Analysis,https://doi.org/10.2307/2937116
J3HEFZLV,journalArticle,1996,Reich et al.,Needle Respiration and Nitrogen Concentration in Scots Pine Populations from a Broad Latitudinal Range: A Common Garden Test with Field-Grown Trees,Functional Ecology,y,0 Articles / 1 Ligh Spectra and Light Intensity / Light Intensity and gas exchange / G.Ex - Light response curves,Photosynthesis_and_Gas_Exchange,,,#species/pinus-sylvestris,high,collection-prior,0,,https://doi.org/10.2307/2390512
ULU4843T,journalArticle,2012,Reich et al.,Performance ratio revisited: is PR > 90% realistic?,Progress in Photovoltaics: Research and Applications,y,5 Photovoltaics / 5.4 PV Performance and Monitoring,PV_System_Performance,,PV_Standards_and_Measurement,#project/msc-thesis/4-2,high,content(10),10,PV_Standards_and_Measurement,https://doi.org/10.1002/pip.1219
GTCZJQ27,journalArticle,1998,Reich et al.,Photosynthesis and respiration rates depend on leaf and root morphology and nitrogen concentration in nine boreal tree species differing in relative growth rate,Functional Ecology,y,0 Articles / 1 Ligh Spectra and Light Intensity / Light Intensity and gas exchange / G.Ex - Light response curves,Photosynthesis_and_Gas_Exchange,,Frost_Hardiness_and_Freezing_Tests,#species/betula,high,collection-prior,5,Frost_Hardiness_and_Freezing_Tests,https://doi.org/10.1046/j.1365-2435.1998.00209.x
JZDVLRBN,conferencePaper,2005,Reich et al.,Weak light performance and spectral response of different solar cell types,by: Publication date: ECN Solar Energy 1-6-2005,,5 Photovoltaics / 5.5 PV Losses / 5.5.4 Low light,PV_Shading_and_Mismatch,,PV_Cell_and_Module_Technologies,,high,content(6),6,PV_Cell_and_Module_Technologies,ftp://kernenergie.nl/pub/www/library/report/2005/rx05034.pdf
3R6JZMIR,journalArticle,2013,Reinhard et al.,"Technological status of Cu(In,Ga)(Se,S)2-based photovoltaics",Solar Energy Materials and Solar Cells,y,5 Photovoltaics / 5.2 PV components / 5.2.1 PV cells and modules,Thin_Film_Solar_Cells,,PV_Cell_and_Module_Technologies,,high,"content-over-collection(PV_Cell_and_Module_Technologies -> Thin_Film_Solar_Cells, 20)",20,PV_Cell_and_Module_Technologies,https://doi.org/10.1016/j.solmat.2013.08.030
W9C5Y2LM,conferencePaper,2012,Reinhardt et al.,Influence of Technology Differences in Performance Ratio Calculations,,y,5 Photovoltaics / 5.4 PV Performance and Monitoring,PV_System_Performance,,PV_Shading_and_Mismatch,#project/msc-thesis/4-2,high,content(8),8,PV_Shading_and_Mismatch,https://doi.org/10.4229/27thEUPVSEC2012-5AV.1.52
LSDF95PD,journalArticle,2014,Reise et al.,"Yield Predictions for Photovoltaic Power Plants: Empirical Validation, Recent Advances and Remaining Uncertainties",29th European Photovoltaic Solar Energy Conference and Exhibition,y,5 Photovoltaics / 5.4 PV Performance and Monitoring,PV_System_Performance,,PV_Degradation_and_Reliability,#project/msc-thesis/4-2,medium,collection-prior,4,PV_Degradation_and_Reliability,https://doi.org/10.4229/EUPVSEC20142014-5BV.1.7
2MYHIJLA,conferencePaper,2017,Remund,Neue Modelle für die realistische Generierung von Minutenwerten,,,0 Articles / 4 DLI and supplementary light / 01 DLI / Supplementary light control | 0 Articles / 5 Agrivoltacis / Energy calculation,Lighting_Strategy_and_Control,,"Greenhouse_Horticulture, PAR_and_Spectral_Radiation",#project/light-model,high,collection-prior,0,,
U9VVLSWU,bookSection,2001,Repo et al.,Cold Hardiness of Scots Pine (Pinus sylvestris L.),Conifer Cold Hardiness,y,0 Articles / 2 Long night treatment,Frost_Hardiness_and_Freezing_Tests,,Photoperiod_and_Dormancy_Induction,#species/pinus-sylvestris #region/nordic,high,"content-over-collection(Photoperiod_and_Dormancy_Induction -> Frost_Hardiness_and_Freezing_Tests, 9)",9,Photoperiod_and_Dormancy_Induction,https://doi.org/10.1007/978-94-015-9650-3_17
7F3K84NI,journalArticle,2008,Repo & Ryyppö,The electrolyte leakage method can be misleading for assessing the frost hardiness of roots,Plant Biosystems - An International Journal Dealing with all Aspects of Plant Biology,y,0 Articles / 2 Long night treatment,Frost_Hardiness_and_Freezing_Tests,,Photoperiod_and_Dormancy_Induction,#species/picea-abies #species/pinus-sylvestris #region/norway,high,"content-over-collection(Photoperiod_and_Dormancy_Induction -> Frost_Hardiness_and_Freezing_Tests, 15)",15,,https://doi.org/10.1080/11263500802150548
UUVKNE3R,book,1990,Rietveld & Tinus,An integrated technique for evaluating root growth potential of tree seedlings,"USDA Forest Service, Rocky Mountain Forest and Range Experiment Station",,1 Forestry / 1.1 Seedling Performance / 1.1.3 RGC,Forest_Seedling_Production,,Forest_Regeneration,,high,content(8),8,,
M7C4JIUV,journalArticle,2020,Riikonen & Luoranen,An Assessment of Storability of Norway Spruce Container Seedlings in Freezer Storage as Affected by Short-Day Treatment,Forests,y,0 Articles / 2 Long night treatment | 0 Articles / 4 DLI and supplementary light,Forest_Seedling_Production,,"Frost_Hardiness_and_Freezing_Tests, Photoperiod_and_Dormancy_Induction, Lighting_Strategy_and_Control",#species/picea-abies #region/norway,high,"content-over-collection(Photoperiod_and_Dormancy_Induction -> Forest_Seedling_Production, 16)",16,Frost_Hardiness_and_Freezing_Tests,https://doi.org/10.3390/f11060692
4AG6SA8D,journalArticle,2017,Riikonen,Content of far-red light in supplemental light modified characteristics related to drought tolerance and post-planting growth in Scots pine seedlings,Forest Ecology and Management,y,0 Articles / 1 Ligh Spectra and Light Intensity / Light spectra and field trial | 0 Articles / 4 DLI and supplementary light,Light_Quality_and_Photomorphogenesis,,"Forest_Seedling_Production, Lighting_Strategy_and_Control",#species/pinus-sylvestris,high,content(12),12,Forest_Seedling_Production,https://doi.org/10.1016/j.foreco.2017.01.015
W8K3WWN3,journalArticle,2018,Riikonen,Efficiency of night interruption treatments with red and far-red light-emitting diodes (LEDs) in preventing bud set in Norway spruce seedlings,Canadian Journal of Forest Research,y,0 Articles / 2 Long night treatment | 0 Articles / 4 DLI and supplementary light,Photoperiod_and_Dormancy_Induction,,"Horticultural_Lighting, Frost_Hardiness_and_Freezing_Tests, Lighting_Strategy_and_Control",#species/picea-abies #region/norway,high,content(15),15,Horticultural_Lighting,https://doi.org/10.1139/cjfr-2018-0170
UXP4KIUM,journalArticle,2016,Riikonen et al.,Growth and development of Norway spruce and Scots pine seedlings under different light spectra,Environ. Exp. Bot.,,0 Articles / 1 Ligh Spectra and Light Intensity / Light spectra and field trial | 0 Articles / 4 DLI and supplementary light / 03 LED seedling cultivation | 0 Articles / 0 Thesis | 0 Articles / 1 Ligh Spectra and Light Intensity | 0 Articles / 4 DLI and supplementary light | 3 Photobiology / LED for Plants | 3 Photobiology / Spectra,Light_Quality_and_Photomorphogenesis,,"Forest_Seedling_Production, Horticultural_Lighting, Lighting_Strategy_and_Control",#project/thesis #species/picea-abies #species/pinus-sylvestris #region/norway,high,collection-prior,4,Forest_Seedling_Production,https://doi.org/10.1016/j.envexpbot.2015.06.006
X6T59667,journalArticle,2016,Riikonen,Pre-cultivation of Scots pine and Norway spruce transplant seedlings under four different light spectra did not affect their field performance,New Forests,,0 Articles / 1 Ligh Spectra and Light Intensity / Light spectra and field trial | 0 Articles / 4 DLI and supplementary light / 03 LED seedling cultivation | 0 Articles / 1 Ligh Spectra and Light Intensity | 0 Articles / 4 DLI and supplementary light | 3 Photobiology / LED for Plants | 3 Photobiology / Spectra,Light_Quality_and_Photomorphogenesis,,"Forest_Seedling_Production, Horticultural_Lighting, Lighting_Strategy_and_Control",#project/msc-thesis #species/picea-abies #species/pinus-sylvestris #region/norway,high,manual:light spectra in seedling pre-cultivation,10,Light_Quality_and_Photomorphogenesis,https://doi.org/10.1007/s11056-016-9533-9
KCDVCVPR,journalArticle,2016,Riikonen & Lappi,Responses of Norway spruce seedlings to different night interruption treatments in autumn,Can. J. For. Res.,y,0 Articles / 2 Long night treatment | 0 Articles / 4 DLI and supplementary light | 3 Photobiology / LED for Plants | 3 Photobiology / Spectra,Photoperiod_and_Dormancy_Induction,,"Forest_Seedling_Production, Frost_Hardiness_and_Freezing_Tests, Lighting_Strategy_and_Control",#species/picea-abies #region/norway #region/nordic,high,content(12),12,Forest_Seedling_Production,https://doi.org/10.1139/cjfr-2015-0355
4LILQVGJ,journalArticle,2018,Riikonen & Luoranen,Seedling Production and the Field Performance of Seedlings,Forests,y,0 Articles / 4 DLI and supplementary light | 1 Forestry / 1.1 Seedling Performance,Forest_Seedling_Production,,"Forest_Regeneration, Lighting_Strategy_and_Control",,high,"content-over-collection(Lighting_Strategy_and_Control -> Forest_Seedling_Production, 15)",15,Forest_Regeneration,https://doi.org/10.3390/f9120740
WISG42WN,journalArticle,2018,Riikonen & Luoranen,Use of short-day treatment in the production of Norway spruce mini-plug seedlings under plant factory conditions,Scandinavian Journal of Forest Research,y,0 Articles / 0 Thesis | 0 Articles / 2 Long night treatment | 0 Articles / 4 DLI and supplementary light,Forest_Seedling_Production,,"Photoperiod_and_Dormancy_Induction, Frost_Hardiness_and_Freezing_Tests, Lighting_Strategy_and_Control",#project/thesis #project/msc-thesis #species/picea-abies #region/norway #region/nordic,high,"content-over-collection(Photoperiod_and_Dormancy_Induction -> Forest_Seedling_Production, 13)",13,Photoperiod_and_Dormancy_Induction,https://doi.org/10.1080/02827581.2018.1492011
KQYNT4EN,journalArticle,2002,Riley et al.,National Proceedings: Forest and Conservation Nursery Associations-2002,"Ogden, UT: USDA Forest Service, Rocky Mountain Research Station. Proceedings RMRS-P-28. 187 p.",,1 Forestry,Forest_Seedling_Production,,,,high,content(6),6,,https://www.fs.usda.gov/treesearch/pubs/5449
76FZLLKV,bookSection,1984,Ritchie,Assessing seedling quality,Forestry nursery manual: production of bareroot seedlings,,1 Forestry / 1.1 Seedling Performance,Forest_Seedling_Production,,,,high,content(11),11,,
ZGLQWFNU,journalArticle,1982,Ritchie,Carbohydrate reserves and root growth potential in Douglas-fir seedlings before and after cold storage,Canadian Journal of Forest Research,y,0 Articles / 2 Long night treatment,Forest_Seedling_Production,,"Plant_Carbon_and_Water_Relations, Frost_Hardiness_and_Freezing_Tests, Photoperiod_and_Dormancy_Induction",,high,"content-over-collection(Photoperiod_and_Dormancy_Induction -> Forest_Seedling_Production, 9)",9,Plant_Carbon_and_Water_Relations,https://doi.org/10.1139/x82-132
4EZPBIY3,journalArticle,1980,Ritchie & Dunlap,Root growth potential: its development and expression in forest tree seedlings,NZJ For. Sci,,1 Forestry / 1.1 Seedling Performance / 1.1.3 RGC,Forest_Seedling_Production,,Forest_Regeneration,,high,content(8),8,,
8Z63HPXV,conferencePaper,1984,Ritchie,"Root Growth Potential: Principles, Procedures and Predictive Ability","Forest Research Laboratory, Oregon State University",,0 Articles / 1 Ligh Spectra and Light Intensity / Light spectra and field trial | 1 Forestry / 1.1 Seedling Performance / 1.1.3 RGC,Forest_Seedling_Production,,Light_Quality_and_Photomorphogenesis,,medium,"content-over-collection(Light_Quality_and_Photomorphogenesis -> Forest_Seedling_Production, 7)",7,,
DP98FM7F,conferencePaper,1990,Ritchie & Tanaka,Root growth potential and the target seedling,,,1 Forestry / 1.1 Seedling Performance / 1.1.3 RGC,Forest_Seedling_Production,,Forest_Regeneration,,high,content(14),14,,
CSHMRDRG,journalArticle,2005,Robakowski,Species-specific acclimation to strong shade modifies susceptibility of conifers to photoinhibition,Acta Physiologiae Plantarum,y,0 Articles / 3 Light shock,Photoinhibition_and_Light_Stress,,"Frost_Hardiness_and_Freezing_Tests, Photosynthesis_and_Gas_Exchange",#species/picea-abies,high,content(14),14,Frost_Hardiness_and_Freezing_Tests,https://doi.org/10.1007/s11738-005-0001-y
6LVSPMDG,report,2020,Roberge et al.,Forest management in Sweden: current practice and historical background,,,,Swedish_Forestry,,,#region/sweden,high,content(6),6,,
IIPFGHMK,journalArticle,1998,Roberts,"Glazing Materials, Structural Design, and Other Factors Affecting Light Transmission in Greenhouses",,,,Greenhouse_Horticulture,,,,medium,content-weak(4),4,,
QWQQJC3F,journalArticle,1980,Robinson & Hamilton,"Effects of irradiance on nutrient uptake, growth and cold hardiness of Viburnum opulus L. ‘Nanum’",Scientia Horticulturae,y,0 Articles / 2 Long night treatment,Frost_Hardiness_and_Freezing_Tests,,"Plant_Carbon_and_Water_Relations, Photoperiod_and_Dormancy_Induction",,medium,"content-over-collection(Photoperiod_and_Dormancy_Induction -> Frost_Hardiness_and_Freezing_Tests, 6)",6,Plant_Carbon_and_Water_Relations,https://doi.org/10.1016/0304-4238(80)90098-9
AUIYDBVR,journalArticle,2004,Robinson & Stone,Solar radiation modelling in the urban context,Solar Energy,y,0 Articles / 5 Agrivoltacis / Energy calculation,Solar_Radiation_Modelling,,PAR_and_Spectral_Radiation,#project/light-model,medium,"content-over-collection(PAR_and_Spectral_Radiation -> Solar_Radiation_Modelling, 7)",7,,https://doi.org/10.1016/j.solener.2004.05.010
XMIAWHW5,bookSection,2018,Robinson et al.,Sunlight and plant production,"Plants in action: Adaptation in nature, performance in cultivation",y,0 Articles / 3 Light shock,Photoinhibition_and_Light_Stress,,Photosynthesis_and_Gas_Exchange,,medium,collection-prior,1,,
C3WPWE3V,journalArticle,1983,Rodskjer,"Spectral daily insolation at Uppsala, Sweden","Archives for meteorology, geophysics, and bioclimatology, Series B",y,,PAR_and_Spectral_Radiation,,Solar_Radiation_Modelling,#region/sweden,high,content(6),6,Solar_Radiation_Modelling,https://doi.org/10.1007/BF02273992
NREJMI2A,journalArticle,2018,Rojas Silva,3 Gardens of Origin and the Golden Age in the Mexican Libellus de medicinalibus indorum herbis (1552),Bulletin of Latin American Research,y,Medicinal plants,Unsorted,,Agriculture,#needs-topic #region/mexico,high,collection-prior,0,,https://doi.org/10.1111/blar.12789
RD2JE35S,report,2012,Romero-Hernandez et al.,Solar Energy Potential in Mexico’s Northern Border States,,,5 Photovoltaics / 5.1 PV general data / 5.1.1 PV-Mexico,PV_Economics_and_LCA,,PV_System_Performance,#region/mexico #project/msc-thesis/4-13,high,manual:regional solar potential and its economics,0,,https://www.wilsoncenter.org/sites/default/files/Border_Solar_Romero_0.pdf
LX3THHAT,journalArticle,2002,Rose & Haase,Chlorophyll fluorescence and variations in tissue cold hardiness in response to freezing stress in Douglas-fir seedlings,New Forests,,1 Forestry / 1.1 Seedling Performance / 1.1.2 Gas Ex. and Ch. F.,Frost_Hardiness_and_Freezing_Tests,,"Chlorophyll_Fluorescence, Photosynthesis_and_Gas_Exchange",,high,"content-over-collection(Photosynthesis_and_Gas_Exchange -> Frost_Hardiness_and_Freezing_Tests, 12)",12,Chlorophyll_Fluorescence,
KCFHM8E2,journalArticle,2019,Rosero et al.,Morphometric and colourimetric tools to dissect morphological diversity: an application in sweet potato [Ipomoea batatas (L.) Lam.],Genetic Resources and Crop Evolution,y,0 Articles / 6 Image and color analysis / Image analysis and Phenotyping,Plant_Phenotyping_and_Image_Analysis,,,,high,collection-prior,5,Light_Quality_and_Photomorphogenesis,https://doi.org/10.1007/s10722-019-00781-x
IBIKH4V9,journalArticle,1991,Rose et al.,Root volume as a grading criterion to improve field performance of Douglas-fir seedlings,New Forests,y,1 Forestry / 1.1 Seedling Performance,Forest_Seedling_Production,,,,high,content(21),21,PV_System_Performance,https://doi.org/10.1007/BF00028111
YHEBXBJ7,conferencePaper,1995,Rose & Haase,The target seedling concept: Implementing a program,"USDA Forest Service, Pacific Northwest Research Station",,0 Articles / 4 DLI and supplementary light,Forest_Seedling_Production,,Lighting_Strategy_and_Control,,medium,"content-over-collection(Lighting_Strategy_and_Control -> Forest_Seedling_Production, 8)",8,,
WA4QVWJL,conferencePaper,1990,Rose et al.,"Target Seedling Symposium: Proceedings, combined meeting of the Western Forest Nursery Associations","U.S. Department of Agriculture, Forest Service, Rocky Mountain Forest and Range Experiment Station",,1 Forestry / 1.1 Seedling Performance,Forest_Seedling_Production,,,,high,content(14),14,,https://doi.org/10.2737/RMRS-GTR-200
DEE9S9TZ,webpage,2012,Rossello,Is Forest Use in the Balearic Islands the Result of an Environmental Conscience?,,y,2 Controlled Environment Agriculture,Horticultural_Lighting,,,,medium,content-weak(3),3,,http://earthzine.org/2012/07/02/is-forest-use-in-the-balearic-islands-the-result-of-an-environmental-conscience/
JY94Y2L2,journalArticle,2015,Rousseau et al.,Multiscale imaging of plants: current approaches and challenges,Plant Methods,y,0 Articles / 6 Image and color analysis / Image analysis and Phenotyping,Plant_Phenotyping_and_Image_Analysis,,,,high,collection-prior,3,,https://doi.org/10.1186/s13007-015-0050-1
8CT9WH6K,journalArticle,2009,Ruban,Plants in light,Commun. Integr. Biol.,y,3 Photobiology / Spectra,Light_Quality_and_Photomorphogenesis,,,,medium,collection-prior,3,Light_Quality_and_Photomorphogenesis,http://www.ncbi.nlm.nih.gov/pubmed/19513265
F72QNHFI,journalArticle,2005,Rubio et al.,The use of satellite measurements to estimate photosynthetically active radiation,"Physics and Chemistry of the Earth, Parts A/B/C",y,0 Articles / 4 DLI and supplementary light / 01 DLI / Supplementary light control | 0 Articles / 4 DLI and supplementary light / 05 Greenhouse energy | 0 Articles / 5 Agrivoltacis / Energy calculation,PAR_and_Spectral_Radiation,,"Greenhouse_Horticulture, Lighting_Strategy_and_Control",#project/light-model,medium,"content-over-collection(Lighting_Strategy_and_Control -> PAR_and_Spectral_Radiation, 6)",6,Photosynthesis_and_Gas_Exchange,https://doi.org/10.1016/j.pce.2004.08.029
86YTUZZY,newspaperArticle,2011,Runkle,The R to FR Ratio,Greenhouse Product News,y,3 Photobiology / Spectra,Light_Quality_and_Photomorphogenesis,,,,high,content(9),9,Greenhouse_Horticulture,http://flor.hrt.msu.edu/assets/Uploads/RFRRatio.pdf
D72RSR5T,bookSection,2017,Runkle et al.,Photoperiodic Control of Flowering,Light Management in Controlled Environments,y,,Photoperiod_and_Dormancy_Induction,,,,high,content(6),6,Greenhouse_Horticulture,
7NVKAALZ,magazineArticle,2017,Runkle & Bugbee,Plant Lighting Efficiency and Efficacy: μmols per joule,Greenhouse Product News,y,0 Articles / 4 DLI and supplementary light,Horticultural_Lighting,,Lighting_Strategy_and_Control,,medium,"content-over-collection(Lighting_Strategy_and_Control -> Horticultural_Lighting, 6)",6,Lighting_Strategy_and_Control,https://gpnmag.com/article/plant-lighting-efficiency-and-efficacy-%ce%bcmol%c2%b7j-%c2%b9/
YAKHUWPS,report,2009,Runkle,Strategies for Supplemental Lighting,,,0 Articles / 4 DLI and supplementary light / 01 DLI / Supplementary light control,Lighting_Strategy_and_Control,,Greenhouse_Horticulture,,high,content(6),6,,https://gpnmag.com/article/strategies-supplemental-lighting-0/
9BAV7829,magazineArticle,,Runkle,An Update on LED Lighting Efficacy,Greenhouse Product News,y,0 Articles / 4 DLI and supplementary light / 01 DLI / Supplementary light control,Horticultural_Lighting,,"Greenhouse_Horticulture, Lighting_Strategy_and_Control",,high,"content-over-collection(Lighting_Strategy_and_Control -> Horticultural_Lighting, 12)",12,Greenhouse_Horticulture,https://www.canr.msu.edu/floriculture/uploads/files/updateefficacy.pdf
FMS6V4S9,webpage,2021,Ruokavirasto – The Finnish Food Authority,Frö- och plantstatistik 2006-2020,,,,Forestry_and_Agriculture_Statistics,,,,high,content(12),12,,https://www.ruokavirasto.fi/sv/odlare/vaxtproduktion/fro--och-plantproduktion-av-skogstrad/statistik/fro--och-plantstatistik-2006-2020/
RKBLT9VW,journalArticle,2019,Rusu et al.,Miniaturized wireless water content and conductivity soil sensor system,Computers and Electronics in Agriculture,y,0 Articles / 6 Image and color analysis,Greenhouse_Horticulture,,"PV_Standards_and_Measurement, Plant_Phenotyping_and_Image_Analysis",,high,manual:soil moisture and conductivity sensor,4,PV_Standards_and_Measurement,https://doi.org/10.1016/j.compag.2019.105076
5U47488N,report,2015,Ryberg & Freeman,"Integration, Validation, and Application of a PV Snow Coverage Model in SAM",,,5 Photovoltaics / 5.4 PV Performance and Monitoring,PV_in_Nordic_Climates,,PV_System_Performance,#project/msc-thesis/4-2,medium,"content-over-collection(PV_System_Performance -> PV_in_Nordic_Climates, 6)",6,,http://www.nrel.gov/docs/fy15osti/64260.pdf
5W6HJEDA,book,1997,Ryer,Light Measurement Handbook,"International Light, Inc.",y,2 Controlled Environment Agriculture / 2.1 Greenhouses and Growth chambers | 3 Photobiology / LED for Plants | 3 Photobiology / Spectra | 2 Controlled Environment Agriculture,Greenhouse_Horticulture,,"Horticultural_Lighting, Light_Quality_and_Photomorphogenesis",,high,collection-prior,0,,http://www.intl-lighttech.com/sites/default/files/pdf/handbook/ILT-Light-Measurement-Handbook.pdf
NIYGC8J2,journalArticle,1998,Ryyppö et al.,Development of freezing tolerance in roots and shoots of Scots pine seedlings at nonfreezing temperatures,Canadian Journal of Forest Research,y,0 Articles / 2 Long night treatment,Frost_Hardiness_and_Freezing_Tests,,Photoperiod_and_Dormancy_Induction,#species/pinus-sylvestris,high,"content-over-collection(Photoperiod_and_Dormancy_Induction -> Frost_Hardiness_and_Freezing_Tests, 14)",14,Photoperiod_and_Dormancy_Induction,https://doi.org/10.1139/x98-022
3I8SU8EM,journalArticle,2014,Sabzalian et al.,"High performance of vegetables, flowers, and medicinal plants in a red-blue LED incubator for indoor plant production",Agron. Sustain. Dev.,y,3 Photobiology / LED for Plants,Horticultural_Lighting,,"Vertical_Farming_and_Urban_Agriculture, Light_Quality_and_Photomorphogenesis",,high,content(6),6,Vertical_Farming_and_Urban_Agriculture,https://doi.org/10.1007/s13593-014-0209-6
X7TZU5N9,journalArticle,2013,Sacco et al.,Characterization of photovoltaic modules for low-power indoor application,Appl. Energy,y,5 Photovoltaics / 5.3 PV systems design / 5.3.2 mini-PV for indoors,Indoor_PV_and_Energy_Harvesting,,PV_Cell_and_Module_Technologies,,medium,"content-over-collection(PV_Cell_and_Module_Technologies -> Indoor_PV_and_Energy_Harvesting, 8)",8,PV_Cell_and_Module_Technologies,https://doi.org/10.1016/j.apenergy.2012.07.001
K8ES2HWU,journalArticle,1988,Sager et al.,Photosynthetic Efficiency and Phytochrome Photoequilibria Determination Using Spectral Data,Transactions of the ASAE,,0 Articles / 1 Ligh Spectra and Light Intensity / Light spectra and field trial / R:FR | 0 Articles / 1 Ligh Spectra and Light Intensity / Light spectra and field trial,Light_Quality_and_Photomorphogenesis,,,,high,content(6),6,Photosynthesis_and_Gas_Exchange,https://doi.org/10.13031/2013.30952
BEW3KTZ6,bookSection,1997,Sager & McFarlane,Radiation,Plant Growth Chamber Handbook,,0 Articles / 1 Ligh Spectra and Light Intensity / Light spectra and field trial | 0 Articles / 2 Long night treatment,Light_Quality_and_Photomorphogenesis,,"Forest_Seedling_Production, Photoperiod_and_Dormancy_Induction",,medium,collection-prior,2,,https://books.google.se/books?id=n0FFAQAAIAAJ
ULNTFWIU,journalArticle,1980,Sager & Giger Jr,Re-evaluation of published data on the relative photosynthetic efficiency of intermittent and continuous light,Agricultural Meteorology,,,Photosynthesis_and_Gas_Exchange,,,,low,content-faint(2),2,,
WKLM7Q43,journalArticle,1986,Sager et al.,Use of spectral data to determine photosynthetic efficiency and phytochrome photoequilibria,American Society of Agricultural Engineers. Microfiche collection (USA),,0 Articles / 1 Ligh Spectra and Light Intensity / Light spectra and field trial / R:FR | 0 Articles / 1 Ligh Spectra and Light Intensity / Light spectra and field trial,Light_Quality_and_Photomorphogenesis,,,,high,content(6),6,Photosynthesis_and_Gas_Exchange,
FYQTRT7E,journalArticle,2019,Sahdev et al.,A comprehensive review of greenhouse shapes and its applications,Frontiers in Energy,y,0 Articles / 5 Agrivoltacis / Energy calculation,Greenhouse_Horticulture,,"Solar_Radiation_Modelling, PAR_and_Spectral_Radiation",,high,manual:greenhouse shapes review,4,Solar_Radiation_Modelling,https://doi.org/10.1007/s11708-017-0464-8
2FTVFHPD,journalArticle,2020,Saito et al.,Evaluation of the Light Environment of a Plant Factory with Artificial Light by Using an Optical Simulation,Agronomy,y,,Vertical_Farming_and_Urban_Agriculture,,Horticultural_Lighting,,high,content(9),9,Horticultural_Lighting,https://doi.org/10.3390/agronomy10111663
W92BH9YZ,webpage,,Saltveit,Measuring Respiration,,y,1 Forestry / 1.1 Seedling Performance / 1.1.2 Gas Ex. and Ch. F.,Photosynthesis_and_Gas_Exchange,,Chlorophyll_Fluorescence,,high,collection-prior,0,,http://ucanr.edu/datastoreFiles/234-20.pdf
NZW7SYY8,journalArticle,2013,Samuolienė et al.,LED irradiance level affects growth and nutritional quality of Brassica microgreens,Open Life Sciences,y,0 Articles / 1 Ligh Spectra and Light Intensity / Light Intensity and gas exchange,Horticultural_Lighting,,"Solar_Radiation_Modelling, Light_Quality_and_Photomorphogenesis, Photosynthesis_and_Gas_Exchange",,medium,"content-over-collection(Photosynthesis_and_Gas_Exchange -> Horticultural_Lighting, 6)",6,Solar_Radiation_Modelling,https://doi.org/10.2478/s11535-013-0246-1
NT9WZYFX,webpage,2009,Sandia National Laboratories,PV Module Database,,,5 Photovoltaics / 5.2 PV components / 5.2.1 PV cells and modules | 5 Photovoltaics / 5.6 PV software,PV_Cell_and_Module_Technologies,,PV_Modelling_Tools,,high,collection-prior,0,,http://www.mauisolarsoftware.com/
M5S7PRT5,webpage,,Sandia National Laboratories,PV Performance Modeling Collaborative,,,5 Photovoltaics / 5.4 PV Performance and Monitoring,PV_System_Performance,,,#project/msc-thesis/4-2,high,collection-prior,2,,http://pvpmc.org/
MMFRRYEY,journalArticle,2007,Sarala et al.,Elongation of Scots pine seedlings under blue light depletion is independent of etiolation,Environmental and Experimental Botany,y,0 Articles / 4 DLI and supplementary light,Light_Quality_and_Photomorphogenesis,,Lighting_Strategy_and_Control,#species/pinus-sylvestris #region/finland,high,"content-over-collection(Lighting_Strategy_and_Control -> Light_Quality_and_Photomorphogenesis, 9)",9,Forest_Seedling_Production,https://doi.org/10.1016/j.envexpbot.2006.12.006
ECPH6A89,journalArticle,2017,Särkkä et al.,"Effects of HPS and LED lighting on cucumber leaf photosynthesis, light quality penetration and temperature in the canopy, plant morphology and yield",Agricultural and Food Science,y,,Horticultural_Lighting,,Light_Quality_and_Photomorphogenesis,#region/nordic,high,content(12),12,Light_Quality_and_Photomorphogenesis,https://doi.org/10.23986/afsci.60293
YG4DJL9P,webpage,1996,Satel-Light,"Satel-LightThe European Database of Daylight and Solar Radiation, 1996 - 1998",,,4 Energy / 4.1 Solar Radiation | 5 Photovoltaics / 5.0 TÜV Mustergutachten | 4 Energy,Solar_and_Weather_Data,,Solar_Radiation_Modelling,,medium,"content-over-collection(Solar_Radiation_Modelling -> Solar_and_Weather_Data, 6)",6,Solar_Radiation_Modelling,http://www.satel-light.com/core.htm
MHQHN9LM,journalArticle,2009,Schank & Koehnle,Pseudoreplication is a pseudoproblem.,Journal of comparative psychology,y,7 Statistics,Statistics_and_Data_Analysis,,,,high,content(10),10,,https://doi.org/10.1037/a0013579
IS34KZ33,conferencePaper,1994,Schaub et al.,Evaluation of the different losses involved in two photovoltaic systems,,,5 Photovoltaics / 5.5 PV Losses,PV_System_Performance,,,,high,collection-prior,0,,
DNM3I3H7,book,2001,Scheiner & Gurevitch,Design and Analysis of Ecological Experiments,Oxford University Press,y,7 Statistics,Statistics_and_Data_Analysis,,,,high,content(9),9,,http://ebookcentral.proquest.com/lib/uu/detail.action?docID=271300
WSIIMZA3,journalArticle,2012,Schindelin et al.,Fiji - an Open Source platform for biological image analysis,Nature methods,y,0 Articles / 6 Image and color analysis / Image analysis and Phenotyping | 0 Articles / 6 Image and color analysis / Photobox,Plant_Phenotyping_and_Image_Analysis,,,,high,content(6),6,,https://doi.org/10.1038/nmeth.2019
9V5F7K9Q,journalArticle,2020,Schirone et al.,"Light requirements for germination and early development of cork oak under natural, semi-natural and artificial conditions",International Journal,,0 Articles / 4 DLI and supplementary light / 03 LED seedling cultivation | 0 Articles / 4 DLI and supplementary light / 07 other | 0 Articles / 1 Ligh Spectra and Light Intensity,Horticultural_Lighting,,"Forest_Seedling_Production, Lighting_Strategy_and_Control, Light_Quality_and_Photomorphogenesis",,high,collection-prior,0,,
IW7NSYSY,book,2014,Schlag & Berlin,Repowering von Photovoltaik-Anlagen-Anreize und Beschäftigungseffekte,Düsseldorf,,5 Photovoltaics / 5.7 PV Repowering,PV_Economics_and_LCA,,,,high,content(6),6,,
WDZ8WQYS,journalArticle,1993,Schmid et al.,Chalcopyrite/defect chalcopyrite heterojunctions on the basis of CuInSe2,J. Appl. Phys.,y,5 Photovoltaics / 5.2 PV components / 5.2.1 PV cells and modules,Thin_Film_Solar_Cells,,PV_Cell_and_Module_Technologies,,high,"content-over-collection(PV_Cell_and_Module_Technologies -> Thin_Film_Solar_Cells, 16)",16,PV_Cell_and_Module_Technologies,https://doi.org/10.1063/1.353020
FPG6RMGZ,conferencePaper,2013,Schmitt,Development of a large area reference cell based on modified C-SI-module technology,,,5 Photovoltaics / 5.4 PV Performance and Monitoring,PV_Cell_and_Module_Technologies,,"PV_Standards_and_Measurement, PV_System_Performance",#project/msc-thesis/4-2,medium,"content-over-collection(PV_System_Performance -> PV_Cell_and_Module_Technologies, 6)",6,PV_Standards_and_Measurement,
8M465C7I,book,2018,Schröder,"Gewerblicher Betrieb von Photovoltaikanlagen: Betreiberverantwortung, Betriebssicherheit, Direktvermarktung.",Fraunhofer IRB Verlag,y,5 Photovoltaics,Unsorted,,,#needs-topic,low,no-signal,0,,
ZICIA76K,book,2015,Schröder,"Inspektion, Prüfung und Instandhaltung von Photovoltaik-Anlagen.: Analyse, Bewertung und Instandsetzung.",Fraunhofer Irb Stuttgart,,5 Photovoltaics,PV_Degradation_and_Reliability,,,,high,content(6),6,,
4TSKKVC8,conferencePaper,2011,Schumann,Aussagekraft von Ertragsprognosen - Beurteilung anhand umfang- reicher Vergleichs-simulationen,,,5 Photovoltaics / 5.4 PV Performance and Monitoring,PV_System_Performance,,,#project/msc-thesis/4-2,high,collection-prior,0,,
NJ52AFAF,conferencePaper,2010,Schumann,Schwachlichtverhalten von PV Modulen und die Erfordernis besserer Datenqualität,,y,5 Photovoltaics / 5.5 PV Losses / 5.5.4 Low light,PV_Shading_and_Mismatch,,PV_Cell_and_Module_Technologies,,medium,collection-prior,2,Solar_Radiation_Modelling,
TNW4VQEP,bookSection,2019,Schwarz,Single Factor - Sub-sampling and pseudo-replication,Course Notes for Intermediate Ecological Statistics,,7 Statistics,Statistics_and_Data_Analysis,,,,high,collection-prior,1,,http://people.stat.sfu.ca/~cschwarz/CourseNotes/
INRRISAA,bookSection,2019,Schwarz,Two-factor split-plot designs,Course Notes for Intermediate Ecological Statistics,,7 Statistics,Statistics_and_Data_Analysis,,,,high,content(7),7,,http://people.stat.sfu.ca/~cschwarz/CourseNotes/
GKPZ26W6,conferencePaper,2011,Schweiger et al.,Factors Affecting the Performance of Different Thin-Film PV Technologies and Their Impact on the Energy Yield,,y,5 Photovoltaics / 5.4 PV Performance and Monitoring,PV_Cell_and_Module_Technologies,,PV_System_Performance,#project/msc-thesis/4-2,high,"content-over-collection(PV_System_Performance -> PV_Cell_and_Module_Technologies, 12)",12,PV_System_Performance,https://doi.org/10.4229/26thEUPVSEC2011-4AV.2.56
D6R5L3BX,journalArticle,2011,Scragg et al.,Chemical Insights into the Instability of Cu2ZnSnS4 Films during Annealing,Chem. Mater.,y,5 Photovoltaics / 5.2 PV components / 5.2.1 PV cells and modules,Thin_Film_Solar_Cells,,PV_Cell_and_Module_Technologies,,medium,"content-over-collection(PV_Cell_and_Module_Technologies -> Thin_Film_Solar_Cells, 8)",8,,https://doi.org/10.1021/cm202379s
JIVVY3FA,book,2011,Scragg,Copper Zinc Tin Sulfide Thin Films for Photovoltaics: Synthesis and Characterisation by Electrochemical Methods,Springer,y,5 Photovoltaics / 5.2 PV components / 5.2.1 PV cells and modules,Thin_Film_Solar_Cells,,PV_Cell_and_Module_Technologies,,high,manual:CZTS thin films monograph,8,Thin_Film_Solar_Cells,http://www.amazon.com/Copper-Zinc-Sulfide-Films-Photovoltaics-ebook/dp/B007EM6KXI
GA69JKNX,journalArticle,2010,Sellaro et al.,Cryptochrome as a sensor of the blue/green ratio of natural radiation in  Arabidopsis ,Plant Physiology,y,0 Articles / 1 Ligh Spectra and Light Intensity / Light spectra and field trial,Light_Quality_and_Photomorphogenesis,,Forest_Seedling_Production,,high,content(14),14,Solar_Radiation_Modelling,https://doi.org/10.1104/pp.110.160820
ITU9QFFP,journalArticle,2016,Senol et al.,Pulse timing control for LED plant growth unit and effects on carnation,Computers and Electronics in Agriculture,y,0 Articles / 4 DLI and supplementary light,Horticultural_Lighting,,"Light_Quality_and_Photomorphogenesis, Lighting_Strategy_and_Control",,medium,"content-over-collection(Lighting_Strategy_and_Control -> Horticultural_Lighting, 6)",6,Light_Quality_and_Photomorphogenesis,https://doi.org/10.1016/j.compag.2016.02.013
AZZ4J83R,journalArticle,2013,Serodio et al.,A Method for the Rapid Generation of Nonsequential Light-Response Curves of Chlorophyll Fluorescence,Plant Physiol.,y,1 Forestry / 1.1 Seedling Performance / 1.1.2 Gas Ex. and Ch. F.,Chlorophyll_Fluorescence,,Photosynthesis_and_Gas_Exchange,,high,"content-over-collection(Photosynthesis_and_Gas_Exchange -> Chlorophyll_Fluorescence, 10)",10,,https://doi.org/10.1104/pp.113.225243
6MWSLPFX,journalArticle,2017,Serrano-Bueno et al.,Evolution of photoperiod sensing in plants and algae,Current Opinion in Plant Biology,y,0 Articles / 2 Long night treatment,Photoperiod_and_Dormancy_Induction,,Frost_Hardiness_and_Freezing_Tests,,high,content(11),11,Photosynthesis_and_Gas_Exchange,https://doi.org/10.1016/j.pbi.2017.03.007
2FEB8WMR,journalArticle,2000,Shafarman & Zhu,Effect of substrate temperature and depostion profile on evaporated Cu(InGa)Se2 films and devices,Thin Solid Films,y,5 Photovoltaics / 5.2 PV components / 5.2.1 PV cells and modules,Thin_Film_Solar_Cells,,PV_Cell_and_Module_Technologies,,high,"content-over-collection(PV_Cell_and_Module_Technologies -> Thin_Film_Solar_Cells, 19)",19,PV_Cell_and_Module_Technologies,https://doi.org/10.1016/S0040-6090(99)00844-5
8HQQ4T2G,bookSection,2010,Shah et al.,"Chapter 4 - Evaporation: Processes, Bulk Microstructures, and Mechanical Properties",Handbook of Deposition Technologies for Films and Coatings (Third Edition),y,5 Photovoltaics / 5.2 PV components / 5.2.1 PV cells and modules,Thin_Film_Solar_Cells,,PV_Cell_and_Module_Technologies,,high,manual:evaporation processes chapter,3,,http://www.sciencedirect.com/science/article/pii/B9780815520313000041
MKN5FCVM,journalArticle,2017,Sharma,Markov Chain Monte Carlo Methods for Bayesian Data Analysis in Astronomy,Annual Review of Astronomy and Astrophysics,y,7 Statistics,Statistics_and_Data_Analysis,,,,high,content(6),6,,https://doi.org/10.1146/annurev-astro-082214-122339
W3CXW2V2,journalArticle,2005,Sharpe et al.,"A luminous efficiency function, V*(lambda), for daylight adaptation",J. Vis.,y,3 Photobiology / LED for Plants,Radiometry_and_Photometry,,"PAR_and_Spectral_Radiation, Light_Quality_and_Photomorphogenesis, Horticultural_Lighting",,medium,"content-over-collection(Horticultural_Lighting -> Radiometry_and_Photometry, 6)",6,PAR_and_Spectral_Radiation,https://doi.org/10.1167/5.11.3
YF5HNCNZ,journalArticle,2011,Shimada & Taniguchi,Red and blue pulse timing control for pulse width modulation light dimming of light emitting diodes for plant cultivation,Journal of Photochemistry and Photobiology B: Biology,y,0 Articles / 4 DLI and supplementary light,Horticultural_Lighting,,"Light_Quality_and_Photomorphogenesis, Lighting_Strategy_and_Control",,medium,"content-over-collection(Lighting_Strategy_and_Control -> Horticultural_Lighting, 6)",6,Light_Quality_and_Photomorphogenesis,https://doi.org/10.1016/j.jphotobiol.2011.04.007
52TCA7AZ,presentation,2016,,Light transmission and distribution in vegetable greenhouses,,,0 Articles / 5 Agrivoltacis / Energy calculation,Greenhouse_Horticulture,,"Solar_Radiation_Modelling, PAR_and_Spectral_Radiation",#project/light-model,high,manual:light transmission in vegetable greenhouses,4,,https://www.canadiangreenhouseconference.com/attendee-information/speaker-program/speaker-program-wednesday/2016-presentations-for-posting/2016%20Light%20Transmission%20and%20Distribution_Hemming.pdf
FLRV6T39,journalArticle,1997,Simpson & Ritchie,Does RGP predict field performance? A debate,New Forests,y,0 Articles / 1 Ligh Spectra and Light Intensity / Light spectra and field trial | 1 Forestry / 1.1 Seedling Performance / 1.1.3 RGC | 0 Articles / 1 Ligh Spectra and Light Intensity | 0 Articles / 2 Long night treatment | 1 Forestry / 1.1 Seedling Performance,Forest_Seedling_Production,,"Forest_Regeneration, Light_Quality_and_Photomorphogenesis, Photoperiod_and_Dormancy_Induction",,high,"content-over-collection(Light_Quality_and_Photomorphogenesis -> Forest_Seedling_Production, 17)",17,Forest_Regeneration,https://doi.org/10.1023/A:1006542526433
9BFTAC46,journalArticle,1990,Simpson,"Frost hardiness, root growth capacity, and field performance relationships in interior spruce, lodgepole pine, Douglas-fir, and western hemlock seedlings",Canadian Journal of Forest Research,,1 Forestry / 1.1 Seedling Performance / 1.1.3 RGC,Forest_Seedling_Production,,"Frost_Hardiness_and_Freezing_Tests, Forest_Regeneration",#species/pinus-contorta,high,content(12),12,Frost_Hardiness_and_Freezing_Tests,
9R5SFFAL,report,2011,Sims,Energy-smart food for people and climate,,,0 Articles / 4 DLI and supplementary light,Lighting_Strategy_and_Control,,,,high,collection-prior,0,,https://mro.massey.ac.nz/handle/10179/11465
GI44ASYZ,journalArticle,2015,Singh et al.,LEDs for energy efficient greenhouse lighting,Renewable and Sustainable Energy Reviews,y,0 Articles / 4 DLI and supplementary light / 01 DLI / Supplementary light control | 0 Articles / 1 Ligh Spectra and Light Intensity / Light Intensity and gas exchange | 0 Articles / 1 Ligh Spectra and Light Intensity / Light spectra and field trial | 0 Articles / 1 Ligh Spectra and Light Intensity | 0 Articles / 4 DLI and supplementary light | 3 Photobiology / LED for Plants,Horticultural_Lighting,,"Greenhouse_Horticulture, Lighting_Strategy_and_Control, Photosynthesis_and_Gas_Exchange",,high,"content-over-collection(Lighting_Strategy_and_Control -> Horticultural_Lighting, 14)",14,Greenhouse_Horticulture,https://doi.org/10.1016/j.rser.2015.04.117
7VI94Q2H,bookSection,2016,Sirakaya,Urban Agriculture,International Environmental Law: Greening the Urban Living,y,2 Controlled Environment Agriculture / 2.2 Vertical Farming | 2 Controlled Environment Agriculture,Vertical_Farming_and_Urban_Agriculture,,,,high,content(6),6,,https://www.researchgate.net/publication/305688314_Urban_Agriculture
K5TFNEDX,journalArticle,1996,Sjerps-Koomen et al.,A simple model for PV module reflection losses under field conditions,Solar Energy,y,5 Photovoltaics / 5.5 PV Losses / 5.5.1 Angular losses,PV_System_Performance,,"Building_Integrated_PV, Solar_Radiation_Modelling",,medium,collection-prior,5,Building_Integrated_PV,https://doi.org/10.1016/S0038-092X(96)00137-5
74KXSE6J,journalArticle,2008,Skillman,Quantum yield variation across the three pathways of photosynthesis: not yet out of the dark,Journal of Experimental Botany,y,,Photosynthesis_and_Gas_Exchange,,,,high,content(8),8,Plant_Carbon_and_Water_Relations,https://doi.org/10.1093/jxb/ern029
Y6EVGLX6,webpage,2021,Skogfrøverket - The Norwegian Forest Seed Center,Planteskole statistikk 2020 - Leverte bruksplanter fra norske skogplanteskoler,,,,Forest_Seedling_Production,,Forestry_and_Agriculture_Statistics,,high,content(6),6,Forestry_and_Agriculture_Statistics,https://www.skogfroverket.no/bibliotek/
QH67ZG3A,webpage,,Skogsaktuellt,Nytt aggregat för markberedning lanseras,,y,1 Forestry / 2 Forest regeneration,Forest_Regeneration,,,,high,collection-prior,0,,https://www.skogsaktuellt.se/Default.asp?p=32847&%3Bpt=108&%3Bm=1422
SUZKPBXJ,report,2021,Skogsstyrelsen - The Swedish Forest Agency,Production of seedlings 2020 (Produktion av skogsplantor 2020) - Statistika Meddelanden:  JO0313 SM 2001,,y,,Swedish_Forestry,,,#species/picea-abies #region/sweden,medium,content-weak(3),3,Forest_Seedling_Production,https://www.skogsstyrelsen.se/globalassets/statistik/statistiska-meddelanden/sm-levererade-skogsplantor-2020.pdf
IJELJATY,document,2020,Skogsstyrelsen - The Swedish Forest Agency,Skogsvårds lagstiftningen - Gällande regler 1 april 2020 (The Forestry Act),The Swedish Forest Agency,,0 Articles / 1 Ligh Spectra and Light Intensity / Light spectra and field trial,Light_Quality_and_Photomorphogenesis,,Forest_Seedling_Production,,high,collection-prior,0,,https://www.skogsstyrelsen.se/globalassets/lag-och-tillsyn/skogsvardslagen/skogsvardslagstiftningen_2020_1_april.pdf
2IW8BVJE,report,2009,Sma Ag,Messgenauigkeit - Energiewerte und Wirkungsgrad für PV-Wechselrichter,,,7 Statistics,Statistics_and_Data_Analysis,,,,high,collection-prior,0,,
BQ6G5ZPK,journalArticle,2016,Smet et al.,Energy performance model of photovoltaic glazings in greenhouses,,y,0 Articles / 5 Agrivoltacis / Solar Greenhouse,PV_Greenhouses,,"Greenhouse_Horticulture, Agrivoltaics",,medium,collection-prior,4,PV_System_Performance,http://lib.ugent.be/catalog/rug01:002301107
FTQXBB8F,journalArticle,2017,Smirnakou et al.,Effects of continuous spectrum LEDs used in indoor cultivation of two coniferous species  Pinus sylvestris  L. and  Abies borisii-regis  Mattf,Scand. J. For. Res.,y,0 Articles / 1 Ligh Spectra and Light Intensity / Light spectra and field trial | 0 Articles / 4 DLI and supplementary light / 03 LED seedling cultivation | 0 Articles / 1 Ligh Spectra and Light Intensity | 0 Articles / 4 DLI and supplementary light | 3 Photobiology / LED for Plants,Horticultural_Lighting,,"Vertical_Farming_and_Urban_Agriculture, Forest_Seedling_Production, Light_Quality_and_Photomorphogenesis",#species/pinus-sylvestris,high,"content-over-collection(Light_Quality_and_Photomorphogenesis -> Horticultural_Lighting, 9)",9,Vertical_Farming_and_Urban_Agriculture,https://doi.org/10.1080/02827581.2016.1227470
LQ3XJGUS,bookSection,2014,Smith et al.,"Agriculture, forestry and other land use (AFOLU)",Climate change 2014: mitigation of climate change. Contribution of Working Group III to the Fifth Assessment Report of the Intergovernmental Panel on Climate Change,y,2 Controlled Environment Agriculture / 2.2 Vertical Farming | 4 Energy / Water and population | 1 Forestry | 2 Controlled Environment Agriculture | 4 Energy,Climate_Change,,Vertical_Farming_and_Urban_Agriculture,,high,"content-over-collection(Vertical_Farming_and_Urban_Agriculture -> Climate_Change, 9)",9,,http://www.forskningsdatabasen.dk/en/catalog/2261004406
3X8ZFLRH,journalArticle,1931,Smith & Guild,The C.I.E. colorimetric standards and their use,Transactions of the Optical Society,y,,Radiometry_and_Photometry,,,#project/msc-thesis,high,manual:CIE colorimetric standards; belongs with the units papers,3,Radiometry_and_Photometry,https://doi.org/10.1088/1475-4878/33/3/301
KZM3DWEQ,journalArticle,1982,Smith,"Light Quality, Photoperception, and Plant Strategy",Annu. Rev. Plant Physiol.,,0 Articles / 1 Ligh Spectra and Light Intensity / Light spectra and field trial / R:FR | 0 Articles / 1 Ligh Spectra and Light Intensity / Light spectra and field trial | 3 Photobiology / Spectra,Light_Quality_and_Photomorphogenesis,,,,high,content(6),6,,https://doi.org/10.1146/annurev.pp.33.060182.002405
KEVALBE3,journalArticle,2000,Smith,Phytochromes and light signal perception by plants—an emerging synthesis,Nature,,0 Articles / 1 Ligh Spectra and Light Intensity / Light spectra and field trial / R:FR | 0 Articles / 1 Ligh Spectra and Light Intensity / Light spectra and field trial,Light_Quality_and_Photomorphogenesis,,,,high,content(6),6,,
JYU2NWFL,bookSection,1994,Smith,Sensing the light environment: the functions of the phytochrome family,Photomorphogenesis in Plants,y,0 Articles / 1 Ligh Spectra and Light Intensity / Light spectra and field trial / R:FR,Light_Quality_and_Photomorphogenesis,,,,high,content(9),9,,https://link.springer.com/chapter/10.1007/978-94-011-1884-2_15
VY6L9TVD,webpage,2011,SNE research,CZTS (universal element-used In free low-cost CIS based) thin-film solar cell development trends - Part.1,,,5 Photovoltaics / 5.2 PV components / 5.2.1 PV cells and modules,Thin_Film_Solar_Cells,,PV_Cell_and_Module_Technologies,,high,manual:CZTS technology trends,10,Thin_Film_Solar_Cells,http://www.sneresearch.com/eng/info/show.php?c_id=4964&pg=5&s_sort=&sub_cat=&s_type=&s_word=
U2BQMC7H,webpage,,,Snytbagge - åtgärder mot skador,,y,1 Forestry / 2 Forest regeneration,Forest_Regeneration,,,,high,collection-prior,0,,https://www.skogskunskap.se:443/skota-barrskog/foryngra/skador-i-foryngringen/snytbagge---atgarder-mot-skador/
7UU35SD4,webpage,,,Snytbaggen - kunskap och aktuell forskning,,,1 Forestry / 2 Forest regeneration,Forest_Regeneration,,,,high,collection-prior,0,,http://snytbagge.slu.se/biologi.php
MPYEINTA,journalArticle,2009,Søgaard et al.,"Effect of frost nights and day and night temperature during dormancy induction on frost hardiness, tolerance to cold storage and bud burst in seedlings of Norwa",Trees,y,0 Articles / 2 Long night treatment | 1 Forestry / 1.1 Seedling Performance,Frost_Hardiness_and_Freezing_Tests,,"Photoperiod_and_Dormancy_Induction, Forest_Seedling_Production",#species/picea-abies #region/norway,high,"content-over-collection(Photoperiod_and_Dormancy_Induction -> Frost_Hardiness_and_Freezing_Tests, 17)",17,Photoperiod_and_Dormancy_Induction,https://doi.org/10.1007/s00468-009-0371-7
IUHDSB4A,webpage,,,Solar Consulting Services - Smarts,,,4 Energy / 4.1 Solar Radiation | 4 Energy,Solar_Radiation_Modelling,,,,high,collection-prior,0,,http://www.solarconsultingservices.com/smarts.php
J96YQJKB,document,,,SOLARO 3320 O E AW | Climate Screens Products,AB Ludvig Svensson,y,0 Articles / 3 Light shock,Greenhouse_Horticulture,,"Photosynthesis_and_Gas_Exchange, Photoinhibition_and_Light_Stress",,high,manual:Ludvig Svensson climate screen product,1,,https://www.ludvigsvensson.com/en/climate-screens/climate-screens-products/solaro/solaro-3320-o-e-aw/
BAPNEDLE,webpage,,,SolarPro Magazine,,y,5 Photovoltaics / 5.3 PV systems design,PV_System_Performance,,PV_Electrical_Design_and_Inverters,#project/msc-thesis,high,manual:SolarPro performance-modelling articles,1,,http://solarprofessional.com/articles/design-installation/pv-performance-modeling?v=disable_pagination
SRWVG7AH,webpage,,,Solar Radiation Data - SoDa,,,4 Energy / 4.1 Solar Radiation | 5 Photovoltaics / 5.0 TÜV Mustergutachten | 4 Energy,Solar_and_Weather_Data,,Solar_Radiation_Modelling,,medium,"content-over-collection(Solar_Radiation_Modelling -> Solar_and_Weather_Data, 6)",6,Solar_Radiation_Modelling,http://www.soda-pro.com/
84IC9YKY,webpage,,,Solar Resource Maps and Data,,,,Solar_and_Weather_Data,,,,high,content(6),6,,https://www.nrel.gov/gis/solar-resource-maps.html
GAHFNQ4J,book,2019,,Solceller: råd och regler för elinstallationen: en handbok utgiven av SEK Svensk Elstandard,SEK Svensk Elstandard,,5 Photovoltaics,PV_Electrical_Design_and_Inverters,,,#region/sweden,high,content(6),6,PV_Cell_and_Module_Technologies,
TPH4P4X6,journalArticle,2010,Sonneveld et al.,Feasibility study for combining cooling and high grade energy production in a solar greenhouse,Biosystems Eng.,y,0 Articles / 5 Agrivoltacis / Solar Greenhouse | 0 Articles / 4 DLI and supplementary light | 2 Controlled Environment Agriculture / 2.1 Greenhouses and Growth chambers | 2 Controlled Environment Agriculture,PV_Greenhouses,,"Greenhouse_Horticulture, Agrivoltaics, Lighting_Strategy_and_Control",,high,content(6),6,Greenhouse_Horticulture,https://doi.org/10.1016/j.biosystemseng.2009.09.012
7UMMKDUM,journalArticle,2010,Sonneveld et al.,Performance results of a solar greenhouse combining electrical and thermal energy production,Biosystems Eng.,y,0 Articles / 5 Agrivoltacis / Solar Greenhouse | 0 Articles / 4 DLI and supplementary light | 2 Controlled Environment Agriculture / 2.1 Greenhouses and Growth chambers | 2 Controlled Environment Agriculture,PV_Greenhouses,,"Greenhouse_Horticulture, Agrivoltaics, Lighting_Strategy_and_Control",#region/netherlands,high,content(6),6,Greenhouse_Horticulture,https://doi.org/10.1016/j.biosystemseng.2010.02.003
89MKL8PY,journalArticle,2009,Soriano et al.,Solar radiation transmission in Mediterranean plastic greenhouses.,Acta Horticulturae,,0 Articles / 5 Agrivoltacis / Energy calculation,Greenhouse_Horticulture,,"Solar_Radiation_Modelling, PAR_and_Spectral_Radiation",#project/light-model,high,manual:transmission in plastic greenhouses,4,Solar_Radiation_Modelling,
5TA8F6L9,journalArticle,2020,Soufeiani et al.,Corrosion protection of steel elements in façade systems – A review,Journal of Building Engineering,y,5 Photovoltaics / 5.8 BOS materials,Site_Layout_and_Civil_Design,,,,high,"manual:steel corrosion; kept for mounting structures, not BIPV",6,Site_Layout_and_Civil_Design,https://doi.org/10.1016/j.jobe.2020.101759
6WI3PYD8,journalArticle,2012,Sousa,Energy simulation software for buildings: review and comparison,,y,0 Articles / 4 DLI and supplementary light | 2 Controlled Environment Agriculture / 2.1 Greenhouses and Growth chambers | 5 Photovoltaics / 5.6 PV software | 2 Controlled Environment Agriculture,Lighting_Strategy_and_Control,,"Greenhouse_Horticulture, PV_Modelling_Tools",,medium,collection-prior,4,,http://citeseerx.ist.psu.edu/viewdoc/download?doi=10.1.1.416.7812&rep=rep1&type=pdf
6D85BWXF,journalArticle,1999,South & Mitchell,"Determining the ""optimum"" slash pine seedling size for use with four levels of vegetation management on a flatwoods site in Georgia, U.S.A",Can. J. For. Res.,y,0 Articles / 1 Ligh Spectra and Light Intensity / Light Intensity and gas exchange | 0 Articles / 1 Ligh Spectra and Light Intensity / Light spectra and field trial | 0 Articles / 1 Ligh Spectra and Light Intensity | 1 Forestry / 1.1 Seedling Performance,Forest_Regeneration,,"Light_Quality_and_Photomorphogenesis, Photosynthesis_and_Gas_Exchange, Forest_Seedling_Production",,medium,"content-over-collection(Photosynthesis_and_Gas_Exchange -> Forest_Regeneration, 7)",7,Forest_Seedling_Production,https://doi.org/10.1139/x99-048
JY5K2EJM,computerProgram,2017,,rnaturalearth: World Map Data from Natural Earth,,y,0 Articles / 4 DLI and supplementary light / 06 Data,Global_Datasets_and_Catalogs,,,#type/tool,high,content(6),6,,https://CRAN.R-project.org/package=rnaturalearth
CS9GJGVW,report,2001,Spaargaren,Supplemental lighting for greenhouse crops,,y,,Lighting_Strategy_and_Control,,Greenhouse_Horticulture,,high,content(6),6,Greenhouse_Horticulture,https://scholar.google.com/scholar_lookup?title=Supplemental+lighting+for+greenhouse+crops&author=Spaargaren%2C+J.J.&publication_year=2001
M2TWDVNU,journalArticle,1996,Sprugel et al.,Effects of light on shoot geometry and needle morphology in  Abies amabilis ,Tree Physiology,y,0 Articles / 1 Ligh Spectra and Light Intensity / Light Intensity and gas exchange / G.Ex - Light response curves | 0 Articles / 1 Ligh Spectra and Light Intensity / Light Intensity and gas exchange | 0 Articles / 3 Light shock,Photosynthesis_and_Gas_Exchange,,Photoinhibition_and_Light_Stress,,high,collection-prior,4,Light_Quality_and_Photomorphogenesis,https://doi.org/10.1093/treephys/16.1-2.91
989BFQUT,journalArticle,2013,Staley,Solar-Smart Urban Forests in the New Energy Economy,,y,2 Controlled Environment Agriculture / 2.2 Vertical Farming | 2 Controlled Environment Agriculture,Vertical_Farming_and_Urban_Agriculture,,,,high,collection-prior,0,,http://www.smartgrowth.org/nationalconversation/papers/Staley_Smart%20.pdf
WSGSW6ZK,bookSection,2018,Stanghellini et al.,Crop as a production machine,Greenhouse horticulture,y,0 Articles / 4 DLI and supplementary light,Lighting_Strategy_and_Control,,,,medium,collection-prior,3,Agriculture,https://www.wageningenacademic.com/doi/book/10.3920/978-90-8686-879-7
654VGEQM,bookSection,2018,Stanghellini et al.,Greenhouses: why?,Greenhouse horticulture,y,0 Articles / 4 DLI and supplementary light / 05 Greenhouse energy,Greenhouse_Horticulture,,"Vertical_Farming_and_Urban_Agriculture, Lighting_Strategy_and_Control",,high,collection-prior,4,Vertical_Farming_and_Urban_Agriculture,https://www.wageningenacademic.com/doi/book/10.3920/978-90-8686-879-7
W99L2NTI,bookSection,2018,Stanghellini et al.,"Radiation, greenhouse cover and temperature",Greenhouse horticulture,y,,Greenhouse_Horticulture,,Vertical_Farming_and_Urban_Agriculture,,high,content(10),10,Vertical_Farming_and_Urban_Agriculture,https://www.wageningenacademic.com/doi/book/10.3920/978-90-8686-879-7
BQLS9GUS,bookSection,2018,Stanghellini et al.,Supplementary lighting,Greenhouse horticulture,y,,Lighting_Strategy_and_Control,,Vertical_Farming_and_Urban_Agriculture,,high,content(6),6,Vertical_Farming_and_Urban_Agriculture,https://www.wageningenacademic.com/doi/book/10.3920/978-90-8686-879-7
WS6YZHRD,bookSection,2018,Stanghellini et al.,Vertical farms,Greenhouse horticulture,y,,Vertical_Farming_and_Urban_Agriculture,,,,high,content(6),6,Greenhouse_Horticulture,https://www.wageningenacademic.com/doi/book/10.3920/978-90-8686-879-7
E5MVG35F,journalArticle,2014,Stanturf et al.,Contemporary forest restoration: A review emphasizing function,Forest Ecology and Management,y,0 Articles / 4 DLI and supplementary light | 1 Forestry,Forest_Regeneration,,"Climate_Change, Lighting_Strategy_and_Control",,medium,"content-over-collection(Lighting_Strategy_and_Control -> Forest_Regeneration, 8)",8,Climate_Change,https://doi.org/10.1016/j.foreco.2014.07.029
HSFCKXJ7,journalArticle,2012,Stattin et al.,Development of a molecular test to determine the vitality status of Norway spruce ( Picea abies ) seedlings during frozen storage,New Forests,y,0 Articles / 2 Long night treatment | 0 Articles / 4 DLI and supplementary light | 1 Forestry / 1.1 Seedling Performance,Frost_Hardiness_and_Freezing_Tests,,"Forest_Seedling_Production, Photoperiod_and_Dormancy_Induction, Lighting_Strategy_and_Control",#species/picea-abies #region/norway,medium,"content-over-collection(Photoperiod_and_Dormancy_Induction -> Frost_Hardiness_and_Freezing_Tests, 8)",8,Forest_Seedling_Production,https://doi.org/10.1007/s11056-012-9320-1
33GZI5DA,journalArticle,1999,Stattin & Lindström,Influence of soil temperature on root freezing tolerance of Scots pine ( Pinus sylvestris  L.) seedlings,Plant Soil,y,0 Articles / 2 Long night treatment | 0 Articles / 4 DLI and supplementary light | 1 Forestry / 1.1 Seedling Performance,Frost_Hardiness_and_Freezing_Tests,,"Forest_Seedling_Production, Photoperiod_and_Dormancy_Induction, Lighting_Strategy_and_Control",#species/pinus-sylvestris,high,"content-over-collection(Photoperiod_and_Dormancy_Induction -> Frost_Hardiness_and_Freezing_Tests, 9)",9,Forest_Seedling_Production,https://doi.org/10.1023/A:1004676514537
F9R3MA6S,journalArticle,1999,Stattin,Root freezing tolerance and storability of Scots pine and Norway spruce seedlings,,y,0 Articles / 2 Long night treatment,Forest_Seedling_Production,,"Frost_Hardiness_and_Freezing_Tests, Photoperiod_and_Dormancy_Induction",#species/picea-abies #species/pinus-sylvestris #region/norway,medium,"content-over-collection(Photoperiod_and_Dormancy_Induction -> Forest_Seedling_Production, 8)",8,Frost_Hardiness_and_Freezing_Tests,http://urn.kb.se/resolve?urn=urn:nbn:se:du-1773
LFGH3ZIV,journalArticle,2000,Stattin et al.,Storability and root freezing tolerance of Norway spruce ( Picea abies ) seedlings,Can. J. For. Res.,,0 Articles / 2 Long night treatment,Forest_Seedling_Production,,"Frost_Hardiness_and_Freezing_Tests, Photoperiod_and_Dormancy_Induction",#species/picea-abies #region/norway,medium,"content-over-collection(Photoperiod_and_Dormancy_Induction -> Forest_Seedling_Production, 8)",8,Frost_Hardiness_and_Freezing_Tests,
IHBD8XJB,report,2017,Stein,PV Performance Modeling Methods and Practices: Results from the 4th PV Performance Modeling Collaborative Workshop,,,5 Photovoltaics / 5.4 PV Performance and Monitoring,PV_System_Performance,,,#project/msc-thesis/4-2,high,collection-prior,2,,https://www.osti.gov/scitech/biblio/1347082
MRQ8TYGF,conferencePaper,2010,Stein et al.,A standardized approach to PV system performance model validation,,y,5 Photovoltaics / 5.4 PV Performance and Monitoring,PV_System_Performance,,PV_Cell_and_Module_Technologies,#project/msc-thesis/4-2,high,content(8),8,PV_Cell_and_Module_Technologies,https://doi.org/10.1109/PVSC.2010.5614696
PYQ4ALAB,conferencePaper,2010,Stellbogen et al.,Comparative Outdoor Characterisation of PV Modules Across Europe,,y,5 Photovoltaics / 5.4 PV Performance and Monitoring,PV_System_Performance,,PV_Cell_and_Module_Technologies,#project/msc-thesis/4-2,high,collection-prior,4,PV_Cell_and_Module_Technologies,
BKNS4G55,journalArticle,1999,Stenberg et al.,"Shoot structure, canopy openness, and light interception in Norway spruce","Plant, Cell & Environment",y,0 Articles / 1 Ligh Spectra and Light Intensity / Light Intensity and gas exchange / G.Ex - Light response curves | 0 Articles / 1 Ligh Spectra and Light Intensity / Light Intensity and gas exchange | 0 Articles / 3 Light shock,Photosynthesis_and_Gas_Exchange,,Photoinhibition_and_Light_Stress,#species/picea-abies #region/norway,medium,collection-prior,3,Plant_Carbon_and_Water_Relations,https://doi.org/10.1046/j.1365-3040.1999.00484.x
B47BFJZW,journalArticle,2001,Stenberg et al.,Shoot structure and photosynthetic efficiency along the light gradient in a Scots pine canopy,Tree Physiology,y,0 Articles / 1 Ligh Spectra and Light Intensity / Light Intensity and gas exchange / G.Ex - Light response curves | 0 Articles / 1 Ligh Spectra and Light Intensity / Light Intensity and gas exchange | 0 Articles / 3 Light shock,Photosynthesis_and_Gas_Exchange,,"Lighting_Strategy_and_Control, Photoinhibition_and_Light_Stress",#species/pinus-sylvestris,medium,collection-prior,3,Lighting_Strategy_and_Control,https://doi.org/10.1093/treephys/21.12-13.805
SYNRUYW6,journalArticle,2010,Stendahl et al.,Soil organic carbon in Swedish spruce and pine forests – differences in stock levels and regional patterns,Silva Fennica,y,0 Articles / 5 Agrivoltacis / Energy calculation | 0 Articles / 4 DLI and supplementary light,Swedish_Forestry,,"Solar_Radiation_Modelling, PAR_and_Spectral_Radiation, Lighting_Strategy_and_Control",#project/light-model #species/picea-abies #species/pinus-sylvestris #region/sweden #region/norway,high,manual:soil organic carbon in Swedish forests,0,,https://doi.org/10.14214/sf.159
E8XW75M3,journalArticle,2005,Stettler et al.,Failure detection routine for grid-connected PV systems as part of the PVSAT-2 project,Proceedings of the,y,5 Photovoltaics / 5.4 PV Performance and Monitoring,PV_System_Performance,,,#project/msc-thesis/4-2,high,collection-prior,1,,https://www.researchgate.net/profile/Wilfried_Van_Sark/publication/46675106_Failure_detection_routine_for_grid_connected_PV_systems_as_part_of_the_PVSAT-2_project/links/0912f5093e943e797b000000.pdf
RX3UZSGC,conferencePaper,2008,Stettler et al.,Quality of Energy Yield Reports,,y,5 Photovoltaics / 5.4 PV Performance and Monitoring,PV_System_Performance,,PV_Degradation_and_Reliability,#project/msc-thesis/4-2,high,content(6),6,PV_Degradation_and_Reliability,https://doi.org/10.4229/23rdEUPVSEC2008-6DV.5.18
2G5JDD2B,report,2017,Stober et al.,Energy Savings Potential of SSL in Horticultural Applications,,y,,Horticultural_Lighting,,,,medium,content-weak(4),4,,https://www.osti.gov/biblio/1418429
J3M9U7F7,journalArticle,1971,Stone & Jenkinson,Physiological grading of ponderosa pine nursery stock,Journal of Forestry,,1 Forestry / 1.1 Seedling Performance / 1.1.3 RGC,Forest_Seedling_Production,,Forest_Regeneration,,high,content(6),6,,
US6FQHQZ,book,2009,Storey,Electronics: A Systems Approach,Prentice Hall,y,5 Photovoltaics / 5.2 PV components / 5.2.1 PV cells and modules,PV_Cell_and_Module_Technologies,,,,medium,collection-prior,3,,http://www.amazon.co.uk/Electronics-Approach-Dr-Neil-Storey/dp/0273719181
UHWXVFP2,webpage,,,Strålning | SMHI,,,0 Articles / 4 DLI and supplementary light,Solar_and_Weather_Data,,Lighting_Strategy_and_Control,,medium,"content-over-collection(Lighting_Strategy_and_Control -> Solar_and_Weather_Data, 6)",6,,https://www.smhi.se/data/meteorologi/stralning
P45YQYMP,webpage,,,Strategies for Supplemental Lighting,,y,0 Articles / 4 DLI and supplementary light / 01 DLI / Supplementary light control,Lighting_Strategy_and_Control,,"Photoperiod_and_Dormancy_Induction, Greenhouse_Horticulture",,high,content(11),11,Photoperiod_and_Dormancy_Induction,https://gpnmag.com/article/strategies-supplemental-lighting-0/
J5ARNGPH,conferencePaper,1969,Street,Factors influencing the initiation and activity of meristems in roots,London : Butterworths,,1 Forestry / 1.1 Seedling Performance / 1.1.3 RGC,Forest_Seedling_Production,,Forest_Regeneration,,high,collection-prior,0,,
BZ6IHFQP,journalArticle,2010,Strimbeck & Kjellsen,First frost: Effects of single and repeated freezing events on acclimation in  Picea abies  and other boreal and temperate conifers,Forest Ecology and Management,y,0 Articles / 2 Long night treatment,Frost_Hardiness_and_Freezing_Tests,,Photoperiod_and_Dormancy_Induction,#species/picea-abies,high,"content-over-collection(Photoperiod_and_Dormancy_Induction -> Frost_Hardiness_and_Freezing_Tests, 9)",9,Greenhouse_Horticulture,https://doi.org/10.1016/j.foreco.2010.01.029
FTC5BYYA,journalArticle,2009,Strobel et al.,Uncertainty in Photovoltaic performance parameters - dependence on location and material,Sol. Energy Mater. Sol. Cells,y,7 Statistics,Statistics_and_Data_Analysis,,PV_Standards_and_Measurement,,medium,collection-prior,5,PV_Standards_and_Measurement,https://doi.org/10.1016/j.solmat.2009.02.003
53F4IZCI,journalArticle,1998,Stuefer & Huber,"Differential effects of light quantity and spectral light quality on growth, morphology and development of two stoloniferous Potentilla species",Oecologia,y,0 Articles / 1 Ligh Spectra and Light Intensity / Light Intensity and gas exchange | 0 Articles / 3 Light shock,Light_Quality_and_Photomorphogenesis,,"PAR_and_Spectral_Radiation, Photosynthesis_and_Gas_Exchange, Photoinhibition_and_Light_Stress",,high,"content-over-collection(Photosynthesis_and_Gas_Exchange -> Light_Quality_and_Photomorphogenesis, 16)",16,PAR_and_Spectral_Radiation,https://doi.org/10.1007/s004420050624
RA8FZWS7,report,1978,Stultz,Thermal and other tests of photovoltaic modules performed in natural sunlight,,y,5 Photovoltaics / 5.5 PV Losses / 5.5.5 Thermal effects,PV_System_Performance,,PV_Degradation_and_Reliability,,medium,collection-prior,3,PV_Degradation_and_Reliability,http://ntrs.nasa.gov/archive/nasa/casi.ntrs.nasa.gov/19790011289_1979011289.pdf
D74SINEX,journalArticle,2009,Stutte,Light-emitting Diodes for Manipulating the Phytochrome Apparatus,HortScience,y,0 Articles / 1 Ligh Spectra and Light Intensity / Light spectra and field trial / R:FR | 0 Articles / 1 Ligh Spectra and Light Intensity / Light spectra and field trial | 0 Articles / 1 Ligh Spectra and Light Intensity,Light_Quality_and_Photomorphogenesis,,Horticultural_Lighting,,high,content(12),12,Horticultural_Lighting,http://hortsci.ashspublications.org/content/44/2/231
J7CSPG8W,book,2006,Sundseth,Natura 2000 in the Boreal region,Office for Official Publications of the European Communities,,0 Articles / 0 Thesis,Permitting_and_Environmental_Assessment,,,#project/thesis,high,content(6),6,,
PD5RRYQD,journalArticle,2019,Sung et al.,The Persistence of Container Nursery Treatments on the Field Performance and Root System Morphology of Longleaf Pine Seedlings,Forests,y,1 Forestry / 2 Forest regeneration,Forest_Seedling_Production,,Forest_Regeneration,,high,"content-over-collection(Forest_Regeneration -> Forest_Seedling_Production, 15)",15,Forest_Regeneration,https://doi.org/10.3390/f10090807
3W6VE6QZ,journalArticle,2015,Sun et al.,Mapping monthly distribution of daily light integrals across China,,,,Lighting_Strategy_and_Control,,,,high,content(10),10,,
BFV2B9YG,journalArticle,2018,Sunoj et al.,Color calibration of digital images for agriculture and other applications,ISPRS Journal of Photogrammetry and Remote Sensing,y,0 Articles / 6 Image and color analysis / Image analysis and Phenotyping | 0 Articles / 6 Image and color analysis / Photobox,Plant_Phenotyping_and_Image_Analysis,,Remote_Sensing,,high,manual:camera colour calibration for agriculture imaging,6,Remote_Sensing,https://doi.org/10.1016/j.isprsjprs.2018.09.015
9UEAVQ3C,conferencePaper,2006,Suri et al.,Online data and tools for estimation of solar electricity in Africa: the PVGIS approach,WIP-Renewable Energies,y,0 Articles / 4 DLI and supplementary light / 06 Data,Solar_and_Weather_Data,,Solar_Radiation_Modelling,,high,content(9),9,Solar_Radiation_Modelling,https://publications.jrc.ec.europa.eu/repository/handle/JRC30889
GDDAQ342,journalArticle,2005,Šúri et al.,PV-GIS: a web-based solar radiation database for the calculation of PV potential in Europe,International Journal of Sustainable Energy,y,0 Articles / 4 DLI and supplementary light / 06 Data,Solar_and_Weather_Data,,Solar_Radiation_Modelling,,high,content(9),9,Solar_Radiation_Modelling,https://doi.org/10.1080/14786450512331329556
ER3UCHLV,conferencePaper,2011,Šúri et al.,SolarGIS: Solar data and online applications for PV planning and performance assessment,,,,Solar_and_Weather_Data,,,,high,content(6),6,PV_System_Performance,
2RPGZNT5,journalArticle,1987,Sutton,Root growth capacity and field performance of jack pine and black spruce in boreal stand establishment in Ontario,Can. J. For. Res.,y,1 Forestry / 1.1 Seedling Performance / 1.1.3 RGC | 1 Forestry / 1.1 Seedling Performance,Forest_Seedling_Production,,Forest_Regeneration,,high,content(16),16,Forest_Regeneration,https://doi.org/10.1139/x87-127
3IBQEHE2,journalArticle,1980,Sutton,"Techniques for Evaluating Planting Stock Quality. International Union of Forestry Research Organizations (IUFRO) Workshop, New Zealand August 1979.",The Forestry Chronicle,,1 Forestry / 1.1 Seedling Performance / 1.1.3 RGC,Forest_Seedling_Production,,Forest_Regeneration,,high,content(6),6,,
GUFL4W4F,webpage,,,"Svegro AB · Torslundavägen 20, 179 96 Svartsjö",,y,,Forest_Seedling_Production,,,,medium,content-weak(3),3,,"https://www.google.com/maps/place/Svegro+AB/@59.3549262,17.6762616,643m/data=!3m1!1e3!4m5!3m4!1s0x0:0xd92d9bbe9045f8b6!8m2!3d59.3545407!4d17.6778924"
TLLBYS52,report,2018,Swedish Forest Agency,Production of seedlings 2017 (Produktion av skogsplantor 2017) - Statistika Meddelanden:  JO0313 SM 1701,,y,0 Articles / 1 Ligh Spectra and Light Intensity / Light spectra and field trial | 1 Forestry,Light_Quality_and_Photomorphogenesis,,Forest_Seedling_Production,#region/sweden,medium,collection-prior,2,,https://www.skogsstyrelsen.se/globalassets/statistik/statistiska-meddelanden/produktion-av-skogsplantor-jo0313/2017-statistiska-meddelanden-produktion-av-skogsplantor-korrigerad.pdf
TM4UUL4V,report,2019,Swedish Forest Agency,Production of seedlings 2018 (Produktion av skogsplantor 2018) - Statistika Meddelanden:  JO0313 SM 1901,,y,0 Articles / 2 Long night treatment,Forestry_and_Agriculture_Statistics,,"Frost_Hardiness_and_Freezing_Tests, Photoperiod_and_Dormancy_Induction",#region/sweden,high,manual:Swedish seedling production statistics,2,,https://www.skogsstyrelsen.se/globalassets/statistik/statistiska-meddelanden/produktion-av-skogsplantor-jo0313/2017-statistiska-meddelanden-produktion-av-skogsplantor-korrigerad.pdf
NN4XXW5B,webpage,,Swedish Meteorological and Hydrological Institute -SMHI,SMHI Öppna Data | Meteorologiska Observationer,,,0 Articles / 0 Thesis | 4 Energy / 4.1 Solar Radiation | 5 Photovoltaics / 5.0 TÜV Mustergutachten | 4 Energy,Solar_and_Weather_Data,,Solar_Radiation_Modelling,#project/thesis #project/msc-thesis,medium,"content-over-collection(Solar_Radiation_Modelling -> Solar_and_Weather_Data, 6)",6,,http://opendata-download-metobs.smhi.se/explore/
EVG4E6VT,webpage,,Swedish Meteorological and Hydrological Institute (SMHI),Climate indicators – length of vegetation period,,,0 Articles / 0 Thesis | 0 Articles / 4 DLI and supplementary light,Lighting_Strategy_and_Control,,,#project/thesis #project/msc-thesis,high,collection-prior,0,,https://www.smhi.se/en/climate/climate-indicators/climate-indicators-length-of-vegetation-period-1.91482
ULV5UPRT,report,2013,Swinkels et al.,Protocol for measuring light transmission of horticultural screens,,y,0 Articles / 5 Agrivoltacis / Energy calculation,Greenhouse_Horticulture,,"PAR_and_Spectral_Radiation, Solar_Radiation_Modelling",#project/light-model,medium,"content-over-collection(PAR_and_Spectral_Radiation -> Greenhouse_Horticulture, 8)",8,PAR_and_Spectral_Radiation,https://library.wur.nl/WebQuery/wurpubs/446304
NK26TJYA,conferencePaper,2012,Swinkels,Transvision: A light transmission measurement system for greenhouse covering materials,,,0 Articles / 5 Agrivoltacis / Energy calculation,Greenhouse_Horticulture,,"Solar_Radiation_Modelling, PAR_and_Spectral_Radiation",,high,"content-over-collection(PAR_and_Spectral_Radiation -> Greenhouse_Horticulture, 10)",10,,
PAB87A45,bookSection,2021,Sze et al.,Chapter 12 LEDs and Lasers,Physics of Semiconductor Devices,y,,Horticultural_Lighting,,,,high,content(6),6,PV_Cell_and_Module_Technologies,
JX4AA4VU,journalArticle,2014,Taguchi et al.,24.7% Record Efficiency HIT Solar Cell on Thin Silicon Wafer,IEEE Journal of Photovoltaics,y,5 Photovoltaics / 5.2 PV components / 5.2.1 PV cells and modules,PV_Cell_and_Module_Technologies,,,,high,content(10),10,,https://doi.org/10.1109/JPHOTOV.2013.2282737
FLF2SIPS,bookSection,2001,Tamayo et al.,Gas Exchange Techniques in Photosynthesis and Respiration Infrared Gas Analyser,Handbook of Plant Ecophysiology Techniques,,1 Forestry / 1.1 Seedling Performance / 1.1.2 Gas Ex. and Ch. F.,Photosynthesis_and_Gas_Exchange,,Chlorophyll_Fluorescence,,high,content(8),8,,http://link.springer.com/chapter/10.1007/0-306-48057-3_8
A27FZ9NT,conferencePaper,2003,TamizhMani et al.,Photovoltaic module thermal/wind performance: long-term monitoring and model development for energy rating,,,5 Photovoltaics / 5.4 PV Performance and Monitoring,PV_Standards_and_Measurement,,PV_System_Performance,#project/msc-thesis/4-2,medium,"content-over-collection(PV_System_Performance -> PV_Standards_and_Measurement, 6)",6,PV_System_Performance,http://www.nrel.gov/docs/fy03osti/35645.pdf
UX8ZX6UF,journalArticle,2012,Tantau et al.,Solar transmittance of greenhouse covering materials,Acta Horticulturae,y,,Greenhouse_Horticulture,,PAR_and_Spectral_Radiation,,high,content(10),10,PAR_and_Spectral_Radiation,https://doi.org/10.17660/ActaHortic.2012.956.51
VZTVAD56,book,2010,Taylor,Guidelines for PV Power Measurements in Industry,Publications Office of the European Union,y,5 Photovoltaics / 5.4 PV Performance and Monitoring,PV_Cell_and_Module_Technologies,,"PV_Standards_and_Measurement, PV_System_Performance",#project/msc-thesis/4-2,medium,"content-over-collection(PV_System_Performance -> PV_Cell_and_Module_Technologies, 6)",6,PV_Standards_and_Measurement,http://publications.jrc.ec.europa.eu/repository/handle/111111111/15103
K5D64SAY,book,1997,Taylor,An Introduction to Error Analysis: The Study of Uncertainties in Physical Measurements,University Science Books,y,7 Statistics,Statistics_and_Data_Analysis,,,,medium,collection-prior,4,Statistics_and_Data_Analysis,http://books.google.de/books?id=giFQcZub80oC
AAM6BPQE,journalArticle,1999,Tazawa,Effects of various radiant sources on plant growth (Part 2),Jpn. Agric. Res. Q.,,3 Photobiology / Spectra,Light_Quality_and_Photomorphogenesis,,,,high,collection-prior,0,,
N2B87JYP,journalArticle,1999,Tazawa,Effects of various radiant sources on plant growth (Part 1),Jpn. Agric. Res. Q.,,3 Photobiology / Spectra,Light_Quality_and_Photomorphogenesis,,,,high,collection-prior,0,,
ZJEUHWCP,journalArticle,2015,Tell et al.,Electromagnetic Fields Associated with Commercial Solar Photovoltaic Electric Power Generating Facilities,Journal of Occupational and Environmental Hygiene,y,5 Photovoltaics / 5.12 PV health risks,Permitting_and_Environmental_Assessment,,PV_Electrical_Design_and_Inverters,,high,content(6),6,PV_Electrical_Design_and_Inverters,https://doi.org/10.1080/15459624.2015.1047021
SQHBWECW,thesis,2018,ten Caat,Towards Energetic Circularity: greenhouse-supermarket-dwelling energy exchange,,y,0 Articles / 4 DLI and supplementary light,Lighting_Strategy_and_Control,,Building_Integrated_PV,#region/netherlands,medium,collection-prior,4,Building_Integrated_PV,https://repository.tudelft.nl/islandora/object/uuid%3Adaedc30c-2ac3-4abf-a967-2b97801bade6
ENYYX2E2,journalArticle,1995,Tennessen et al.,Efficiency of photosynthesis in continuous and pulsed light emitting diode irradiation,Photosynthesis Research,y,,Horticultural_Lighting,,Photosynthesis_and_Gas_Exchange,,high,content(9),9,Photosynthesis_and_Gas_Exchange,https://doi.org/10.1007/BF00048599
2V3ULR2I,journalArticle,2015,Teran et al.,AlGaAs Photovoltaics for Indoor Energy Harvesting in mm-Scale Wireless Sensor Nodes,IEEE Trans. Electron Devices,y,5 Photovoltaics / 5.3 PV systems design / 5.3.2 mini-PV for indoors,Indoor_PV_and_Energy_Harvesting,,PV_Cell_and_Module_Technologies,,high,"content-over-collection(PV_Cell_and_Module_Technologies -> Indoor_PV_and_Energy_Harvesting, 24)",24,PV_Cell_and_Module_Technologies,
3Z2ENN4U,conferencePaper,2014,Teran et al.,Indoor photovoltaic energy harvesting for mm-scale systems,,y,5 Photovoltaics / 5.3 PV systems design / 5.3.2 mini-PV for indoors,Indoor_PV_and_Energy_Harvesting,,PV_Cell_and_Module_Technologies,,high,"content-over-collection(PV_Cell_and_Module_Technologies -> Indoor_PV_and_Energy_Harvesting, 26)",26,PV_Cell_and_Module_Technologies,
6XHGVQTY,thesis,2016,Tesfay Abraham,"Degradation Evaluation of Grid- Connected PV Modules at Högskolan Dalarna Borlänge, Sweden",,y,5 Photovoltaics / 5.0 TÜV Mustergutachten,PV_Degradation_and_Reliability,,"PV_System_Performance, Solar_Radiation_Modelling",#region/sweden,medium,"content-over-collection(Solar_Radiation_Modelling -> PV_Degradation_and_Reliability, 6)",6,,http://www.diva-portal.org/smash/record.jsf?pid=diva2:970779
D7UBMWT6,bookSection,1999,Tevini,UV-effects on plants,Concepts in photobiology: Photosynthesis and photomorphogenesis,y,0 Articles / 3 Light shock,Photoinhibition_and_Light_Stress,,Photosynthesis_and_Gas_Exchange,,medium,collection-prior,5,Photosynthesis_and_Gas_Exchange,https://doi.org/10.1007/978-94-011-4832-0_19
9YIM5KG9,report,2009,"The Royal Swedish Academy of Agriculture and Forestry, KSLA",The Swedish Forestry Model,,,0 Articles / 1 Ligh Spectra and Light Intensity / Light spectra and field trial,Swedish_Forestry,,"Forest_Seedling_Production, Light_Quality_and_Photomorphogenesis",#region/sweden,medium,"content-over-collection(Light_Quality_and_Photomorphogenesis -> Swedish_Forestry, 6)",6,,http://www.ksla.se/wp-content/uploads/2010/10/The-Swedish-Forestry-Model.pdf
S3FHG7SB,journalArticle,2013,Thevenard & Pelland,Estimating the uncertainty in long-term photovoltaic yield predictions,Solar Energy,y,5 Photovoltaics / 5.4 PV Performance and Monitoring | 7 Statistics,PV_Degradation_and_Reliability,,"PV_Standards_and_Measurement, PV_System_Performance, Statistics_and_Data_Analysis",#project/msc-thesis/4-2,medium,"content-over-collection(PV_System_Performance -> PV_Degradation_and_Reliability, 8)",8,PV_Standards_and_Measurement,https://doi.org/10.1016/j.solener.2011.05.006
BALUKW4J,book,2010,Thevenard et al.,Uncertainty in long-term photovoltaic yield predictions,Natural Resources Canada,y,5 Photovoltaics / 5.4 PV Performance and Monitoring | 7 Statistics,PV_System_Performance,,"Permitting_and_Environmental_Assessment, Statistics_and_Data_Analysis",#project/msc-thesis/4-2,medium,collection-prior,4,Permitting_and_Environmental_Assessment,http://www.rncan.gc.ca/sites/www.nrcan.gc.ca/files/canmetenergy/files/pubs/2010-122.pdf
4BNVPYCI,journalArticle,2004,Thiffault,Stock type in intensive silviculture: A (short) discussion about roots and size,The Forestry Chronicle,y,1 Forestry / 2 Forest regeneration,Forest_Seedling_Production,,Forest_Regeneration,#project/course-reading,high,"content-over-collection(Forest_Regeneration -> Forest_Seedling_Production, 15)",15,Forest_Regeneration,https://doi.org/10.5558/tfc80463-4
NYUBDS2T,journalArticle,1983,Thimijan & Heins,"Photometric, radiometric, and quantum light units of measure: a review of procedures for interconversion",HortScience,,0 Articles / 4 DLI and supplementary light / 05 Greenhouse energy | 0 Articles / 5 Agrivoltacis / Energy calculation | 0 Articles / 1 Ligh Spectra and Light Intensity | 3 Photobiology / Spectra,Radiometry_and_Photometry,,"Lighting_Strategy_and_Control, Greenhouse_Horticulture, PAR_and_Spectral_Radiation",#project/light-model,medium,"content-over-collection(Greenhouse_Horticulture -> Radiometry_and_Photometry, 6)",6,,
GMQZHY3X,book,1996,Thomas & Vince-Prue,Photoperiodism in Plants,Elsevier,y,0 Articles / 2 Long night treatment,Photoperiod_and_Dormancy_Induction,,"Agriculture, Frost_Hardiness_and_Freezing_Tests",,high,content(6),6,Agriculture,
GJRBFGWP,webpage,,,Three steps to ensure efficient plant growth with LEDs,,y,2 Controlled Environment Agriculture / 2.2 Vertical Farming,Horticultural_Lighting,,Vertical_Farming_and_Urban_Agriculture,,high,"content-over-collection(Vertical_Farming_and_Urban_Agriculture -> Horticultural_Lighting, 9)",9,Light_Quality_and_Photomorphogenesis,www.hortidaily.com/article/6037203/three-steps-to-ensure-efficient-plant-growth-with-leds/
CEDLGB5R,journalArticle,2001,Tibshirani et al.,Estimating the number of clusters in a data set via the gap statistic,Journal of the Royal Statistical Society: Series B (Statistical Methodology),y,0 Articles / 6 Image and color analysis / Image analysis and Phenotyping,Statistics_and_Data_Analysis,,Plant_Phenotyping_and_Image_Analysis,,high,manual:gap statistic for cluster number,2,,https://doi.org/10.1111/1467-9868.00293
2I7EDLDR,journalArticle,2012,Tidblad,Atmospheric corrosion of metals in 2010–2039 and 2070–2099,Atmospheric Environment,y,5 Photovoltaics / 5.8 BOS materials,Site_Layout_and_Civil_Design,,Climate_Change,,high,content(6),6,Climate_Change,https://doi.org/10.1016/j.atmosenv.2012.02.081
CG9N6ZKE,journalArticle,2021,Tikkinen et al.,Covering Norway spruce container seedlings with reflective shading cloth during field storage affects seedling post-planting growth,New Forests,y,,Horticultural_Lighting,,Plant_Carbon_and_Water_Relations,#species/picea-abies #region/norway #region/finland,medium,content-weak(3),3,Plant_Carbon_and_Water_Relations,https://doi.org/10.1007/s11056-021-09876-9
ZSTNV3DV,journalArticle,2018,Tikkinen et al.,Development of Somatic Embryo Maturation and Growing Techniques of Norway Spruce Emblings towards Large-Scale Field Testing,Forests,y,1 Forestry / 3 Somatic embryos,Tree_Breeding_and_Propagation,,Forest_Seedling_Production,#species/picea-abies #region/norway #region/finland,high,content(9),9,Forest_Seedling_Production,https://doi.org/10.3390/f9060325
U5C5W6RJ,journalArticle,1979,Tinus,How to grow tree seedlings in containers in greenhouses,United States. Rocky Mountain Forest and Range Experiment Station. General technical report RM (USA). no. 60.,y,0 Articles / 2 Long night treatment | 3 Photobiology / LED for Plants,Forest_Seedling_Production,,"Frost_Hardiness_and_Freezing_Tests, Photoperiod_and_Dormancy_Induction, Horticultural_Lighting",,high,manual:growing container seedlings in greenhouses,4,Forest_Seedling_Production,http://agris.fao.org/agris-search/search.do?recordID=US19800578276
KDY3UNGK,journalArticle,1995,Tinus,A New Greenhouse Photoperiod Lighting System for Prevenction of Seedling Dormancy,Tree Planters' Notes 46 (1): 11-14; 1995.,y,0 Articles / 2 Long night treatment | 3 Photobiology / LED for Plants,Photoperiod_and_Dormancy_Induction,,"Horticultural_Lighting, Frost_Hardiness_and_Freezing_Tests",,high,content(12),12,Horticultural_Lighting,http://www.srs.fs.usda.gov/pubs/viewpub.php?index=2129
H5UTNSUZ,journalArticle,2002,Tinus et al.,Prevention of cold damage to container-grown longleaf pine roots,"In: Gen. Tech. Rep. SRS-56. Asheville, NC: US Department of Agriculture, Forest Service, Southern Research Station",y,0 Articles / 2 Long night treatment | 3 Photobiology / LED for Plants,Frost_Hardiness_and_Freezing_Tests,,"Photoperiod_and_Dormancy_Induction, Horticultural_Lighting",,medium,"content-over-collection(Photoperiod_and_Dormancy_Induction -> Frost_Hardiness_and_Freezing_Tests, 6)",6,Greenhouse_Horticulture,http://www.srs.fs.usda.gov/pubs/viewpub.php?index=5051
7EGAHEDE,book,2010,Tiwari & Dubey,Fundamentals of Photovoltaic Modules and their Applications,Royal Society of Chemistry,,5 Photovoltaics / 5.3 PV systems design,PV_Cell_and_Module_Technologies,,"PV_System_Performance, PV_Electrical_Design_and_Inverters",#project/msc-thesis,high,manual:fundamentals of PV modules,0,,http://www.amazon.de/dp/1849730202
QDNJBQA3,book,2003,Tiwari,Greenhouse Technology for Controlled Environment,Alpha Science,y,0 Articles / 5 Agrivoltacis / Energy calculation,Greenhouse_Horticulture,,"Solar_Radiation_Modelling, PAR_and_Spectral_Radiation",#project/light-model,high,manual:greenhouse technology textbook,4,Agriculture,
5G2EITU5,report,2016,Tjengdrawira et al.,Best Practice Guidelines for PV Cost Calculation - Accounting for Technical Risks and Assumptions in PV LCOE,,,5 Photovoltaics / 5.4 PV Performance and Monitoring,PV_Economics_and_LCA,,PV_System_Performance,#project/msc-thesis/4-2,medium,"content-over-collection(PV_System_Performance -> PV_Economics_and_LCA, 6)",6,,http://www.solarbankability.org/fileadmin/sites/www/files/documents/20161213_649997_Best_Practice_Guidelines_for_PV_Cost_Calculation_20161213.pdf
4W2JSLAJ,report,2016,Tjengdrawira & Richter,Review and Gap Analyses of Technical Assumptions in PV Electricity Cost - Report on Current Practices in How Technical Assumptions are Accounted in PV Investmen,,,5 Photovoltaics / 5.4 PV Performance and Monitoring,PV_System_Performance,,,#project/msc-thesis/4-2,high,collection-prior,0,,http://www.solarbankability.org/fileadmin/sites/www/files/documents/649997_SolarBankability_D3.1_v1.0p_20160727.pdf
D54VBFI4,journalArticle,2004,Tocquin & Périlleux,Design of a versatile device for measuring whole plant gas exchanges in Arabidopsis thaliana,New Phytol.,y,1 Forestry / 1.1 Seedling Performance / 1.1.2 Gas Ex. and Ch. F.,Photosynthesis_and_Gas_Exchange,,Chlorophyll_Fluorescence,,high,content(10),10,Solar_Radiation_Modelling,https://doi.org/10.1046/j.1469-8137.2004.01000.x
4KM9XGBM,journalArticle,1991,Toivonen et al.,Autumn colouration of first year  Pinus sylvestris  seedlings during frost hardening,Scandinavian Journal of Forest Research,y,0 Articles / 6 Image and color analysis / Image analysis and Phenotyping | 0 Articles / 3 Light shock,Plant_Phenotyping_and_Image_Analysis,,"Tree_Breeding_and_Propagation, Photoinhibition_and_Light_Stress",#species/pinus-sylvestris #region/finland #region/nordic,medium,collection-prior,3,Tree_Breeding_and_Propagation,https://doi.org/10.1080/02827589109382644
QY8MVIRG,journalArticle,2021,Toledo & Scognamiglio,"Agrivoltaic Systems Design and Assessment: A Critical Review, and a Descriptive Model towards a Sustainable Landscape Vision (Three-Dimensional Agrivoltaic Patt",Sustainability,y,0 Articles / 4 DLI and supplementary light / 05 Greenhouse energy | 0 Articles / 5 Agrivoltacis / Solar Greenhouse | 0 Articles / 5 Agrivoltacis,Agrivoltaics,,"PV_Greenhouses, Lighting_Strategy_and_Control, Greenhouse_Horticulture",,medium,"content-over-collection(Greenhouse_Horticulture -> Agrivoltaics, 6)",6,PV_Greenhouses,https://doi.org/10.3390/su13126871
YJWWRAH9,journalArticle,2007,Tomaszewski & Sievering,Canopy uptake of atmospheric N deposition at a conifer forest: Part II- response of chlorophyll fluorescence and gas exchange parameters,Tellus B Chem. Phys. Meteorol.,y,1 Forestry / 1.1 Seedling Performance / 1.1.2 Gas Ex. and Ch. F.,Chlorophyll_Fluorescence,,Photosynthesis_and_Gas_Exchange,,high,"content-over-collection(Photosynthesis_and_Gas_Exchange -> Chlorophyll_Fluorescence, 10)",10,Photosynthesis_and_Gas_Exchange,https://doi.org/10.1111/j.1600-0889.2007.00265.x
UHIJNFKI,report,2010,Torres & Lopez,Measuring daily light integral in a greenhouse,,,0 Articles / 1 Ligh Spectra and Light Intensity / Light Intensity and gas exchange / DLI | 0 Articles / 1 Ligh Spectra and Light Intensity / Light Intensity and gas exchange | 0 Articles / 4 DLI and supplementary light / 01 DLI,Lighting_Strategy_and_Control,,"Greenhouse_Horticulture, Photosynthesis_and_Gas_Exchange",,high,content(10),10,Greenhouse_Horticulture,https://www.extension.purdue.edu/extmedia/HO/HO-238-W.pdf
EQ42RK8E,journalArticle,2011,Torres & Lopez,Photosynthetic Daily Light Integral during Propagation of Tecoma stans Influences Seedling Rooting and Growth,HortScience,,0 Articles / 1 Ligh Spectra and Light Intensity / Light Intensity and gas exchange / DLI | 0 Articles / 4 DLI and supplementary light / 01 DLI,Lighting_Strategy_and_Control,,,,high,content(10),10,Forest_Seedling_Production,https://doi.org/10.21273/HORTSCI.46.2.282
8DMA46MS,journalArticle,1976,Torrey,Root Hormones and Plant Growth,Annual Review of Plant Physiology,,1 Forestry / 1.1 Seedling Performance / 1.1.3 RGC,Forest_Seedling_Production,,Forest_Regeneration,,high,collection-prior,0,,https://doi.org/10.1146/annurev.pp.27.060176.002251
9KYPQB8L,journalArticle,1998,Tovar et al.,One-minute global irradiance probability density distributions conditioned to the optical air mass,Solar Energy,y,4 Energy / 4.1 Solar Radiation | 4 Energy,Solar_Radiation_Modelling,,,,high,content(7),7,Statistics_and_Data_Analysis,https://doi.org/10.1016/S0038-092X(98)00035-8
7V4F42J9,journalArticle,2018,Tovar et al.,Raspberry Pi–powered imaging for plant phenotyping,Applications in Plant Sciences,y,0 Articles / 6 Image and color analysis / Image analysis and Phenotyping,Plant_Phenotyping_and_Image_Analysis,,,,high,content(9),9,Light_Quality_and_Photomorphogenesis,https://doi.org/10.1002/aps3.1031
KBP62DFJ,journalArticle,2017,Tran & Braun,"An Inexpensive, Easy-to-Use, and Highly Customizable Growth Chamber Optimized for Growing Large Plants",Current Protocols in Plant Biology,y,0 Articles / 6 Image and color analysis,Greenhouse_Horticulture,,Plant_Phenotyping_and_Image_Analysis,,high,manual:customizable growth chamber,4,,https://doi.org/10.1002/cppb.20059
Y3EHQ9AI,journalArticle,1987,Tregenza,Subdivision of the sky hemisphere for luminance measurements,Lighting Research & Technology - LIGHTING RES TECHNOL,y,0 Articles / 5 Agrivoltacis / Energy calculation,Solar_Radiation_Modelling,,PAR_and_Spectral_Radiation,#project/light-model,high,manual:Tregenza sky subdivision,3,,https://doi.org/10.1177/096032718701900103
SY87LAXU,newspaperArticle,2005,Tremlett,Spain's greenhouse effect: the shimmering sea of polythene consuming the land,The Guardian,y,2 Controlled Environment Agriculture,Greenhouse_Horticulture,,,,medium,content-weak(4),4,,http://www.theguardian.com/world/2005/sep/21/spain.gilestremlett
V6ZG7U96,report,2020,Trommsdorff et al.,Agrivoltaics: Opportunities for Agriculture and the Energy Transition,,,0 Articles / 5 Agrivoltacis,Agrivoltaics,,Energy_Transition_and_Scenarios,,high,content(6),6,Energy_Transition_and_Scenarios,https://www.ise.fraunhofer.de/content/dam/ise/en/documents/publications/studies/APV-Guideline.pdf
HNW7FZNA,journalArticle,2021,Trommsdorff et al.,Combining food and energy production: Design of an agrivoltaic system applied in arable and vegetable farming in Germany,Renewable and Sustainable Energy Reviews,y,0 Articles / 5 Agrivoltacis,Agrivoltaics,,Climate_Change,,high,content(9),9,Climate_Change,https://doi.org/10.1016/j.rser.2020.110694
6N6GE95C,journalArticle,,,Tropical Nursery Manual: A guide to starting and operating a nursery for native and traditional plants,,,1 Forestry / 2 Forest regeneration,Forest_Seedling_Production,,Forest_Regeneration,,medium,"content-over-collection(Forest_Regeneration -> Forest_Seedling_Production, 6)",6,,
9MQ246BB,journalArticle,2015,Troscianko & Stevens,"Image calibration and analysis toolbox – a free software suite for objectively measuring reflectance, colour and pattern",Methods in Ecology and Evolution,y,0 Articles / 6 Image and color analysis / Image analysis and Phenotyping | 0 Articles / 6 Image and color analysis / Photobox,Plant_Phenotyping_and_Image_Analysis,,Horticultural_Lighting,,high,"manual:image calibration toolbox, not PV measurement",6,Horticultural_Lighting,https://doi.org/10.1111/2041-210X.12439
D923G8J5,journalArticle,2017,Trotta,Bayesian Methods in Cosmology,"arXiv:1701.01467 [astro-ph, stat]",y,7 Statistics,Statistics_and_Data_Analysis,,,,high,content(7),7,PV_System_Performance,http://arxiv.org/abs/1701.01467
9RXV98NE,journalArticle,2016,Trouwborst et al.,Plasticity of photosynthesis after the ‘red light syndrome’ in cucumber,Environmental and Experimental Botany,y,0 Articles / 3 Light shock,Photosynthesis_and_Gas_Exchange,,"Chlorophyll_Fluorescence, Photoinhibition_and_Light_Stress",,high,"content-over-collection(Photoinhibition_and_Light_Stress -> Photosynthesis_and_Gas_Exchange, 16)",16,Chlorophyll_Fluorescence,https://doi.org/10.1016/j.envexpbot.2015.05.002
J7GFF6HX,conferencePaper,2006,Tsuno et al.,Translation Equations for Temperature and Irradiance of the I-V Curves of Various PV Cells and Modules,,y,5 Photovoltaics / 5.5 PV Losses / 5.5.5 Thermal effects,PV_System_Performance,,,,medium,collection-prior,4,PV_System_Performance,https://doi.org/10.1109/WCPEC.2006.279619
NNSLYY7B,journalArticle,2014,Tubiello et al.,"Agriculture, forestry and other land use emissions by sources and removals by sinks","Statistics Division, Food and Agriculture Organization, Rome",y,2 Controlled Environment Agriculture / 2.2 Vertical Farming | 2 Controlled Environment Agriculture,Vertical_Farming_and_Urban_Agriculture,,,,medium,collection-prior,3,Greenhouse_Horticulture,http://www.fao.org/docrep/019/i3671e/i3671e.pdf
M32SVQ5Z,journalArticle,1988,Tuller & Peterson,The solar radiation environment of greenhouse-grown douglas-fir seedlings,Agricultural and Forest Meteorology,y,0 Articles / 4 DLI and supplementary light,PAR_and_Spectral_Radiation,,"Greenhouse_Horticulture, Lighting_Strategy_and_Control",,medium,"content-over-collection(Lighting_Strategy_and_Control -> PAR_and_Spectral_Radiation, 6)",6,Greenhouse_Horticulture,https://doi.org/10.1016/0168-1923(88)90034-2
PALCRGPH,journalArticle,1999,Turunen et al.,The effects of UV exclusion on the soluble phenolics of young Scots pine seedlings in the subarctic,Environmental Pollution,y,0 Articles / 3 Light shock,Photoinhibition_and_Light_Stress,,Photosynthesis_and_Gas_Exchange,#species/pinus-sylvestris #region/finland,medium,collection-prior,3,Forest_Seedling_Production,https://doi.org/10.1016/S0269-7491(99)00070-6
8RSQ8Z64,journalArticle,1999,Turunen et al.,UV screening in lodgepole pine ( Pinus contorta  ssp.  latifolia ) cotyledons and needles,International Journal of Plant Sciences,y,0 Articles / 3 Light shock,Photoinhibition_and_Light_Stress,,Photosynthesis_and_Gas_Exchange,#species/pinus-contorta,high,collection-prior,4,Forest_Seedling_Production,https://doi.org/10.1086/314125
6JJHYDPR,journalArticle,1988,Twetman,Production and use of containerised seedlings in Sweden.,Irish Forestry Journal,,0 Articles / 2 Long night treatment,Forest_Seedling_Production,,"Frost_Hardiness_and_Freezing_Tests, Photoperiod_and_Dormancy_Induction",#region/sweden,medium,"content-over-collection(Photoperiod_and_Dormancy_Induction -> Forest_Seedling_Production, 8)",8,,
7DURF7XL,journalArticle,2017,Ueda et al.,Color quantization method based on principal component analysis and linear discriminant analysis for palette-based image generation,Optical Review,y,0 Articles / 6 Image and color analysis,Plant_Phenotyping_and_Image_Analysis,,,,medium,collection-prior,1,,https://doi.org/10.1007/s10043-017-0376-1
7CD4EQ8S,journalArticle,2015,United Nations,"World Population Prospects: The 2015 Revision, Key Findings and Advance Tables",,,4 Energy / Water and population | 2 Controlled Environment Agriculture | 4 Energy,Unsorted,,"Climate_Change, Agriculture",#needs-topic,high,collection-prior,0,,http://esa.un.org/unpd/wpp/Publications/Files/Key_Findings_WPP_2015.pdf
IELTCRMT,journalArticle,2012,Ureña-Sánchez et al.,Greenhouse tomato production with electricity generation by roof-mounted flexible solar panels,Scientia Agricola,y,0 Articles / 5 Agrivoltacis / Solar Greenhouse | 2 Controlled Environment Agriculture / 2.1 Greenhouses and Growth chambers | 2 Controlled Environment Agriculture,Building_Integrated_PV,,"Greenhouse_Horticulture, Agrivoltaics, PV_Greenhouses",,medium,"content-over-collection(PV_Greenhouses -> Building_Integrated_PV, 6)",6,Greenhouse_Horticulture,https://doi.org/10.1590/S0103-90162012000400001
Y3EC6ATV,journalArticle,2016,Urrestarazu et al.,Effect of the Spectral Quality and Intensity of Light-emitting Diodes on Several Horticultural Crops,HortScience,y,0 Articles / 1 Ligh Spectra and Light Intensity / Light Intensity and gas exchange | 3 Photobiology / LED for Plants | 3 Photobiology / Spectra,Horticultural_Lighting,,"Light_Quality_and_Photomorphogenesis, Photosynthesis_and_Gas_Exchange",#crop/lettuce #crop/tomato,high,"content-over-collection(Photosynthesis_and_Gas_Exchange -> Horticultural_Lighting, 9)",9,Light_Quality_and_Photomorphogenesis,http://hortsci.ashspublications.org/content/51/3/268.abstract
SBQQJS9J,conferencePaper,2006,Vaaßen et al.,Bewertung des Schwachlichtverhaltens einzelner PV-Module durch Vergleich von Langzeitmessungen unter natürlichem Licht mit Messungen unter dem Sonnensimulator,TÜV Immissionsschutz und Energiesysteme GmbH,,5 Photovoltaics / 5.5 PV Losses / 5.5.4 Low light,PV_Shading_and_Mismatch,,PV_Cell_and_Module_Technologies,,high,collection-prior,0,,http://www.sev-bayern.de/content/downloads/schwachlicht.pdf
9IMG297Q,journalArticle,2016,Vadiee et al.,Energy analysis of solar blind system concept using energy system modelling,Solar Energy,y,0 Articles / 4 DLI and supplementary light / 01 DLI / Supplementary light control,Lighting_Strategy_and_Control,,Greenhouse_Horticulture,,medium,collection-prior,5,Solar_Radiation_Modelling,https://doi.org/10.1016/j.solener.2016.09.039
8BC4A373,journalArticle,2013,Vadiee & Martin,Energy analysis and thermoeconomic assessment of the closed greenhouse – The largest commercial solar building,Appl. Energy,y,0 Articles / 5 Agrivoltacis / Solar Greenhouse | 0 Articles / 4 DLI and supplementary light | 2 Controlled Environment Agriculture / 2.1 Greenhouses and Growth chambers | 2 Controlled Environment Agriculture,Greenhouse_Horticulture,,"Energy_Storage, Agrivoltaics, PV_Greenhouses",,medium,"content-over-collection(PV_Greenhouses -> Greenhouse_Horticulture, 7)",7,Energy_Storage,https://doi.org/10.1016/j.apenergy.2012.06.051
KDCYXE2A,thesis,2013,Vadiee,Energy Management in Large scale Solar Buildings : The Closed Greenhouse Concept,,y,2 Controlled Environment Agriculture / 2.1 Greenhouses and Growth chambers | 2 Controlled Environment Agriculture,Greenhouse_Horticulture,,,,high,collection-prior,4,,http://kth.diva-portal.org/smash/record.jsf?pid=diva2%3A646622&dswid=-8524
VQP9EYYA,journalArticle,2014,Vadiee & Martin,Energy management strategies for commercial greenhouses,Applied Energy,y,0 Articles / 4 DLI and supplementary light,Greenhouse_Horticulture,,"PV_Economics_and_LCA, Lighting_Strategy_and_Control",#region/nordic,high,"content-over-collection(Lighting_Strategy_and_Control -> Greenhouse_Horticulture, 10)",10,PV_Economics_and_LCA,https://doi.org/10.1016/j.apenergy.2013.08.089
V3SFPF5Y,journalArticle,2014,Vadiee & Martin,Solar Blind System- Solar Energy Utilization and Climate Mitigation in Glassed Buildings,Energy Procedia,y,0 Articles / 4 DLI and supplementary light / 01 DLI / Supplementary light control,Greenhouse_Horticulture,,"Energy_Storage, Lighting_Strategy_and_Control",,medium,"content-over-collection(Lighting_Strategy_and_Control -> Greenhouse_Horticulture, 8)",8,Energy_Storage,https://doi.org/10.1016/j.egypro.2014.10.067
387JS6TT,webpage,,,Val av trädslag och föryngringsmetod,,y,1 Forestry / 2 Forest regeneration,Forest_Regeneration,,,#species/picea-abies,high,content(6),6,,https://www.skogskunskap.se:443/rakna-med-verktyg/foryngring/val-av-tradslag-och-foryngringsmetod/
MWF5M8DP,journalArticle,2020,Välimäki et al.,Production of Norway spruce embryos in a temporary immersion system (TIS),In Vitro Cellular & Developmental Biology - Plant,y,1 Forestry / 3 Somatic embryos,Tree_Breeding_and_Propagation,,Forest_Seedling_Production,#species/picea-abies #region/norway,high,collection-prior,3,Greenhouse_Horticulture,https://doi.org/10.1007/s11627-020-10068-x
FHK92QEC,journalArticle,2010,Vallejo et al.,CGS based solar cells with In2S3 buffer layer deposited by CBD and coevaporation,Braz. J. Phys.,,5 Photovoltaics / 5.2 PV components / 5.2.1 PV cells and modules,Thin_Film_Solar_Cells,,PV_Cell_and_Module_Technologies,,high,"content-over-collection(PV_Cell_and_Module_Technologies -> Thin_Film_Solar_Cells, 14)",14,PV_Cell_and_Module_Technologies,https://doi.org/10.1590/S0103-97332010000100006
Q8CCZLZ3,document,2017,Valoya,Cannabis Cultivation with LED - Solution Guide,,,99 Other,Horticultural_Lighting,,,#needs-topic,high,content(6),6,,http://www.valoya.com/wp-content/uploads/2017/05/Cannabis-Solution-Guide-2017.1.pdf
ZERBH4JT,report,,Valoya Oy,Cannabis Cultivation with LED - Solution guide,,,2 Controlled Environment Agriculture / 2.2 Vertical Farming,Horticultural_Lighting,,Vertical_Farming_and_Urban_Agriculture,,medium,"content-over-collection(Vertical_Farming_and_Urban_Agriculture -> Horticultural_Lighting, 6)",6,,http://www.valoya.com/wp-content/uploads/2019/01/Cannabis-Solution-Guide-2019.1.pdf
KEXWABFH,journalArticle,2016,Valoya,Valoya Lighting Guide,,,6 Thesis / Material and equipment used,Horticultural_Lighting,,,#project/thesis,high,content(6),6,,http://www.valoya.com/brochures?task=document.viewdoc&id=257
RKH7JAY7,journalArticle,2016,Valoya,Valoya Product Brochure,,,0 Articles / 1 Ligh Spectra and Light Intensity / Light spectra and field trial | 6 Thesis / Material and equipment used,Horticultural_Lighting,,"Forest_Seedling_Production, Light_Quality_and_Photomorphogenesis",#project/thesis,medium,"content-over-collection(Light_Quality_and_Photomorphogenesis -> Horticultural_Lighting, 6)",6,,http://www.valoya.com/products
7YF82VZD,journalArticle,2017,Van Delm et al.,Overcoming climatic limitations: cultivation systems and winter production under assimilation lighting resulting in year-round strawberries,Acta Horticulturae,,,Greenhouse_Horticulture,,Lighting_Strategy_and_Control,,medium,content-weak(4),4,Lighting_Strategy_and_Control,https://doi.org/10.17660/ActaHortic.2017.1156.77
92FUJ6KB,journalArticle,1970,Van den Driessche,Influence of light intensity and photoperiod on frost-hardiness development in Douglas-fir seedlings,Canadian Journal of Botany,y,0 Articles / 1 Ligh Spectra and Light Intensity / Light spectra and field trial / R:FR | 0 Articles / 2 Long night treatment,Photoperiod_and_Dormancy_Induction,,Light_Quality_and_Photomorphogenesis,,medium,"content-over-collection(Light_Quality_and_Photomorphogenesis -> Photoperiod_and_Dormancy_Induction, 6)",6,Light_Quality_and_Photomorphogenesis,https://doi.org/10.1139/b70-308
82QGMTP5,journalArticle,1976,Van den Driessche,Prediction of cold hardiness in Douglas fir seedlings by index of injury and conductivity methods,Can. J. For. Res.,y,1 Forestry / 1.1 Seedling Performance,Frost_Hardiness_and_Freezing_Tests,,"PAR_and_Spectral_Radiation, Forest_Seedling_Production",,medium,"content-over-collection(Forest_Seedling_Production -> Frost_Hardiness_and_Freezing_Tests, 6)",6,PAR_and_Spectral_Radiation,https://doi.org/10.1139/x76-070
JBDLRDR4,journalArticle,2018,van der Meer et al.,"Probabilistic forecasting of electricity consumption, photovoltaic power generation and net demand of an individual building using Gaussian Processes",Applied Energy,y,5 Photovoltaics / 5.9 PV forescasting,PV_Forecasting_and_Ramp_Control,,"Statistics_and_Data_Analysis, PV_System_Performance",,high,content(6),6,Statistics_and_Data_Analysis,https://doi.org/10.1016/j.apenergy.2017.12.104
ZL7ZBT4Y,journalArticle,2018,van der Meer et al.,Review on probabilistic forecasting of photovoltaic power production and electricity consumption,Renewable and Sustainable Energy Reviews,y,5 Photovoltaics / 5.9 PV forescasting,PV_Forecasting_and_Ramp_Control,,PV_System_Performance,,high,content(6),6,Solar_Radiation_Modelling,https://doi.org/10.1016/j.rser.2017.05.212
N7Z8X5UY,journalArticle,2017,van Iersel & Gianino,An Adaptive Control Approach for Light-emitting Diode Lights Can Reduce the Energy Costs of Supplemental Lighting in Greenhouses,HortScience,,0 Articles / 4 DLI and supplementary light / 01 DLI / Supplementary light control | 0 Articles / 4 DLI and supplementary light / 02 Dynamic control,Horticultural_Lighting,,"Lighting_Strategy_and_Control, Greenhouse_Horticulture",#project/light-model,medium,"content-over-collection(Lighting_Strategy_and_Control -> Horticultural_Lighting, 6)",6,Lighting_Strategy_and_Control,https://doi.org/10.21273/HORTSCI11385-16
9S256AJB,journalArticle,2016,van Iersel et al.,A Chlorophyll Fluorescence-based Biofeedback System to Control Photosynthetic Lighting in Controlled Environment Agriculture,J. Am. Soc. Hortic. Sci.,y,0 Articles / 4 DLI and supplementary light / 01 DLI / Supplementary light control | 1 Forestry / 1.1 Seedling Performance / 1.1.2 Gas Ex. and Ch. F. | 0 Articles / 1 Ligh Spectra and Light Intensity | 3 Photobiology / LED for Plants | 3 Photobiology / Spectra,Chlorophyll_Fluorescence,,"Photoinhibition_and_Light_Stress, Greenhouse_Horticulture, Lighting_Strategy_and_Control",,high,"content-over-collection(Lighting_Strategy_and_Control -> Chlorophyll_Fluorescence, 10)",10,Photoinhibition_and_Light_Stress,http://journal.ashspublications.org/content/141/2/169.abstract
9LUXEC3K,bookSection,2017,van Iersel,Optimizing LED Lighting in Controlled Environment Agriculture,Light Emitting Diodes for Agriculture: Smart Lighting,y,0 Articles / 4 DLI and supplementary light / 02 Dynamic control,Horticultural_Lighting,,"Chlorophyll_Fluorescence, Greenhouse_Horticulture, Lighting_Strategy_and_Control",,medium,"content-over-collection(Lighting_Strategy_and_Control -> Horticultural_Lighting, 6)",6,Chlorophyll_Fluorescence,https://doi.org/10.1007/978-981-10-5807-3_4
VRQ3MCUY,journalArticle,1997,van Schalkwijk et al.,Dependence of diffuse light blocking on the ground cover ratio for stationary PV arrays,Solar Energy,y,5 Photovoltaics / 5.5 PV Losses / 5.5.4 Low light,PV_Shading_and_Mismatch,,PV_Cell_and_Module_Technologies,#region/netherlands,medium,collection-prior,3,PV_System_Performance,https://doi.org/10.1016/S0038-092X(97)00083-2
JIDBBRMF,journalArticle,2011,Vanthoor et al.,"A methodology for model-based greenhouse design: Part 1, a greenhouse climate model for a broad range of designs and climates",Biosystems Engineering,y,0 Articles / 5 Agrivoltacis / Energy calculation,Greenhouse_Horticulture,,"Solar_Radiation_Modelling, PAR_and_Spectral_Radiation",,high,"content-over-collection(PAR_and_Spectral_Radiation -> Greenhouse_Horticulture, 10)",10,,https://doi.org/10.1016/j.biosystemseng.2011.06.001
3JAXH2LM,webpage,,,Våra plantskolor,,y,0 Articles / 4 DLI and supplementary light,Forest_Seedling_Production,,Lighting_Strategy_and_Control,,medium,"content-over-collection(Lighting_Strategy_and_Control -> Forest_Seedling_Production, 6)",6,,https://www.sca.com/sv/om-oss/Detta-ar-sca/vara-verksamheter/vara-verksamheter/norrplant/vara-plantskolor/
TZGEX2FD,journalArticle,1986,Varela et al.,Optical properties of co-evaporated CuInSe2 thin films,J. Phys. D Appl. Phys.,y,5 Photovoltaics / 5.2 PV components / 5.2.1 PV cells and modules,Thin_Film_Solar_Cells,,PV_Cell_and_Module_Technologies,,high,"content-over-collection(PV_Cell_and_Module_Technologies -> Thin_Film_Solar_Cells, 16)",16,PV_Cell_and_Module_Technologies,https://doi.org/10.1088/0022-3727/19/1/017
6PYHMYTE,journalArticle,2012,Vaux et al.,Replicates and repeats - what is the difference and is it significant? A brief discussion of statistics and experimental design,EMBO Rep.,,7 Statistics,Statistics_and_Data_Analysis,,,,high,content(8),8,,https://doi.org/10.1038/embor.2012.36
GRGRZGC6,journalArticle,1994,Verlinden et al.,7000 high-eficiency cells for a dream,Prog. Photovoltaics Res. Appl.,y,5 Photovoltaics / 5.2 PV components / 5.2.1 PV cells and modules,PV_Cell_and_Module_Technologies,,,,high,collection-prior,5,,https://doi.org/10.1002/pip.4670020209
U9YZMK5X,webpage,,,Vet du vad som gäller när du installerar solceller på taket?,,y,5 Photovoltaics / 5.1 PV general data / 5.1.2 PV-Sweden,PV_Electrical_Design_and_Inverters,,PV_in_Nordic_Climates,#region/sweden #project/msc-thesis/4-14,high,manual:Elsäkerhetsverket rooftop installation rules,0,,http://www.elsakerhetsverket.se/om-oss/publikationer/nyhetsbrevet-aktuellt/aktuellt-2015/nyhetsbrevet-aktuellt-nummer-4-2015/vet-du-vad-som-galler-nar-du-installerar-solceller-pa-taket/
NDPSVVUU,journalArticle,1991,Vidaver et al.,A manual for the use of variable chlorophyll fluorescence in the assessment of the ecophysiology of conifer seedlings,,y,0 Articles / 2 Long night treatment,Chlorophyll_Fluorescence,,"Frost_Hardiness_and_Freezing_Tests, Photoperiod_and_Dormancy_Induction",,high,"content-over-collection(Photoperiod_and_Dormancy_Induction -> Chlorophyll_Fluorescence, 10)",10,Forest_Seedling_Production,https://cfs.nrcan.gc.ca/publications?id=3655
LCJCCD82,journalArticle,2018,Vindel et al.,Modeling Photosynthetically Active Radiation from Satellite-Derived Estimations over Mainland Spain,Remote Sensing,y,0 Articles / 4 DLI and supplementary light / 01 DLI / Supplementary light control,PAR_and_Spectral_Radiation,,"Solar_Radiation_Modelling, Greenhouse_Horticulture, Lighting_Strategy_and_Control",,medium,"content-over-collection(Lighting_Strategy_and_Control -> PAR_and_Spectral_Radiation, 6)",6,Solar_Radiation_Modelling,https://doi.org/10.3390/rs10060849
898W6TIR,journalArticle,2016,Vivacqua et al.,Analysis of Augmented Unreplicated Factorial Designs Repeated in Time,Quality and Reliability Engineering International,y,7 Statistics,Statistics_and_Data_Analysis,,PV_Degradation_and_Reliability,,medium,collection-prior,3,PV_Degradation_and_Reliability,https://doi.org/10.1002/qre.1796
25SVKMQ2,journalArticle,1998,Vogg et al.,Frost hardening and photosynthetic performance of Scots pine ( Pinus sylvestris  L.) needles. I. Seasonal changes in the photosynthetic apparatus and its functi,Planta,y,0 Articles / 2 Long night treatment,Frost_Hardiness_and_Freezing_Tests,,Photoperiod_and_Dormancy_Induction,#species/pinus-sylvestris,high,manual:frost hardening and photosynthesis in pine,5,Photoperiod_and_Dormancy_Induction,http://www.jstor.org/stable/23385227
2ZAM3S95,report,2016,von Armansperg et al.,Financial Modelling of PV Risks - Financial Modelling of Technical Risks in PV Projects,,,5 Photovoltaics / 5.4 PV Performance and Monitoring,PV_System_Performance,,,#project/msc-thesis/4-2,high,collection-prior,0,,http://www.solarbankability.org/fileadmin/sites/www/files/documents/D4.2_Report_on_Financial_Modelling_of_PV_Risks_SB-Final_160930.pdf
KWQSWYRT,report,2017,von Armansperg et al.,Technical Bankability Guidelines - Recommendations to Enhance Technical Quality of existing and new PV Investments,,,5 Photovoltaics / 5.4 PV Performance and Monitoring,PV_System_Performance,,,#project/msc-thesis/4-2,high,collection-prior,0,,http://www.solarbankability.org/fileadmin/sites/www/files/documents/D4.3_Technical_Bankability_Guidelines_Final-SB_Website_170215.pdf
A5WL4V57,journalArticle,2000,von Elsner et al.,"Review of Structural and Functional Characteristics of Greenhouses in European Union Countries: Part I, Design Requirements",Journal of Agricultural Engineering Research,y,0 Articles / 4 DLI and supplementary light / 05 Greenhouse energy | 0 Articles / 5 Agrivoltacis / Energy calculation,Greenhouse_Horticulture,,"Lighting_Strategy_and_Control, PAR_and_Spectral_Radiation",#project/light-model,high,collection-prior,4,,https://doi.org/10.1006/jaer.1999.0502
86AJK6KF,journalArticle,2000,von Elsner et al.,"Review of Structural and Functional Characteristics of Greenhouses in European Union Countries, Part II: Typical Designs",Journal of Agricultural Engineering Research,y,0 Articles / 4 DLI and supplementary light / 05 Greenhouse energy | 0 Articles / 5 Agrivoltacis / Energy calculation,Greenhouse_Horticulture,,"Lighting_Strategy_and_Control, PAR_and_Spectral_Radiation",#project/light-model,high,collection-prior,4,,https://doi.org/10.1006/jaer.1999.0512
BMRNZGTD,journalArticle,2011,von Toussaint,Bayesian inference in physics,Reviews of Modern Physics,y,7 Statistics,Statistics_and_Data_Analysis,,,,high,content(9),9,,https://doi.org/10.1103/RevModPhys.83.943
CXQPQNMD,bookSection,2011,von Zabeltitz,Light Transmittance of Greenhouses,"Integrated Greenhouse Systems for Mild Climates: Climate Conditions, Design, Construction, Maintenance, Climate Control",y,0 Articles / 4 DLI and supplementary light / 05 Greenhouse energy | 0 Articles / 5 Agrivoltacis / Energy calculation,Greenhouse_Horticulture,,"Lighting_Strategy_and_Control, PAR_and_Spectral_Radiation",#project/light-model,high,collection-prior,4,Solar_Radiation_Modelling,https://doi.org/10.1007/978-3-642-14582-7_6
9B35E8CL,bookSection,2006,W. Adams et al.,Energy Dissipation and Photoinhibition: A Continuum of Photoprotection,"Photoprotection, Photoinhibition, Gene Regulation, and Environment",,3 Photobiology / Spectra,Photoinhibition_and_Light_Stress,,Light_Quality_and_Photomorphogenesis,,high,"content-over-collection(Light_Quality_and_Photomorphogenesis -> Photoinhibition_and_Light_Stress, 12)",12,,http://link.springer.com/chapter/10.1007/1-4020-3579-9_5
7RRL2MZW,journalArticle,2013,Wacker & Holick,Sunlight and Vitamin D,Dermato-endocrinology,y,99 Other,Unsorted,,,#needs-topic,low,no-signal,0,,https://doi.org/10.4161/derm.24494
7BLPSG8B,journalArticle,2009,Wadia et al.,Materials Availability Expands the Opportunity for Large-Scale Photovoltaics Deployment,Environ. Sci. Technol.,y,5 Photovoltaics / 5.2 PV components / 5.2.1 PV cells and modules,PV_Cell_and_Module_Technologies,,,,high,content(8),8,PV_Degradation_and_Reliability,https://doi.org/10.1021/es8019534
ZTABB4UP,report,2015,Wagner,International Fuel Prices 2014,,,4 Energy / Water and population | 4 Energy,Unsorted,,"Climate_Change, Agriculture",#needs-topic,high,collection-prior,0,,https://www.giz.de/fachexpertise/downloads/giz-2015-en-ifp2014(1).pdf
HVX53644,journalArticle,1997,Wagner et al.,Measured light transmissivity in three greenhouses,Paper-American Society of Agricultural Engineers,,0 Articles / 5 Agrivoltacis / Energy calculation,PAR_and_Spectral_Radiation,,Solar_Radiation_Modelling,#project/light-model,medium,collection-prior,4,,
43V8S8JD,book,2010,Wagner,"Photovoltaik Engineering: Handbuch für Planung, Entwicklung und Anwendung",Springer,,5 Photovoltaics / 5.3 PV systems design,PV_Electrical_Design_and_Inverters,,PV_System_Performance,#project/msc-thesis,high,collection-prior,0,,http://www.amazon.com/dp/354030732X
JEQ4WTSV,book,1999,Wagner,Photovoltaik engineering: die Methode der effektiven Solarzellen-Kennlinie,Springer,,5 Photovoltaics / 5.3 PV systems design,PV_Electrical_Design_and_Inverters,,PV_System_Performance,#project/msc-thesis,high,collection-prior,0,,
ZR3LZS5H,journalArticle,2015,Wahlström & Hårsman,Residential energy consumption and conservation,Energy and Buildings,y,0 Articles / 5 Agrivoltacis / Energy calculation,Building_Integrated_PV,,"Solar_Radiation_Modelling, PAR_and_Spectral_Radiation",#project/light-model #region/sweden,high,manual:residential energy certificates and conservation,1,,https://doi.org/10.1016/j.enbuild.2015.05.008
YU97DY2I,journalArticle,2016,Wallace & Both,Evaluating operating characteristics of light sources for horticultural applications,Acta Horticulturae,,,Horticultural_Lighting,,,,medium,content-weak(4),4,,https://doi.org/10.17660/ActaHortic.2016.1134.55
3CXJADMU,journalArticle,2018,Wallertz et al.,"Comparison of different site preparation techniques: quality of planting spots, seedling growth and pine weevil damage",New Forests,y,1 Forestry / 2 Forest regeneration,Forest_Regeneration,,Forest_Damage_and_Herbivory,#project/course-reading #species/picea-abies #region/norway,high,content(8),8,Forest_Damage_and_Herbivory,https://doi.org/10.1007/s11056-018-9634-8
DDHMZWB9,journalArticle,2016,Wallertz et al.,Effects of planting time on pine weevil (Hylobius abietis) damage to Norway spruce seedlings,Scandinavian Journal of Forest Research,y,0 Articles / 4 DLI and supplementary light,Forest_Damage_and_Herbivory,,"Statistics_and_Data_Analysis, Lighting_Strategy_and_Control",#species/picea-abies #region/sweden #region/norway #region/nordic,medium,"content-over-collection(Lighting_Strategy_and_Control -> Forest_Damage_and_Herbivory, 6)",6,Statistics_and_Data_Analysis,https://doi.org/10.1080/02827581.2015.1125523
RUPTV5EV,book,,Wallertz,Pine weevil feeding in Scots pine and Norway spruce regenerations,,y,1 Forestry / 2 Forest regeneration,Forest_Regeneration,,Forest_Damage_and_Herbivory,#species/picea-abies #species/pinus-sylvestris #region/norway,high,content(8),8,Forest_Damage_and_Herbivory,
37ENEG8W,journalArticle,2014,Wallgren et al.,"Effects of timing, duration, and intensity of simulated browsing on Scots pine growth and stem quality",Scandinavian Journal of Forest Research,y,1 Forestry / 2 Forest regeneration,Forest_Damage_and_Herbivory,,Forest_Regeneration,#species/pinus-sylvestris #region/nordic,high,"content-over-collection(Forest_Regeneration -> Forest_Damage_and_Herbivory, 9)",9,,https://doi.org/10.1080/02827581.2014.960896
Z7P2WZRG,journalArticle,2019,Wallin et al.,Evaluating methods for storability assessment and determination of vitality status of container grown Norway spruce transplants after frozen storage,Scandinavian Journal of Forest Research,y,0 Articles / 2 Long night treatment,Forest_Seedling_Production,,"Frost_Hardiness_and_Freezing_Tests, Photoperiod_and_Dormancy_Induction",#species/picea-abies #region/sweden #region/norway #region/nordic,high,"content-over-collection(Photoperiod_and_Dormancy_Induction -> Forest_Seedling_Production, 13)",13,Frost_Hardiness_and_Freezing_Tests,https://doi.org/10.1080/02827581.2019.1622036
XGFGN3I6,thesis,2018,Wallin,From growth cessation to bud burst : conifer seedling development in response to nursery culture and environmental stimuli,,y,0 Articles / 2 Long night treatment,Forest_Seedling_Production,,"Photoperiod_and_Dormancy_Induction, Frost_Hardiness_and_Freezing_Tests",#region/sweden,high,"content-over-collection(Photoperiod_and_Dormancy_Induction -> Forest_Seedling_Production, 11)",11,Photoperiod_and_Dormancy_Induction,http://urn.kb.se/resolve?urn=urn:nbn:se:du-27443
XQDQS8L8,magazineArticle,2020,Wallin et al.,Långnattsbehandling av gran - stoppar höjdtillväxten och påskyndar invintringen,PLANTskolan,,0 Articles / 5 Agrivoltacis / Energy calculation,Photoperiod_and_Dormancy_Induction,,"Solar_Radiation_Modelling, PAR_and_Spectral_Radiation",#project/light-model #species/picea-abies,high,manual:long-night treatment of spruce,3,,
KPV9VYDE,journalArticle,2017,Wallin et al.,Short-day photoperiods affect expression of genes related to dormancy and freezing tolerance in Norway spruce seedlings,Annals of Forest Science,y,0 Articles / 2 Long night treatment,Photoperiod_and_Dormancy_Induction,,Frost_Hardiness_and_Freezing_Tests,#species/picea-abies #region/norway,high,content(15),15,Frost_Hardiness_and_Freezing_Tests,https://doi.org/10.1007/s13595-017-0655-9
T7EF87AY,journalArticle,2015,Walter et al.,Plant phenotyping: from bean weighing to image analysis,Plant Methods,y,0 Articles / 6 Image and color analysis / Image analysis and Phenotyping,Plant_Phenotyping_and_Image_Analysis,,,,high,content(16),16,PV_System_Performance,https://doi.org/10.1186/s13007-015-0056-8
2P4BF7N5,journalArticle,1993,Walters et al.,"Growth, biomass distribution and CO 2  exchange of northern hardwood seedlings in high and low light: relationships with successional status and shade tolerance",Oecologia,y,0 Articles / 1 Ligh Spectra and Light Intensity / Light Intensity and gas exchange / G.Ex - Light response curves,Photosynthesis_and_Gas_Exchange,,,#species/betula,high,collection-prior,4,Forest_Seedling_Production,https://doi.org/10.1007/BF00317294
R3ZGNHMC,journalArticle,1993,Walters et al.,"Relative growth rate in relation to physiological and morphological traits for northern hardwood tree seedlings: species, light environment and ontogenetic cons",Oecologia,y,0 Articles / 1 Ligh Spectra and Light Intensity / Light Intensity and gas exchange / G.Ex - Light response curves,Photosynthesis_and_Gas_Exchange,,PAR_and_Spectral_Radiation,#species/betula,high,collection-prior,4,PAR_and_Spectral_Radiation,https://doi.org/10.1007/BF00317735
X8TP4XI6,journalArticle,2011,Wang & Hsu,An investigation on partial shading of PV modules with different connection configurations of PV cells,Energy,y,5 Photovoltaics / 5.5 PV Losses / 5.5.2 Shading losses,PV_Shading_and_Mismatch,,,,high,content(6),6,PV_System_Performance,https://doi.org/10.1016/j.energy.2011.02.052
JQP66XZZ,journalArticle,1956,Wareing,Photoperiodism in Woody Plants,Annual Review of Plant Physiology,,0 Articles / 2 Long night treatment,Photoperiod_and_Dormancy_Induction,,Frost_Hardiness_and_Freezing_Tests,,high,content(6),6,,https://doi.org/10.1146/annurev.pp.07.060156.001203
2T9KJYKS,journalArticle,2018,Watson et al.,Simulation of greenhouse energy use: an application of energy informatics,Energy Informatics,y,0 Articles / 4 DLI and supplementary light / 01 DLI / Supplementary light control,Greenhouse_Horticulture,,Lighting_Strategy_and_Control,,high,"content-over-collection(Lighting_Strategy_and_Control -> Greenhouse_Horticulture, 10)",10,Lighting_Strategy_and_Control,https://doi.org/10.1007/s42162-018-0005-7
4IZEBMJ6,journalArticle,2011,Webb et al.,Know Your Standard: Clarifying the CIE Erythema Action Spectrum,Photochemistry and Photobiology,y,3 Photobiology / UV,Radiometry_and_Photometry,,Light_Quality_and_Photomorphogenesis,,medium,"content-over-collection(Light_Quality_and_Photomorphogenesis -> Radiometry_and_Photometry, 6)",6,PV_Standards_and_Measurement,https://doi.org/10.1111/j.1751-1097.2010.00871.x
2R5Z4MQ6,journalArticle,2012,Weddell et al.,Photovoltaic Sample-and-Hold Circuit Enabling MPPT Indoors for Low-Power Systems,IEEE Trans. Circuits Syst. I Regul. Pap.,y,5 Photovoltaics / 5.4 PV Performance and Monitoring,Indoor_PV_and_Energy_Harvesting,,"PV_Electrical_Design_and_Inverters, PV_System_Performance",#project/msc-thesis/4-2,high,"content-over-collection(PV_System_Performance -> Indoor_PV_and_Energy_Harvesting, 12)",12,PV_Electrical_Design_and_Inverters,https://doi.org/10.1109/TCSI.2011.2173393
PUC67ZE3,journalArticle,1970,Weiser,Cold Resistance and Injury in Woody Plants: Knowledge of hardy plant adaptations to freezing stress may help us to reduce winter damage,"Science (New York, N.Y.)",y,0 Articles / 2 Long night treatment,Frost_Hardiness_and_Freezing_Tests,,Photoperiod_and_Dormancy_Induction,,high,"content-over-collection(Photoperiod_and_Dormancy_Induction -> Frost_Hardiness_and_Freezing_Tests, 9)",9,Photoperiod_and_Dormancy_Induction,https://doi.org/10.1126/science.169.3952.1269
BNCDHSFZ,journalArticle,2015,Weissgerber et al.,Beyond Bar and Line Graphs: Time for a New Data Presentation Paradigm,PLOS Biology,y,7 Statistics,Statistics_and_Data_Analysis,,,,high,collection-prior,1,,https://doi.org/10.1371/journal.pbio.1002128
HF7QG2H7,journalArticle,2019,Weller & Westneat,Quantitative color profiling of digital images with earth mover’s distance using the R package colordistance,PeerJ,y,0 Articles / 6 Image and color analysis / Image analysis and Phenotyping,Plant_Phenotyping_and_Image_Analysis,,Radiometry_and_Photometry,,high,collection-prior,5,Radiometry_and_Photometry,https://doi.org/10.7717/peerj.6398
AM56AYEC,patent,,,Lighting system and sensor array for growing plants,,,0 Articles / 4 DLI and supplementary light / 01 DLI / Supplementary light control | 0 Articles / 5 Agrivoltacis / Energy calculation,Lighting_Strategy_and_Control,,"Greenhouse_Horticulture, PAR_and_Spectral_Radiation",#project/light-model,medium,collection-prior,3,Light_Quality_and_Photomorphogenesis,https://patents.google.com/patent/US20180317398A1/en
JJGCZ487,book,2006,Wenham et al.,Applied Photovoltaics,Taylor & Francis Ltd.,,5 Photovoltaics / 5.3 PV systems design,PV_Cell_and_Module_Technologies,,"PV_System_Performance, PV_Electrical_Design_and_Inverters",#project/msc-thesis,high,"manual:Applied Photovoltaics, cell-to-system",0,,
92TYKDCX,report,2016,Wennström et al.,Produktion av frö och plantor : Skogsskötselserien del 2,,y,0 Articles / 2 Long night treatment | 1 Forestry / 2 Forest regeneration,Forest_Seedling_Production,,"Frost_Hardiness_and_Freezing_Tests, Photoperiod_and_Dormancy_Induction, Forest_Regeneration",,high,manual:seed and plant production handbook,0,,http://urn.kb.se/resolve?urn=urn:nbn:se:du-5320
BN7PXHLL,journalArticle,2019,Weselek et al.,"Agrophotovoltaic systems: applications, challenges, and opportunities. A review",Agronomy for Sustainable Development,y,0 Articles / 4 DLI and supplementary light,Lighting_Strategy_and_Control,,Agrivoltaics,,medium,collection-prior,3,Agrivoltaics,https://doi.org/10.1007/s13593-019-0581-3
Z6FIRRPY,journalArticle,1995,Westin et al.,Seasonal variation in photochemical activity and hardiness in clones of Norway spruce ( Picea abies ),Tree Physiology,y,0 Articles / 2 Long night treatment,Tree_Breeding_and_Propagation,,"Chlorophyll_Fluorescence, Frost_Hardiness_and_Freezing_Tests, Photoperiod_and_Dormancy_Induction",#species/picea-abies #region/norway,medium,"content-over-collection(Photoperiod_and_Dormancy_Induction -> Tree_Breeding_and_Propagation, 6)",6,Chlorophyll_Fluorescence,https://doi.org/10.1093/treephys/15.10.685
RCTTYGGA,newspaperArticle,2010,Wetzel,"Neues Windrad wird so hoch wie der ""Maintower""",Welt Online,y,4 Energy / 1.4 Wind energy in forest,Energy_Transition_and_Scenarios,,Swedish_Forestry,,high,collection-prior,0,,http://www.welt.de/wissenschaft/article8793775/Neues-Windrad-wird-so-hoch-wie-der-Maintower.html
RV769VEY,report,2016,Whaley,Best Practices in Photovoltaic System Operations and Maintenance: 2nd Edition,,y,5 Photovoltaics / 5.3 PV systems design | 5 Photovoltaics / 5.4 PV Performance and Monitoring,PV_Degradation_and_Reliability,,"PV_System_Performance, PV_Electrical_Design_and_Inverters",,high,manual:NREL O&M best practices,0,,http://www.osti.gov/scitech/biblio/1336898
T4JJP2NY,report,2003,Wheeler,Crop Production for Advanced Life Support Systems - Observations From the Kennedy Space Center Breadboard Project,,y,2 Controlled Environment Agriculture,Horticultural_Lighting,,Photosynthesis_and_Gas_Exchange,,medium,content-weak(3),3,Photosynthesis_and_Gas_Exchange,https://ntrs.nasa.gov/search.jsp?R=20030032422
4AJJ5E9D,journalArticle,1999,White & Critchley,Rapid light curves: a new fluorescence method to assess the state of the photosynthetic apparatus,Photosynth. Res.,,1 Forestry / 1.1 Seedling Performance / 1.1.2 Gas Ex. and Ch. F.,Photosynthesis_and_Gas_Exchange,,Chlorophyll_Fluorescence,,medium,collection-prior,4,Photosynthesis_and_Gas_Exchange,
X8YXSHBL,journalArticle,2001,Whitfield & Osterwald,Procedure for determining the uncertainty of photovoltaic module outdoor electrical performance,Prog. Photovoltaics Res. Appl.,y,5 Photovoltaics / 5.0 TÜV Mustergutachten | 7 Statistics,PV_Standards_and_Measurement,,"PV_System_Performance, Solar_Radiation_Modelling, Statistics_and_Data_Analysis",,high,"content-over-collection(Solar_Radiation_Modelling -> PV_Standards_and_Measurement, 15)",15,PV_System_Performance,https://doi.org/10.1002/pip.356
7KT9GCNW,computerProgram,2020,,dplyr: A Grammar of Data Manipulation,,y,0 Articles / 4 DLI and supplementary light / 06 Data,R,,,#type/tool,high,content(6),6,,https://CRAN.R-project.org/package=dplyr
BVR3HJDS,computerProgram,2021,,ggplot2: Create Elegant Data Visualisations Using the Grammar of Graphics,,y,0 Articles / 4 DLI and supplementary light / 06 Data,R,,,#type/tool,high,content(6),6,Statistics_and_Data_Analysis,https://CRAN.R-project.org/package=ggplot2
R4N8BLTD,book,2009,Wickham,ggplot2: Elegant Graphics for Data Analysis,Springer-Verlag New York,,0 Articles / 4 DLI and supplementary light / 06 Data | 7 Statistics,R,,Statistics_and_Data_Analysis,,medium,"content-over-collection(Statistics_and_Data_Analysis -> R, 6)",6,,http://ggplot2.org
E3IE7WII,journalArticle,2014,Wickham,Tidy data,Journal of Statistical Software,,7 Statistics,Statistics_and_Data_Analysis,,,,high,collection-prior,1,,
TG6PH5I9,journalArticle,2019,Wickham et al.,Welcome to the Tidyverse,Journal of Open Source Software,y,0 Articles / 4 DLI and supplementary light / 06 Data,R,,,,high,content(6),6,,https://doi.org/10.21105/joss.01686
NQQV9QGF,book,2019,Widén & Munkhammar,Solar Radiation Theory,Uppsala University,y,4 Energy / 4.1 Solar Radiation | 4 Energy,Solar_Radiation_Modelling,,,,high,collection-prior,4,,http://urn.kb.se/resolve?urn=urn:nbn:se:uu:diva-381852
JE93MU3Q,encyclopediaArticle,2015,Wikipedia contributors,PI curve,,y,1 Forestry / 1.1 Seedling Performance / 1.1.1 Photosynthesis,Photosynthesis_and_Gas_Exchange,,Forest_Seedling_Production,,high,collection-prior,4,Solar_Radiation_Modelling,https://en.wikipedia.org/w/index.php?title=PI_curve&oldid=675830236
PVD662IM,journalArticle,1952,Wilde & Voigt,Determination of Color of Nursery Stock Foliage By Means of Munsell Color Charts,Journal of Forestry,y,0 Articles / 6 Image and color analysis / Image analysis and Phenotyping,Forest_Seedling_Production,,Plant_Phenotyping_and_Image_Analysis,,medium,"content-over-collection(Plant_Phenotyping_and_Image_Analysis -> Forest_Seedling_Production, 6)",6,,https://doi.org/10.1093/jof/50.8.622
8QKITRKP,book,2012,"Wilde, S. A. & Voigt",Munsell Plant Tissue Color Book,Munsell Color,y,0 Articles / 6 Image and color analysis,Plant_Phenotyping_and_Image_Analysis,,,,high,collection-prior,0,,
335SC8N5,report,2013,Wilfried et al.,Good agricultural practices for greenhouse vegetable crops: principles for mediterranean climate areas,,y,2 Controlled Environment Agriculture / 2.1 Greenhouses and Growth chambers | 2 Controlled Environment Agriculture,Greenhouse_Horticulture,,,,high,collection-prior,4,,http://www.fao.org/publications/card/en/c/5da49d8f-7113-5b05-bc5c-d07f13686f4f/
9XIB2WAY,journalArticle,2012,Wilson & Jacobs,Chlorophyll fluorescence of stem cambial tissue reflects dormancy development in Juglans nigra seedlings,New Forests,y,1 Forestry / 1.1 Seedling Performance | 3 Photobiology / Spectra,Chlorophyll_Fluorescence,,"Photoperiod_and_Dormancy_Induction, Forest_Seedling_Production, Light_Quality_and_Photomorphogenesis",,high,"content-over-collection(Forest_Seedling_Production -> Chlorophyll_Fluorescence, 10)",10,Photoperiod_and_Dormancy_Induction,https://doi.org/10.1007/s11056-012-9334-8
Q6GMWHVR,book,2012,Winter & Witte,Wirtschaftlichkeitsanalyse des Photovoltaik-Repowering: Ersatzinvestition einer bestehenden Anlage,Shaker,,5 Photovoltaics / 5.7 PV Repowering,PV_Economics_and_LCA,,,,high,content(12),12,,
QD9PKRRZ,bookSection,2011,Wiser et al.,Wind Energy,IPCC Special Report on Renewable Energy Sources and Climate Change Mitigation,,4 Energy / 1.4 Wind energy in forest,Energy_Transition_and_Scenarios,,"Climate_Change, Swedish_Forestry",,high,content(6),6,Climate_Change,
8ZFMGZBR,journalArticle,1947,Withrow & Withrow,Plant Growth with Artificial Sources of Radiant Energy,Plant Physiol.,y,3 Photobiology / Spectra,Light_Quality_and_Photomorphogenesis,,,,high,collection-prior,0,,http://www.ncbi.nlm.nih.gov/pmc/articles/PMC405889/
6UKWPFTT,journalArticle,2014,Witte et al.,Substitution of the CdS buffer layer in CIGS thin-film solar cells,Vak. Forsch. Prax.,y,5 Photovoltaics / 5.2 PV components / 5.2.1 PV cells and modules,Thin_Film_Solar_Cells,,PV_Cell_and_Module_Technologies,,high,"content-over-collection(PV_Cell_and_Module_Technologies -> Thin_Film_Solar_Cells, 28)",28,PV_Cell_and_Module_Technologies,https://doi.org/10.1002/vipr.201400546
JHX8VGDV,book,2008,Wmo,Guide to Meteorological Instruments and Methods of Observation,World Meteorological Organization,,0 Articles / 5 Agrivoltacis / Energy calculation | 7 Statistics,PAR_and_Spectral_Radiation,,"Solar_Radiation_Modelling, Statistics_and_Data_Analysis",#project/light-model,high,collection-prior,0,,http://www.wmo.int/pages/prog/gcos/documents/gruanmanuals/CIMO/CIMO_Guide-7th_Edition-2008.pdf
LIRHVQDH,conferencePaper,2013,Wohlgemuth et al.,Discoloration of PV encapsulants,,y,5 Photovoltaics / 5.5 PV Losses / 5.5.3 Degradation,PV_Degradation_and_Reliability,,PV_Cell_and_Module_Technologies,,high,content(6),6,PV_Cell_and_Module_Technologies,https://doi.org/10.1109/PVSC.2013.6745147
QPDP5CHC,conferencePaper,2012,Wohlgemuth,Standards for PV modules and components-Recent developments and challenges,nrel.gov,y,5 Photovoltaics / 5.3 PV systems design / 5.3.1 PV Standards,PV_Standards_and_Measurement,,,#project/msc-thesis/4-1,high,collection-prior,0,,http://www.nrel.gov/docs/fy13osti/56531.pdf
ETP3ZJSR,thesis,2008,Wolosin,"El Milagro De Almeria, Espana: A Political Ecology of Landscape Change and Greenhouse Agriculture",,y,2 Controlled Environment Agriculture / 2.1 Greenhouses and Growth chambers | 2 Controlled Environment Agriculture,Greenhouse_Horticulture,,Horticultural_Lighting,,high,collection-prior,4,Horticultural_Lighting,http://scholarworks.umt.edu/etd/366/
H6YLIP3L,conferencePaper,2013,Woyte et al.,Monitoring of Photovoltaic Systems: Good Practices and Systematic Analysis,,y,5 Photovoltaics / 5.4 PV Performance and Monitoring,PV_System_Performance,,Statistics_and_Data_Analysis,#project/msc-thesis/4-2,high,content(8),8,Statistics_and_Data_Analysis,https://doi.org/10.4229/28thEUPVSEC2013-5CO.6.1
FNUUNIL6,journalArticle,2003,Woyte et al.,Partial shadowing of photovoltaic arrays with different system configurations: literature review and field test results,Solar Energy,y,5 Photovoltaics / 5.5 PV Losses / 5.5.2 Shading losses,PV_System_Performance,,"PV_Electrical_Design_and_Inverters, PV_Shading_and_Mismatch",,medium,"content-over-collection(PV_Shading_and_Mismatch -> PV_System_Performance, 6)",6,PV_Electrical_Design_and_Inverters,https://doi.org/10.1016/S0038-092X(03)00155-5
FAG7KCJ9,journalArticle,2020,Wu et al.,Comparison and perspective of conventional and LED lighting for photobiology and industry applications,Environmental and Experimental Botany,y,0 Articles / 4 DLI and supplementary light / 01 DLI / Supplementary light control,Horticultural_Lighting,,"PV_Degradation_and_Reliability, Greenhouse_Horticulture, Lighting_Strategy_and_Control",,high,"content-over-collection(Lighting_Strategy_and_Control -> Horticultural_Lighting, 9)",9,PV_Degradation_and_Reliability,https://doi.org/10.1016/j.envexpbot.2019.103953
KMK89DIF,journalArticle,2012,Wuerz et al.,CIGS thin-film solar cells and modules on enamelled steel substrates,Solar Energy Materials and Solar Cells,y,5 Photovoltaics / 5.2 PV components / 5.2.1 PV cells and modules,Thin_Film_Solar_Cells,,PV_Cell_and_Module_Technologies,,high,manual:CIGS on enamelled steel,19,Thin_Film_Solar_Cells,https://doi.org/10.1016/j.solmat.2012.01.004
MKE3LAQZ,conferencePaper,2016,Xu,Seven dimensions of light in regulating plant growth,,,,Unsorted,,,#needs-topic,low,no-signal,0,,
DCZRS7P6,journalArticle,2019,Yamashita & Yoshimura,Estimation of Global and Diffuse Photosynthetic Photon Flux Density under Various Sky Conditions Using Ground-Based Whole-Sky Images,Remote Sensing,y,0 Articles / 4 DLI and supplementary light / 01 DLI,PAR_and_Spectral_Radiation,,"Solar_Radiation_Modelling, Lighting_Strategy_and_Control",,high,"content-over-collection(Lighting_Strategy_and_Control -> PAR_and_Spectral_Radiation, 15)",15,Solar_Radiation_Modelling,https://doi.org/10.3390/rs11080932
Z4JKMT55,journalArticle,2020,Yang et al.,Potential analysis of roof-mounted solar photovoltaics in Sweden,Applied Energy,y,,Building_Integrated_PV,,,#region/sweden,high,content(6),6,,https://doi.org/10.1016/j.apenergy.2020.115786
Z3ZDKZRY,journalArticle,2009,Yano et al.,Electrical energy generated by photovoltaic modules mounted inside the roof of a north–south oriented greenhouse,Biosystems Eng.,y,0 Articles / 5 Agrivoltacis / Solar Greenhouse | 0 Articles / 5 Agrivoltacis | 2 Controlled Environment Agriculture / 2.1 Greenhouses and Growth chambers | 2 Controlled Environment Agriculture,PV_Greenhouses,,"Building_Integrated_PV, Greenhouse_Horticulture, Agrivoltaics",,medium,collection-prior,4,Building_Integrated_PV,https://doi.org/10.1016/j.biosystemseng.2009.02.020
URSGJSNF,journalArticle,2019,Yano & Cossu,Energy sustainable greenhouse crop cultivation using photovoltaic technologies,Renewable and Sustainable Energy Reviews,y,0 Articles / 4 DLI and supplementary light | 0 Articles / 5 Agrivoltacis,PV_Greenhouses,,"Greenhouse_Horticulture, Lighting_Strategy_and_Control, Agrivoltaics",,medium,"content-over-collection(Lighting_Strategy_and_Control -> PV_Greenhouses, 6)",6,Greenhouse_Horticulture,https://doi.org/10.1016/j.rser.2019.04.026
DSM5RFAS,journalArticle,2012,Yano & Fujiwara,Plant lighting system with five wavelength-band light-emitting diodes providing photon flux density and mixing ratio control,Plant Methods,y,0 Articles / 1 Ligh Spectra and Light Intensity / Light Intensity and gas exchange | 0 Articles / 1 Ligh Spectra and Light Intensity | 3 Photobiology / LED for Plants,Light_Quality_and_Photomorphogenesis,,"Horticultural_Lighting, Photosynthesis_and_Gas_Exchange",,medium,"content-over-collection(Photosynthesis_and_Gas_Exchange -> Light_Quality_and_Photomorphogenesis, 8)",8,Horticultural_Lighting,https://doi.org/10.1186/1746-4811-8-46
B79S2JUD,journalArticle,2014,Yano et al.,Prototype semi-transparent photovoltaic modules for greenhouse roof applications,Biosystems Eng.,y,0 Articles / 5 Agrivoltacis / Solar Greenhouse | 5 Photovoltaics / 5.2 PV components / 5.2.3 Bifacial | 0 Articles / 4 DLI and supplementary light | 2 Controlled Environment Agriculture / 2.1 Greenhouses and Growth chambers | 2 Controlled Environment Agriculture,PV_Greenhouses,,"Bifacial_PV_and_Albedo, Greenhouse_Horticulture, Agrivoltaics",,high,content(6),6,Bifacial_PV_and_Albedo,https://doi.org/10.1016/j.biosystemseng.2014.04.003
FYT5K7BC,journalArticle,2010,Yano et al.,Shading and electrical features of a photovoltaic array mounted inside the roof of an east–west oriented greenhouse,Biosystems Engineering,y,0 Articles / 5 Agrivoltacis,Agrivoltaics,,,,medium,collection-prior,4,,https://doi.org/10.1016/j.biosystemseng.2010.04.007
3MKJQ7CH,journalArticle,2009,Yeh & Chung,High-brightness LEDs—Energy efficient lighting sources and their potential in indoor plant cultivation,Renewable Sustainable Energy Rev.,y,0 Articles / 1 Ligh Spectra and Light Intensity / Light Intensity and gas exchange | 3 Photobiology / LED for Plants | 3 Photobiology / Spectra,Horticultural_Lighting,,"Light_Quality_and_Photomorphogenesis, Photosynthesis_and_Gas_Exchange",,medium,"content-over-collection(Photosynthesis_and_Gas_Exchange -> Horticultural_Lighting, 8)",8,Greenhouse_Horticulture,https://doi.org/10.1016/j.rser.2009.01.027
T9ZYQXB8,journalArticle,2004,Yoon et al.,"Characterization of a molybdenum electrode deposited by sputtering and its effect on Cu (In, Ga) Se2 solar cells",JOURNAL-KOREAN PHYSICAL SOCIETY,,5 Photovoltaics / 5.2 PV components / 5.2.1 PV cells and modules,Thin_Film_Solar_Cells,,PV_Cell_and_Module_Technologies,,high,"content-over-collection(PV_Cell_and_Module_Technologies -> Thin_Film_Solar_Cells, 10)",10,PV_Cell_and_Module_Technologies,
FVP89BV8,journalArticle,2016,Zahedi & Rahimi,3-D color histogram equalization by principal component analysis,Journal of Visual Communication and Image Representation,y,0 Articles / 6 Image and color analysis,Plant_Phenotyping_and_Image_Analysis,,,,high,collection-prior,0,,https://doi.org/10.1016/j.jvcir.2016.05.002
JG6R4SJG,journalArticle,2023,Zainali et al.,Direct and diffuse shading factors modelling for the most representative agrivoltaic system layouts,Applied Energy,y,5 Photovoltaics / 5.3 PV systems design / 5.3.3 Agrivoltaics,Agrivoltaics,,PAR_and_Spectral_Radiation,,high,content(6),6,PAR_and_Spectral_Radiation,https://doi.org/10.1016/j.apenergy.2023.120981
AAU8RKHF,webpage,2015,Zephyr Project,Zephyr Project,,,2 Controlled Environment Agriculture / 2.4 Zephyr Project,Forest_Seedling_Production,,Horticultural_Lighting,#project/zephyr,high,collection-prior,0,,http://www.zephyr-project.eu/
EH7PMHXH,blogPost,,,Zero-Inflated Poisson Regression | R Data Analysis Examples,,y,7 Statistics,Statistics_and_Data_Analysis,,,,high,collection-prior,4,,https://stats.idre.ucla.edu/r/dae/zip/
ZBJ3TEGD,journalArticle,2013,Zetland & Gasson,"A global survey of urban water tariffs: are they sustainable, efficient and fair?",Int. J. Water Resour. Dev.,y,4 Energy / Water and population | 4 Energy,Urban_Planning,,"Climate_Change, Agriculture",#needs-topic,medium,"content-over-collection(Unsorted -> Urban_Planning, 6)",6,Statistics_and_Data_Analysis,https://doi.org/10.1080/07900627.2012.721672
8VPU4B7W,journalArticle,2013,Zhang & Dang,CO 2  elevation improves photosynthetic performance in progressive warming environment in white birch seedlings,F1000Res.,,1 Forestry / 1.1 Seedling Performance / 1.1.2 Gas Ex. and Ch. F.,Photosynthesis_and_Gas_Exchange,,Chlorophyll_Fluorescence,#species/betula,medium,collection-prior,2,PV_System_Performance,https://doi.org/10.12688/f1000research.2-13.v1
5UQSITV9,journalArticle,2006,Zhang & Dang,Effects of carbon dioxide concentration and nutrition on photosynthetic functions of white birch seedlings,Tree Physiol.,,1 Forestry / 1.1 Seedling Performance / 1.1.2 Gas Ex. and Ch. F.,Photosynthesis_and_Gas_Exchange,,Chlorophyll_Fluorescence,#species/betula,medium,collection-prior,2,Photosynthesis_and_Gas_Exchange,
M9LLWMEC,journalArticle,1998,Zhang et al.,A phenomenological model for systematization and prediction of doping limits in II--VI and I--III--VI2 compounds,J. Appl. Phys.,y,5 Photovoltaics / 5.2 PV components / 5.2.1 PV cells and modules,Thin_Film_Solar_Cells,,PV_Cell_and_Module_Technologies,,high,manual:doping limits in II-VI and I-III-VI2,4,,
H3IZHHBV,journalArticle,2003,Zhang et al.,Quantification of additive response and stationarity of frost hardiness by photoperiod and temperature in Scots pine,Canadian Journal of Forest Research,y,0 Articles / 2 Long night treatment,Frost_Hardiness_and_Freezing_Tests,,Photoperiod_and_Dormancy_Induction,#species/pinus-sylvestris,medium,"content-over-collection(Photoperiod_and_Dormancy_Induction -> Frost_Hardiness_and_Freezing_Tests, 6)",6,Photoperiod_and_Dormancy_Induction,https://doi.org/10.1139/x03-100
AH6AFD6A,journalArticle,2021,Zhang et al.,Solar greenhouse innovative structure,AIP Conference Proceedings,,0 Articles / 5 Agrivoltacis,PV_Greenhouses,,"Greenhouse_Horticulture, Agrivoltaics",,medium,"content-over-collection(Agrivoltaics -> PV_Greenhouses, 6)",6,Greenhouse_Horticulture,https://doi.org/10.1063/5.0055427
G82KZGPY,journalArticle,2020,Zhen & Bugbee,Substituting Far-Red for Traditionally Defined Photosynthetic Photons Results in Equal Canopy Quantum Yield for CO2 Fixation and Increased Photon Capture During,Frontiers in Plant Science,y,0 Articles / 1 Ligh Spectra and Light Intensity,Light_Quality_and_Photomorphogenesis,,"Photosynthesis_and_Gas_Exchange, Horticultural_Lighting",,high,content(10),10,Photosynthesis_and_Gas_Exchange,https://doi.org/10.3389/fpls.2020.581156
YD37NR3V,journalArticle,2021,Zhen et al.,Why Far-Red Photons Should Be Included in the Definition of Photosynthetic Photons and the Measurement of Horticultural Fixture Efficacy,Frontiers in Plant Science,,0 Articles / 1 Ligh Spectra and Light Intensity,Horticultural_Lighting,,Light_Quality_and_Photomorphogenesis,,medium,"content-over-collection(Light_Quality_and_Photomorphogenesis -> Horticultural_Lighting, 6)",6,Light_Quality_and_Photomorphogenesis,https://doi.org/10.3389/fpls.2021.693445
VGNXARSQ,journalArticle,2008,Zhu et al.,What is the maximum efficiency with which photosynthesis can convert solar energy into biomass?,Curr. Opin. Biotechnol.,y,3 Photobiology / Spectra,Light_Quality_and_Photomorphogenesis,,Plant_Carbon_and_Water_Relations,,medium,collection-prior,3,Plant_Carbon_and_Water_Relations,https://doi.org/10.1016/j.copbio.2008.02.004
DUYGXM47,thesis,2011,Zinßer,Jahresenergieerträge unterschiedlicher Photovoltaik-Technologien bei verschiedenen klimatischen Bedingungen,,,5 Photovoltaics / 5.0 TÜV Mustergutachten | 5 Photovoltaics / 5.4 PV Performance and Monitoring,PV_System_Performance,,Solar_Radiation_Modelling,,high,manual:annual yields of different PV technologies,0,,http://elib.uni-stuttgart.de/opus/volltexte/2011/6288/pdf/Dissertation_Zinsser_ipe_Uni_Stuttgart_2010.pdf
